name,address,latitude,longitude,category,zone
AfricaWorks Lagos @ Victoria Island (VI),"16 Idowu Martins St, Eti-Osa, Victoria Island 124774, Lagos",6.4339977,3.4205686,coworking_space,A
EridanSpace Ikeja Lagos,"The Philippi Centre, Oluwalogbon House, Plot A Obafemi Awolowo Wy, Alausa, Ikeja",6.6132921,3.3545898,coworking_space,A
Agos Executive Business Lounge,"54b Adeniyi Jones, Oba Akran, Ikeja 101233, Lagos",6.6125652,3.3458567,coworking_space,A
989 Workspaces Ikeja,"43 Sobo Arobiodu Street Ikeja, Lagos 100212",6.5772527,3.3561108,coworking_space,A
Cranium One,"Plot 1 Towry Cl, Eti-Osa, Lagos 106104, Lagos",6.426286,3.412068,coworking_space,A
Lagos Innovates Center,"H8P4+32J, Rafiu Jafojo Park, Shasha Road, Ajako Bustop Alimosho, Lagos 100272",6.5852015,3.3050178,coworking_space,A
Coworkstyle Limited,"15 Ihuntayi Road, Oniru, Eti Osa 101241, Lagos",6.4295545,3.4448275,coworking_space,A
SpaceUnlimited Workspace,"76, Mobolaji Bank Anthony Way (Anthony Agbodji Office Complex, 1st floor left wing Ikeja, Lagos 100211, Lagos",6.5939715,3.3437175,coworking_space,A
SpaceUnlimited GRA,"14 Ayo Rosiji Cres, off Oduduwa Way, Ikeja, Lagos 100271, Lagos",6.5725574,3.3502632,coworking_space,A
989 Workspaces - Landmark Boulevard,"Landmark Village, Water Corporation Road, Oniru, VI, Lagos 106104, Lagos",6.4232533,3.4457543,coworking_space,A
Workcentral Alaka Estate Hub | Surulere | Lagos,"5 Alh. Tokan St, Alaka, Lagos 101283, Lagos",6.4925704,3.3636549,coworking_space,A
iCreative Writers Hub,"3 Emmanuel Onoji Cres, off Olokonla Road, Eti-Osa, Lagos 106104, Lagos",6.4732231,3.6101021,coworking_space,A
theBUNKer Yaba,"279 Herbert Macaulay Wy, Yaba, Lagos 101245, Lagos",6.5007182,3.377628,coworking_space,A
HUB30 Coworking Space,"29, 204 Road, 2nd Ave, Festac Town, Lagos 102312",6.4628383,3.2934209,coworking_space,A
Workcity Africa,"Workcity, Plot 1, Maruwa Bus Stop, 128 Remi Olowude St, Lekki Phase 1, Lagos 105102, Lagos",6.4298268,3.4689061,coworking_space,A
Hot-Desking by Cr8tive Workspace,"Shopping Mall, D22 Adeniran Ogunsanya St, Surulere, Lagos 000234, Lagos",6.4911014,3.3566864,coworking_space,A
The Nest Innovation Technology Park,"1A Hughes Ave, Yaba, Lagos 101212, Lagos",6.4992962,3.3766976,coworking_space,A
Workstation,"Lagos NG, 350 - 360 Ikorodu Rd, Maryland, Ikeja 100211",6.5666447,3.3670074,coworking_space,A
MusterPoint CoWorking Space,"Plot 49 Wemco Rd, Ogba, Ikeja 101233, Lagos",6.6316296,3.348881,coworking_space,A
Ajegunle Co-Working Hub,"101 Kirikiri Road, Opp Mobil Filling Station, Wilmer Bus stop, Apapa, Lagos 100211",6.4483597,3.3345696,coworking_space,A
989 Workspaces Standard Chartered Building Ahmadu Bello Way,"142 Ahmadu Bello Wy, Victoria Island, Lagos 101222, Lagos",6.4278921,3.4092542,coworking_space,A
TyWorkSpace,"17 Ibikunle St, Yaba, Lagos 100001, Lagos",6.5140461,3.3769924,coworking_space,A
OFFICE 33,"12D Wole Ariyo St, Lekki Phase 1, Lagos 105102, Lagos",6.4427536,3.4587236,coworking_space,A
The Workshop Arcade,"Plot 1, Banex Mall, Akiogun Rd, Oniru, Lekki 101243, Lagos",6.4329562,3.4570212,coworking_space,A
V8 Valley - Workspace,"7b Dr. S. Ezekuse Cl, Lekki Phase 1, Lagos 106104, Lagos",6.4508274,3.4722096,coworking_space,A
Glendale Workspaces,"4 Babatope Bejide Cres, Lekki Phase I, Lagos 106104, Lagos",6.4432793,3.4740538,coworking_space,A
EMERGEHub,"4 Ayanboye Street, Off Faramobi Ajike St, Anthony, Lagos",6.5622372,3.3697469,coworking_space,A
The Space Hq,"1 Bunmi Olowude Street Eti osa, Maruwa, Lekki Phase 1, Lagos",6.4289387,3.4674752,coworking_space,A
Cr8tivebox Co-Working Space,"Shopping Mall, E10 Adeniran Ogunsanya St, Surulere, Surelere 000234, Lagos",6.4910725,3.3566868,coworking_space,A
989 Workspaces Oniru,"Plot 120 Bosun Adekoya, New Market Road, Eti-Osa, Lagos 101222",6.4261252,3.4594119,coworking_space,A
TOPAS Hub,"2 Alh. Tokan St, Alaka, Lagos 101241, Lagos",6.4930448,3.3639719,coworking_space,A
TCS Business Hub,"Suite C213 and C214 Akord Shopping Mall, Bogije, Elemoro, Lagos 101283, Lagos",6.4761199,3.7569158,coworking_space,A
Venia Business Hub,"Plot 8 The Providence St, Lekki Phase I, Lekki 106104, Lagos",6.4311824,3.4629115,coworking_space,A
Ican-BOI Tech Hub,"82 Murtala Muhammed Way, Yaba, Lagos 100001, Lagos",6.4836251,3.3828691,coworking_space,A
ThinkSpace Coworking Space by Four Points Lagos,"Plot 9/10, Chieftaincy Estate, Block 2 Oniru Rd, Victoria Island, Lagos 106104, Lagos",6.4481273,3.433023,coworking_space,A
Workbay Onikan Lagos,"F1 Lagos City Mall Onikan, Island, Lagos 101231",6.4462669,3.4020748,coworking_space,A
Hub One,"10 Hughes Ave, Alagomeji-Yaba, Lagos 101011, Lagos",6.4993322,3.3772959,coworking_space,A
Smart X Business Hub - Co-working space in Ikeja,"16B Mobolaji Bank Anthony Way, Maryland, Lagos 101233, Lagos",6.5728769,3.3629495,coworking_space,A
"CubeHub - Coworking, Virtual and Serviced Offices - Adebola Centre, Lagos","38 Opebi road Adebola House (Suite 100, Rear Car Park Wing Ikeja, Lagos 100281",6.5911546,3.359383,coworking_space,A
33B Flexible Offices,"1B ALH. HUSSEIN SUNMONU STR, OFF Onikepo Akande St, Lekki Phase I, Lagos",6.4429294,3.4620846,coworking_space,A
Zahari Workspace,"Lagos, Plot 15 Orchid Rd, off Chevron Toll Gate, Eti-Osa, Lekki 105102, Lagos",6.4417842,3.5423305,coworking_space,A
ReDahlia,"43b Emina Cres, Allen, Ikeja 101233, Lagos",6.5962213,3.3543383,coworking_space,A
Wakeman Heights,"294 Borno Way, Alagomeji-Yaba, Lagos 101245, Lagos",6.4962824,3.3783278,coworking_space,A
Truspace Coworking,"6 Prince Bode Oluwo St, Mende, Lagos 100211, Lagos",6.5708443,3.3723934,coworking_space,A
Spacepad | Co Working Space And Serviced Private Office Space Lekki,"Km 18, Lekki Penninsula II, Lekki",6.4379857,3.5137467,coworking_space,A
989 Workspaces,"Block 12E, Admiralty Way Opposite Ascon Petrol Station Eti Osa, Lekki Phase 1, Lagos",6.447404,3.4808941,coworking_space,A
Ally Hub,"15 Ramat Cres, Ogudu, Lagos 105102, Lagos",6.5730386,3.3910247,coworking_space,A
Avalanche Spaces,"33 Saji Ayangade St, Anthony, Lagos 105102, Lagos",6.5639512,3.3725247,coworking_space,A
The White Workshop,"7 Ajagbe Compound, Sari-Iganmu Rd, Iganmu, Lagos 102232",6.476195,3.3463614,coworking_space,A
MyWorkSpace,"BADEJO AKINYEMI HOUSE 17/19 Badejo / Akinyemi Crescent Off Fatai Atere Way Matori Industrial Estate, Ladipo St, Matori, Lagos 023401",6.5395658,3.3502163,coworking_space,A
OfficePhase -Serviced Offices Nigeria,"60/64 Allen Avenue, by Adeboye Solanke Avenue, First Bank Bus Stop First Building (Right) on Adeboye Solanke Ikeja, Allen, Lagos 100281",6.6025314,3.3519584,coworking_space,A
Innovation Centre Lekki,"29 Awudu Ekpekha Blvd St, Lekki Phase 1, Lagos 106104, Lagos",6.4453336,3.4783081,coworking_space,A
The Stage Cowork Space,"21 Ngyesi Ibrahim Tella Street, Oral Esate, Lekki , Lagos, Lekki - Epe Expy",6.4413774,3.5465945,coworking_space,A
THE RESOURCE SPACE,"12A Mabinuori Dawodu St, Gbagada, Lagos 102216, Lagos",6.54873,3.376688,coworking_space,A
The Professional Place,"12b Olumoroti Jaiyesimi Street, Gbagada Phase 2 Estate, Gbagada Expy, Gbagada, Lagos",6.5462296,3.3839461,coworking_space,A
Moore House,"151 Herbert Macaulay Wy, Adekunle, Lagos 101245, Lagos",6.4916122,3.3820001,coworking_space,A
Battens Hub,"Local Government, 44 Ogunlana Dr, Surulere, Lagos 101283, Lagos",6.5092554,3.3526639,coworking_space,A
47WORKSPACES,"G, R.A, Ikeja Lagos NG, 47 Isaac John St, +2348033079003, Ikeja 100271",6.5846639,3.3568731,coworking_space,A
Desk at The Bulb,"39, Ikorodu road, Jibowu, Yaba, Lagos 100252",6.5187145,3.3678912,coworking_space,A
Metro Workplace,"Plot 1392 Tiamiyu Savage St, Victoria Island, Lagos 106104, Lagos",6.4237408,3.4267132,coworking_space,A
The Incubator,"7/8 Chief Yusuf, Abiodun Akinyemi Way, Eti-Osa, Lagos",6.428889,3.44451,tech_hub OR incubator,A
"Vatebra Tech Hub, Ajah","Royal Office Building KM 25 Lekki - Epe Expressway Ajiwe Eti-osa Ajiwe, Ajah, Ajiwe, Lagos 101245",6.4694244,3.5823763,tech_hub OR incubator,A
Techub Connect Nigeria,"Connak Place 19 Akinremi St, Off Obafemi Awolowo Wy, Ikeja, Lagos",6.5985782,3.3377303,tech_hub OR incubator,A
Technology Incubation Centre,"1 Oba Ogunji Rd, Ijaiye, Lagos 102212, Lagos",6.6285435,3.3259949,tech_hub OR incubator,A
Tech-hub telecom,"Iyana Aboru Bus Stop, 2 Ige Street, Ipaja Rd, Alimosho, Iyana ipaja 300001",6.6172297,3.2973337,tech_hub OR incubator,A
Impact Hub Lagos,"22 Glover Rd, Ikoyi, Lagos 106104, Lagos",6.4553064,3.4303431,tech_hub OR incubator,A
InstinctHub,"1 Apapa Lane, Dolphin Estate, Ikoyi, Lagos 101233",6.4575294,3.4114863,tech_hub OR incubator,A
Ican-BOI Tech Hub,"82 Murtala Muhammed Way, Yaba, Lagos 100001, Lagos",6.4836251,3.3828691,tech_hub OR incubator,A
Enterprise Hubs,"16a Trinity Ave, Eti-Osa, Lagos 106104, Lagos",6.4240557,3.4512232,tech_hub OR incubator,A
Tech Hub,"2 Francis Oremeji street computer village Ikeja, Ikeja, Lagos",6.5935591,3.3391045,tech_hub OR incubator,A
Adjacent Tech Hub & Coworking,"139 Idiroko Rd, Ota 112233, Ogun State",6.6895358,3.2270212,tech_hub OR incubator,A
TechSteam Hub,"27Shonola Street, Ojodu, Lagos 100218, Lagos",6.6469876,3.3650792,tech_hub OR incubator,A
Ehizua Hub,"6, Hon Fatai Eletu Street, Container Bus Stop, Awoyaya, Lekki, Lagos 105101",6.4709507,3.6973583,tech_hub OR incubator,A
Outhub Technology Limited,"15b Onibeju St, shangisha, Ikeja 100001, Lagos",6.6165981,3.3749777,tech_hub OR incubator,A
ITECH HUB,"2nd Floor, Jesan House , Oko ado bus stop beside leawood hot, Ajah, Lekki Lagos Etiosa3 Lagos Lagos NG, Lekki 101001",6.469842,3.585172,tech_hub OR incubator,A
Tech-Hub Naija,"3 Enyi Arinze St, Ilasamaja, Lagos 102214, Lagos",6.5145243,3.3025918,tech_hub OR incubator,A
DDTECH HUB,"DDTECH HUB, 16B Akintan Street, Dideolu Estate, Lagos 100001, Lagos",6.6303535,3.3374106,tech_hub OR incubator,A
Placement Hub Tech Institute,"8 Adelabu St, off Masha Bus-Stop, Surulere, Lagos 101241, Lagos",6.5009538,3.3501258,tech_hub OR incubator,A
TEHUB ENTERPRISES,"A19 Phone Village, Alaba International, Lagos Nigeria ojo local Government, Lagos 102003, Lagos",6.4581481,3.2019768,tech_hub OR incubator,A
HUB30 Coworking Space,"29, 204 Road, 2nd Ave, Festac Town, Lagos 102312",6.4628383,3.2934209,tech_hub OR incubator,A
NITDA IT HUB,"6 Commercial Rd, University Of Lagos, Lagos 101245, Lagos",6.5164389,3.391422,tech_hub OR incubator,A
CcHUB,"294 Herbert Macaulay Wy, Sabo yaba, Lagos 101245, Lagos",6.5042937,3.3779848,tech_hub OR incubator,A
The Incubator (Tech Innovation Hub),"125 New Lagos Rd, Uselu, Benin City 300103, Edo",6.3707606,5.6161565,tech_hub OR incubator,A
RENOVATIO TECH HUB,"No 21 Mabogunje Estate, Lekki phase 1 NO 12, Odunlami Street Marina lagos Eti Osa Local Government, Lagos 105102",6.4503075,3.390767,tech_hub OR incubator,A
I Tech Hub,"Lekki - Epe Expy, Oko Ado, Lagos 106104, Lagos",6.475898,3.6144,tech_hub OR incubator,A
Techhub NG Solutions,"Block B1, South Drift Court of, Mobil Estate Rd, Aja, Lekki 106104, Lagos",6.4567074,3.5631098,tech_hub OR incubator,A
Techxity hub,"Igbe Rd, Igbogbo, Ikorodu 104101, Lagos",6.5941343,3.5335554,tech_hub OR incubator,A
Premier Hub Innovation Center,"1B Birrel Avenue, Yaba, Onike, Lagos 101245",6.5091721,3.3791713,tech_hub OR incubator,A
Lagos Technology Business Incubator Centre,"6 Balogun St, Pen Cinema, Agege 102212, Lagos",6.6325453,3.3098221,tech_hub OR incubator,A
Print and Tech Hub,"81/90 Abraham Adesanya Complex, Onipanu, Lagos Lagos, Somolu",6.5329688,3.3682176,tech_hub OR incubator,A
Innovation Hub,"35 Adebisi Ogunniyi Cres, Lekki Phase I, Lekki/Ikate And Environs 106104, Lagos",6.4332783,3.4789061,tech_hub OR incubator,A
E-Business Hub Nigeria,"3A Ahmad Tijani Ottun Street, Off Victoria Arobieke St, Eti-Osa, Lagos",6.5244,3.3792,tech_hub OR incubator,A
Techie Base,"Shop B35/36, Platinum Plaza, 7 Adepele St, Ikeja, 100282, Lagos",6.5956671,3.339264,tech_hub OR incubator,A
Space Universe - Tech Hub,"2B Montgomery Rd, Yaba, Lagos 101245, Lagos",6.5082696,3.3727668,tech_hub OR incubator,A
Ogun TechHub,"Kobape Rd, beside PMB Estate, Kobape 110118, Ogun State",7.0943011,3.3963629,tech_hub OR incubator,A
NG HUB,"8 Montgomery Rd, Yaba, Lagos 101245, Lagos",6.5085397,3.3735285,tech_hub OR incubator,A
Techinnover - Software Development Company,"18 Forolagba St, Gbagada, Lagos 100241, Lagos",6.5655492,3.3907036,tech_hub OR incubator,A
TEKHUB NIGERIA LTD,"2nd floor Grace and Faith Tower, beside UBA, Onitsha - Enugu Expy, Awka 420212",6.2279026,7.0772899,tech_hub OR incubator,A
Packaging IT Hub,"9, 1 Ola Ayeni St, Otigba St, computer village, Ikeja 100271, Lagos",6.5962106,3.3400032,tech_hub OR incubator,A
HiiT Plc,"27 Obafemi Awolowo Wy, beside Obafemi Awolowo House, Ikeja, 101233, Lagos",6.5967647,3.3398563,tech_hub OR incubator,A
Hub360,"Shop EU2 9&10 Army Shopping Arena, Oshodi-Isolo, Lagos",6.5648879,3.350417,tech_hub OR incubator,A
TECHHUB DIGITAL SOLUTIONS,"110 Awolowo Rd, Ikoyi, Lagos 100001, Lagos",6.4418367,3.4179163,tech_hub OR incubator,A
Tech hub,"10 Olusesan Ogunro St, Egbeda, Lagos 102213, Lagos",6.5987009,3.2885107,tech_hub OR incubator,A
Immaculate Technology Hub,"Ijeh Police Barracks, behind Line C, Block 8, Ikoyi, Obalende 101232, Lagos",6.4443268,3.4285659,tech_hub OR incubator,A
ByteHub Embedded,"315 Borno Way, Alagomeji-Yaba, Lagos 100001, Lagos",6.4964808,3.377838,tech_hub OR incubator,A
Jishu Tech Hub (OOF),"23b Olumoroti Jaiyesimi St, Bariga, Lagos 102216, Lagos",6.5465043,3.3838764,tech_hub OR incubator,A
Crona Enterprise,"Pen cinema, Agege, Agege, Lagos",6.617214,3.3200546,tech_hub OR incubator,A
PiotecHub,"2 Oseni Agoro St, Ilasamaja, Lagos 100263, Lagos",6.5117583,3.3256086,tech_hub OR incubator,A
Tech Innovation hub,"26 Emma Emeagwai St, Abijor, Lagos 441117, Lagos",6.4618169,3.6621457,tech_hub OR incubator,A
EkoLag Hub,"Binitie plaza, 4 Otigba St, Ikeja, 101233, Lagos",6.5961561,3.3401843,tech_hub OR incubator,A
Trade hub ventures limited,"04 anifat onisemo street, Sanya St, Surulere",6.4807072,3.3269636,tech_hub OR incubator,A
The Roothub Lagos,"117 T. F. Kuboye Rd, street, Lekki 106104, Lagos",6.4287846,3.4589438,tech_hub OR incubator,A
Technospace Innovations and Digital Hub,"10 Francis Oremeji St, Ikeja, Lagos 101233, Lagos",6.5933574,3.3394563,tech_hub OR incubator,A
Innovation Hub,"15 Ayinde Giwa St, Masha, Lagos 101241, Lagos",6.5024563,3.3519218,tech_hub OR incubator,A
ARIGOHUB,"20-14 Hammed Kasumu Street Chevy View Estate, Lekki Penninsula II, Lagos",6.4469729,3.5285427,tech_hub OR incubator,A
TECH UNITE AFRICA,"3rd Floor, Polystar Building, Marwa, Lekki 105102, Lagos",6.4317483,3.4744927,tech_hub OR incubator,A
Hub 9ice Tech,"Shop A1, Prowa Plaza, opposite Kirikiri Police Station, off mile2/berger, Kirikiri, Lagos 102102, Lagos",6.4432219,3.308224,tech_hub OR incubator,A
Easy Hub Nigeria Limited,"2 Pepple St, Ikeja, Lagos 101233, Lagos",6.5942491,3.3412794,tech_hub OR incubator,A
TeeHub Innovative Technology,"7,Francis Oremeji Street, off medical road, computer village Ikeda, Ikeja, Lagos",6.5939129,3.3397162,tech_hub OR incubator,A
Hot Fun Cafe,"32 Calcutta Cres, Apapa Quays, Lagos 102272, Lagos",6.4406404,3.3656087,cafe,A
TOP BEANS. Coffee & More,"17 A Ozumba Mbadiwe Ave, WINGS, Lagos 106104, Lagos",6.4376132,3.4120346,cafe,A
GEEKAS,"4 Calcutta Cres, Apapa Quays, Lagos 102272, Lagos",6.4411706,3.3674009,cafe,A
ART CAFE,"282 Akin Olugbade St, Victoria Island, Lagos 106104, Lagos",6.4313976,3.4203483,cafe,A
Eleba Restaurant & lounge,"18 Ware House Rd, Apapa, Lagos 102272, Lagos",6.4399322,3.3695681,cafe,A
The Galley Restaurant,"Harbour Road, Apapa Quays, Lagos 102272, Lagos",6.4601177,3.3685004,cafe,A
Shop for all cafe,"78 Marine Rd, Apapa, Lagos 100001, Lagos",6.4488601,3.3527754,cafe,A
Cafe Neo,"57 Marina Rd, Lagos Island, Lagos 100221, Lagos",6.4555836,3.3831686,cafe,A
ST. CHRISTOPHER CYBER CAFE,"57, cementery road, amukoko lagos, Cementry Rd, Ajeromi-Ifelodun, Lagos",6.4663423,3.3432727,cafe,A
Cafeteria Nigeria,"16 Akin Adesola St, Victoria Island, Lagos 106104, Lagos",6.4283012,3.4241438,cafe,A
ENNY'S WINE CAFE,"Okoya St, Malu, Lagos 102103, Lagos",6.4594534,3.3434111,cafe,A
Angelos On the Go Centre,"17 Odunlami St, Lagos Island, Lagos 102273, Lagos",6.4519158,3.3908992,cafe,A
Underground Bakery And Fast Food,"3 Kofo Abayomi Ave, Apapa Quays, Lagos 102272, Lagos",6.4467918,3.3702777,cafe,A
Tea and Coffee Spot Cafe,"10 Adeniran Ogunsanya St, Surulere, Lagos 101241, Lagos",6.4981485,3.3579266,cafe,A
Regin Cafe,"Iyalode St, Ajegunle, Lagos 102103, Lagos",6.4562747,3.344544,cafe,A
Avondale Restaurant,"33 Marine Rd, Apapa, Lagos 102272, Lagos",6.4409726,3.3562691,cafe,A
"J&J One for All Restaurant, Bar, Carwash, Barbing and Hairdressing Saloon","18 A Point Rd, Apapa, Lagos 102272, Lagos",6.4505735,3.3634985,cafe,A
The Freshly Ground Coffee Co.,"17b Awolowo Rd, Ikoyi, Lagos 106104, Lagos",6.4434859,3.4114244,cafe,A
MyYa's Cafe,"Myya's Cafe, Plot 6 Muiz Banire St, Lekki Phase I, Lagos 100001, Lagos",6.4380552,3.4708626,cafe,A
Ifeoma kitchen,"4 Ado Ave, off Zeek Avenue, Apapa, Lagos 101251, Lagos",6.4427858,3.3728545,cafe,A
Tantalizers - Apapa,"62 Kofo Abayomi Ave, Apapa Quays, Lagos 100246, Lagos",6.4429543,3.3700216,cafe,A
Nigerian Kitchen,"1B Point Rd, Apapa Quays, Lagos 102272, Lagos",6.4484178,3.3673762,cafe,A
Extra Care Beeswax Enterprise Services (Extra Care Gourmet),"Apapa Rd, Ijora, Lagos 101245, Lagos",6.4655906,3.3640696,cafe,A
Deola Canteen,"Shop No. 41, Aratumi Market, Imam Raji St, Amukoko, Lagos 102272, Lagos",6.4773441,3.3442062,cafe,A
PAUSE | Café & Espresso Bar,"1 Bisway St, Maroko, Lekki 106104, Lagos",6.4363008,3.4510382,cafe,A
God time restaurant,"23 Yaya Cres, Apapa, Lagos 102103, Lagos",6.449072,3.3363703,cafe,A
The Terrace by Delina,"4 Custom St, Lagos Island, Lagos 101231, Lagos",6.4527251,3.3879935,cafe,A
JR Coffee Shop,"Union Bank Headquarters Building, 36 Marina Rd, Lagos Island, Lagos 102273, Lagos",6.4513474,3.3875238,cafe,A
Arewa African Cuisine,"11 Randle Rd, Apapa Quays, Lagos 102272, Lagos",6.4432018,3.3689199,cafe,A
Pleasant cakes and treats limited,"2 Peter Ayansi Cl, off Ladipo Labinjo Crescent, off Bode Thomas Street, Surulere, Lagos 101271, Lagos",6.4858712,3.3593323,cafe,A
Eminent Tech World,"C9Q2+749, Ajegunle, Lagos 102272, Lagos",6.4381542,3.3503614,cafe,A
All in one Restaurant and Bar,"C9V9+MJC, Randle Cres, Apapa, Lagos 102272, Lagos",6.4441965,3.3690095,cafe,A
Ki Bar and Kitchen,"31a Oju Olobun Cl, Victoria Island, Lagos 106104, Lagos",6.4243554,3.4154174,cafe,A
Sweet Kitchen,"6 Orodu St, Ajegunle, Lagos 102103, Lagos",6.4537387,3.3503369,cafe,A
Café bonjour,"46 Awolowo Rd, Ikoyi, Lagos 106104, Lagos",6.4420806,3.415471,cafe,A
Psiphone Small Chops,"Block 52, Dolphin Estate, Phase III, Adeniji Adele Rd, Lagos Island, Lagos",6.4580751,3.3980761,cafe,A
Godsend Spaghetti and Foods,"Kilo Bus Stop, 13 Oduduwa Rd, Surulere, Lagos",6.4468152,3.3583411,cafe,A
Omojesu Foods,"Sapara St, Badia, Lagos 102272, Lagos",6.4566395,3.362037,cafe,A
Da vic's food city,"13 ojodu street, off Amore St, Apapa, Lagos 102241",6.4507571,3.3498232,cafe,A
Taste Best,"F984+HP3, Gaskiya Rd, Badia, Lagos 102272, Lagos",6.4663774,3.3568075,cafe,A
J5 Lounge & Bar,"26-38 Oba Abdulfatai Aremu Aromire St, Apapa, Lagos 102103, Lagos",6.4506931,3.3464233,cafe,A
Karma Restaurant,"17 Burma Rd, Apapa, Lagos 102272, Lagos",6.4379151,3.369569,cafe,A
Smile Cuisine,"Ground floor, Leo block, Eleganza Building, 1 Commercial Rd, Apapa, Lagos 100001, Lagos",6.4424861,3.3732205,cafe,A
De Tastee Fried Chicken,"50 Ware House Rd, Apapa Quays, Lagos 100000, Lagos",6.4384789,3.3649672,cafe,A
宮廷酒店 Palace chinese Restaurant,"3-15 Ede St, Apapa, Lagos 102272, Lagos",6.443828,3.3707059,cafe,A
Mummy Fatimo,"7 Tolu Rd, Ajegunle, Lagos 102103, Lagos",6.4519275,3.3498019,cafe,A
TOP BEANS. Coffee & more,"1436 Sanusi Fafunwa St, Victoria Island, Lagos 106104, Lagos",6.4312706,3.4265114,cafe,A
Payless Afrique De Kitchen Limited,"2, Polysonic Mall, Mall, 1B Point Rd, Apapa, Lagos",6.4484707,3.3673713,cafe,A
Rockhouse Lagos Cafe,"8 Akpoguma St, Ikate, Lagos 100001, Lagos",6.5008358,3.3448307,cafe,A
onikoyi,"38/40 Thomas Animashaun Street, Ebute Metta, Lagos 101245, Lagos",6.484763,3.3765466,cafe,A
Madam B Restaurant,"Boundary, Apapa, 4 Tolu Rd, Lagos",6.4554019,3.3506307,cafe,A
Double Zero Chinese Restaurant,"3-15 Ede Street, Apapa, Lagos 102272, Lagos",6.444193,3.3699083,cafe,A
Codelia Store,"21 Nosamu St, Apapa, Lagos 102103, Lagos",6.4542662,3.3499215,cafe,A
Hard Rock Cafe,"Landmark Village, Water Corporation Road, Oniru, VI, Lagos 550104",6.4230529,3.4444831,cafe,A
Boslat Catering Service,"1 Harbour Road, Naval Base NNS QuorraLagos,, Lagos",6.4586038,3.3697434,cafe,A
myk ebi's international services,"local government, 2 Caulcrick Road, Apapa, Lagos 100001, Lagos",6.4460543,3.3713791,cafe,A
Ojis Chicken,"F944+4JJ, Mobil Rd, Apapa, Lagos 102272, Lagos",6.4553289,3.356519,cafe,A
Haven foods,"8,wosilat street ,off baruwa, Surulere, Lagos",6.483248,3.341752,cafe,A
Liberty Foods,"Apapa, Lagos 102272, Lagos",6.4552545,3.3640589,cafe,A
Hot Crust Cafe,"Alpha Mall, 117 Ogudu Rd, Ogudu, Lagos 100242, Lagos",6.5769284,3.3894864,cafe,A
Eleba Restaurant & lounge,"18 Ware House Rd, Apapa, Lagos 102272, Lagos",6.4399322,3.3695681,restaurant,A
The Galley Restaurant,"Harbour Road, Apapa Quays, Lagos 102272, Lagos",6.4601177,3.3685004,restaurant,A
SABOR LAGOS,"134 Ahmadu Bello Wy, beside Silverbird Cinema, Victoria Island, Lagos 106104, Lagos",6.4287815,3.4085995,restaurant,A
Hearth Restaurant and Bar,"141 Ahmadu Bello Wy, opposite Silverbird, Victoria Island, Lagos 106104, Lagos",6.4283462,3.4091606,restaurant,A
Z Kitchen,"19 Saka Tinubu St, Victoria Island, Lagos 106104, Lagos",6.4271402,3.4192513,restaurant,A
LUKROT AFRICAN FOODS,"local government, 12 Wharf, Road, off Itapeju St, Apapa, Lagos",6.4453756,3.3726095,restaurant,A
GEEKAS,"4 Calcutta Cres, Apapa Quays, Lagos 102272, Lagos",6.4411706,3.3674009,restaurant,A
Yellow Chilli Victoria Island Lagos,"Bishop Oluwole Street, 27 Oju Olobun Cl, Victoria Island, Lagos",6.4249806,3.4152556,restaurant,A
Gaby Lagos,"6a Agoro Odiyan St, Victoria Island, Lagos 101241, Lagos",6.4281609,3.4188722,restaurant,A
Orchid House Thai Restaurant - Apapa,"15a Marine Rd, Apapa, Lagos 102272, Lagos",6.4408947,3.3577917,restaurant,A
Karma Restaurant,"17 Burma Rd, Apapa, Lagos 102272, Lagos",6.4379151,3.369569,restaurant,A
Smile Cuisine,"Ground floor, Leo block, Eleganza Building, 1 Commercial Rd, Apapa, Lagos 100001, Lagos",6.4424861,3.3732205,restaurant,A
Shiro Lagos,"Block XVI 3 & 4 Victoria Island Oniru Estate, Eti-Osa, Lagos 101241",6.4235889,3.4442837,restaurant,A
Cactus Restaurant,"20/24 Ozumba Mbadiwe Ave, Victoria Island, Lagos 106104, Lagos",6.4390122,3.4378511,restaurant,A
Arewa African Cuisine,"11 Randle Rd, Apapa Quays, Lagos 102272, Lagos",6.4432018,3.3689199,restaurant,A
"The Place Restaurant, Victoria island","4-1 Adeola Odeku St, Victoria Island, Lagos 106104, Lagos",6.4297159,3.4099267,restaurant,A
Nigerian Kitchen,"1B Point Rd, Apapa Quays, Lagos 102272, Lagos",6.4484178,3.3673762,restaurant,A
Avondale Restaurant,"33 Marine Rd, Apapa, Lagos 102272, Lagos",6.4409726,3.3562691,restaurant,A
Ifeoma kitchen,"4 Ado Ave, off Zeek Avenue, Apapa, Lagos 101251, Lagos",6.4427858,3.3728545,restaurant,A
Kaly Restaurant & Bar Lounge,"Building, 7th Floor, 1 Akin Adesola Street off Ahmadu Bello way Number One, Victoria Island, Lagos 106104",6.42282,3.4237291,restaurant,A
La megga restaurant,"61 Kofo Abayomi Ave, Apapa Quays, Lagos 102272, Lagos",6.4427543,3.3702254,restaurant,A
Crust & Cream,"11 Musa Yar' Adua St, Victoria Island, Lagos 106104, Lagos",6.4326206,3.4167943,restaurant,A
The Rhythm Restaurant,"1 Kofo Abayomi St, Victoria Island, Lagos 106104, Lagos",6.436529,3.4110752,restaurant,A
"Shades Social - Bar, Restaurant, Club, Lounge, Lagos","1 Anifowoshe St, Eti-Osa, Lagos 106104, Lagos",6.4348225,3.4153776,restaurant,A
The Ona Lagos Restaurant Lounge Victoria Island Lagos,"1701 Violet Yough Cl, Victoria Island, 106104, Lagos",6.4302069,3.4293053,restaurant,A
The A Steakhouse,"1 Karimu Kotun St, Victoria Island, Lagos 106104, Lagos",6.4250097,3.4245078,restaurant,A
"J&J One for All Restaurant, Bar, Carwash, Barbing and Hairdressing Saloon","18 A Point Rd, Apapa, Lagos 102272, Lagos",6.4505735,3.3634985,restaurant,A
Omojesu Foods,"Sapara St, Badia, Lagos 102272, Lagos",6.4566395,3.362037,restaurant,A
J5 Lounge & Bar,"26-38 Oba Abdulfatai Aremu Aromire St, Apapa, Lagos 102103, Lagos",6.4506931,3.3464233,restaurant,A
All Spice Foods Buka,"37 Marina Rd, Lagos Island, Lagos 102273, Lagos",6.452252,3.3872116,restaurant,A
Izanagi Japanese Cuisine,"19B Idejo St, Victoria Island, Lagos 101241, Lagos",6.4265446,3.4141058,restaurant,A
Unusual Cuisine,"CCM4+8H8, Bonny Camp St, Eti-Osa, Lagos 106104, Lagos",6.4333302,3.4065753,restaurant,A
RSVP restaurant,"9 Eletu Ogabi St, Victoria Island, Lagos 101001, Lagos",6.4283965,3.4214651,restaurant,A
Da vic's food city,"13 ojodu street, off Amore St, Apapa, Lagos 102241",6.4507571,3.3498232,restaurant,A
Sherlaton Restaurant,"1230E Ahmadu Bello Wy, Victoria Island, Lagos 106104, Lagos",6.4294319,3.4095208,restaurant,A
宮廷酒店 Palace chinese Restaurant,"3-15 Ede St, Apapa, Lagos 102272, Lagos",6.443828,3.3707059,restaurant,A
La Veranda Italian Cuisine,"17 Oju Olobun Cl, Victoria Island, Lagos 106104, Lagos",6.4263873,3.4154382,restaurant,A
Destiny Stomach Care,"5 Ado Ave, Apapa Quays, Lagos 102272, Lagos",6.4429719,3.3715218,restaurant,A
Alo Alo Restaurant,"Victoria Crown Plaza Hotel, 292b Ajose Adeogun St, Victoria Island, Lagos 101241",6.430671,3.4391175,restaurant,A
Tetrazzini Food,"182 Oba Olu-Iwa Rd, Apapa, Lagos 100001, Lagos",6.4481394,3.3263734,restaurant,A
Taste Best,"F984+HP3, Gaskiya Rd, Badia, Lagos 102272, Lagos",6.4663774,3.3568075,restaurant,A
Madam B Restaurant,"Boundary, Apapa, 4 Tolu Rd, Lagos",6.4554019,3.3506307,restaurant,A
Tantalizers - Apapa,"62 Kofo Abayomi Ave, Apapa Quays, Lagos 100246, Lagos",6.4429543,3.3700216,restaurant,A
100 Hours,"100 Awolowo Rd, Ikoyi, Lagos 106104, Lagos",6.4417482,3.4171757,restaurant,A
"Any man,s canteen","C8MR+FVR, Tincan Island Round About, Tincan island, Lagos 102272, Lagos",6.4337363,3.3421478,restaurant,A
Godsend Spaghetti and Foods,"Kilo Bus Stop, 13 Oduduwa Rd, Surulere, Lagos",6.4468152,3.3583411,restaurant,A
De Tastee Fried Chicken,"50 Ware House Rd, Apapa Quays, Lagos 100000, Lagos",6.4384789,3.3649672,restaurant,A
Amala Place Coca-Cola Lagos Island,"35 Marina Rd, Lagos Island, Lagos 102273, Lagos",6.4516976,3.3877885,restaurant,A
Lagos Kitchen,"37 Marina Rd, Lagos Island, Lagos 102273, Lagos",6.4521665,3.3871242,restaurant,A
All in one Restaurant and Bar,"C9V9+MJC, Randle Cres, Apapa, Lagos 102272, Lagos",6.4441965,3.3690095,restaurant,A
Apapa Road,"90 Apapa Rd, Ebute Metta, Lagos 101245, Lagos",6.4819453,3.373738,restaurant,A
Ekaabo Restaurant and Terrace,"52b Kofo Abayomi St, Eti-Osa, Lagos 001111, Lagos",6.4347783,3.4228639,restaurant,A
Ajegunle Apapa Lagos,"F85M+85M, Ajegunle, Lagos 102103, Lagos",6.4583444,3.3329151,restaurant,A
Talindo Steak House,"7B Karimu Kotun St, Victoria Island, Lagos 101241, Lagos",6.4262888,3.4255033,restaurant,A
Wakame Asian Kitchen & Lounge,"Marriott Hotel Ikeja, 122 Joel Ogunnaike St, Ikeja GRA, Lagos 100271, Lagos",6.5846619,3.3492714,restaurant,A
Kilimanjaro Restaurant,"1 Ajiwe Close, Abraham Adesanya Rd, Lagos",6.4407887,3.3688847,restaurant,A
God time restaurant,"23 Yaya Cres, Apapa, Lagos 102103, Lagos",6.449072,3.3363703,restaurant,A
Pizze-Riah restaurant,"13 Musa Yar' Adua St, Victoria Island, Lagos 106104, Lagos",6.43247,3.417012,restaurant,A
Sweet Kitchen,"6 Orodu St, Ajegunle, Lagos 102103, Lagos",6.4537387,3.3503369,restaurant,A
Iya Yakubu (Yoruba native food),"F977+VCQ, Badia, Lagos 102272, Lagos",6.4647243,3.3636064,restaurant,A
Nigerian University of Technology and Management (NUTM),"6 Free Town Rd, Apapa, Lagos 102272, Lagos",6.4494364,3.3541131,school OR university,A
University of Lagos,"University of Lagos, University Road Lagos Mainland Akoka, Yaba, Lagos",6.515759,3.3898447,school OR university,A
Sacred Heart College Apapa,"12 - 18 Child Ave, GRA, Lagos 102272, Lagos",6.4489533,3.3636045,school OR university,A
Ekum College,"1-5 Iganmu Rd, Amukoko, Lagos 102103, Lagos",6.4675463,3.3507347,school OR university,A
"International School, University Of Lagos.","G96R+9J2, DLI Rd, University Of Lagos, Lagos 101245, Lagos",6.510883,3.3915266,school OR university,A
Foundation College,"F982+49M, Adetuyi St, Malu, Lagos 102103, Lagos",6.4653377,3.3509281,school OR university,A
Federal College of Education (Technical) Akoka,"Federal College of Education Akoka, Yaba, Lagos 100001",6.5225871,3.3840965,school OR university,A
Citizenship and Leadership Training School,"Tincan island, Lagos 102272, Lagos",6.429895,3.3502866,school OR university,A
American International School of Lagos,"CCQM+2XG Federal Estates, Victoria Island, Lagos 106104, Lagos",6.4375697,3.4349462,school OR university,A
Jossy Schools,"63 Church St, Ijora, Lagos 102272, Lagos",6.4718681,3.359157,school OR university,A
Greenview Business School,"N 0, Youth Empowerment Centre, 27 Point Rd, Apapa Quays, Lagos 102272, Lagos",6.4516392,3.3599599,school OR university,A
Roseborn International College,"1 Lisabi Rd, Apapa Quays, Ikeja 102272, Lagos",6.4439571,3.3607121,school OR university,A
Baksy Royal College,"C9R8+P95, Bombay Cres, Apapa, Lagos 102272, Lagos",6.4417865,3.3659903,school OR university,A
Scholastica,"No. 4 Park Ln, Apapa, Lagos 102272, Lagos",6.4469299,3.3651176,school OR university,A
National Commission For Colleges of Eduction,"829Warehouse Road, Apapa Quays, Lagos 102272, Lagos",6.4400999,3.3709128,school OR university,A
St Augustine's College Of Education,"2 Moronfolu St, Akoka, Lagos 100213, Lagos",6.5239462,3.3869249,school OR university,A
Lagos State University,"Lasu Main Rd, Ojo, Lagos 102101, Lagos",6.4663553,3.2003007,school OR university,A
Julewubi Foundation Schools,"16/18 &20, 16/18 &20 Olubuade Street, Amukoko, Lagos 102103, Lagos",6.4653527,3.3508033,school OR university,A
Lagos,"12 aro Street ijora Kingdom, Apapa, Lagos",6.465901,3.3662843,school OR university,A
Mandavo Computer Learning Center,"42, Ojora Street Off Boundary Road, Bale Aiyetoro, Ajegunle Apapa Cemetery Market Opposite Banana Section Off Bolaji Street Ajegunle Apapa Lagos , Lagos, Nigeria 01234 Ajeromi Ifelodun, Ajegunle, Apapa 102211, Lagos",6.4555852,3.3481954,school OR university,A
Northfield College,"44 MAKANJUOLA STREET, Sari-Iganmu Rd, Lagos",6.4704901,3.3516448,school OR university,A
NIGERIAN INSTITUTION OF MARINE ENGINEERS AND NAVAL ARCHITECTS,"8 Liverpool Rd, Apapa Quays, Lagos 101251, Lagos",6.4442123,3.36324,school OR university,A
Pretty Class Hotel,"1 Navy Road By Press Bus Stop, Ajegunle, Apapa, Badia, Lagos 102103, Lagos",6.4556813,3.3542744,school OR university,A
RMAC Training School,"F96C+FG3, Naval Base Rd, Apapa, Lagos 102272, Lagos",6.4612107,3.3713317,school OR university,A
Nigerian Army Intelligence School (NAIS),"Tego Barracks, Bonny St, Apapa, Lagos 102272, Lagos",6.4585743,3.3612663,school OR university,A
LASAA,"32 Burma Rd, Apapa, Lagos 102272, Lagos",6.4382024,3.3681635,school OR university,A
The City Mall Lagos Island Lagos,"The City Mall, Lagos Island, 102273, Lagos",6.4445275,3.4026472,shopping_mall,A
Mega Plaza,"14 Idowu Martins St, Victoria Island, Lagos 106104, Lagos",6.4333023,3.4205211,shopping_mall,A
Apapa Mall,"14b Park Ln, Apapa Quays, Lagos 102272, Lagos",6.4478366,3.3630556,shopping_mall,A
Oluwole Urban Mall,"39/41 Martin St, Lagos Island, Lagos 102273, Lagos",6.4568431,3.3861645,shopping_mall,A
Leisure Mall,"Street, Lagos 101241, Lagos",6.4900546,3.3574459,shopping_mall,A
The Palms Shopping Mall,"1 Bisway St, Maroko, Lekki 106104, Lagos",6.4357545,3.4516297,shopping_mall,A
Divine Fountain Hotel Apapa,"3 Lisabi Rd off Liverpool Rd, Lagos 200132",6.444806,3.359417,lodging,A
Beni Hotels,"11/13 Wiwo Ona Tere St, Lagos Mainland, Lagos 100001, Lagos",6.4576342,3.3812691,lodging,A
Cynergy Suites Apapa,"2 Liverpool Rd, Apapa Quays, Lagos 200132, Lagos",6.4453178,3.3656243,lodging,A
Karma Hotel,"17 Burma Rd, Apapa, Lagos 101251, Lagos",6.4381257,3.3695076,lodging,A
Becfom Hotel,"F947+4JG, Apapa, Lagos 102272, Lagos",6.4553166,3.3640852,lodging,A
Winchester Suites,"F947+4JG, Apapa, Lagos 102272, Lagos",6.4553166,3.3640852,lodging,A
Rock View Hotel,"17b Park Ln, Apapa, Lagos 102272, Lagos",6.4479277,3.3609008,lodging,A
Beni Hotel Surulere,"Doyin Bus Stop, 27 Jimoh Odutola St, Surulere, Lagos 101241, Lagos",6.4805665,3.3534703,lodging,A
Beni Gold Apapa,"19 Liverpool Rd, Apapa Quays, Lagos 102272, Lagos",6.4436969,3.3627796,lodging,A
Aquatic Suites & Lounge,"Osca Abu Cr / Yomi Oshikoya Cl, Lagos 123456",6.4850069,3.3480325,lodging,A
White Castle Hotel,"18 Wharf Road, Apapa Quays, Lagos 102272, Lagos",6.4443335,3.3730008,lodging,A
Lamia Inn,"19a Idejo St, Victoria Island, Lagos 106104, Lagos",6.4264232,3.4138093,lodging,A
Saheeto's Place,"Obalende, 130 Lewis St, Lagos Island, Lagos",6.4500571,3.4064224,lodging,A
Carliza Hotel Limited,"3C Marine Rd, Apapa, Lagos 102272, Lagos",6.4394451,3.3601376,lodging,A
"Command Guest House | Bronx Int'l Hotel, Lagos","26 Child Ave, Island, Lagos 234100, Lagos",6.4497972,3.3604028,lodging,A
MITOS LUXURY SUITES (BODE THOMAS),"28 Johnson St, Surulere, Lagos 101241, Lagos",6.4865818,3.3492389,lodging,A
Victoria Continental Hotel,"1-15 Ede St, off Kofo Abayomi Street, Apapa, Lagos 102241, Lagos",6.444199,3.3699585,lodging,A
Lekki Waterside Hotel,"Plot 2B Wole Olateju Cres, Lekki Phase 1, Lekki 23401, Lagos",6.4491979,3.4557248,lodging,A
I-MAX GUEST HOUSE & SUITE,"2 Oranyan Road, Off Oduduwa Rd, Apapa, Lagos",6.4452651,3.3575897,lodging,A
"Ocean Park Hotel Lagos, Lekki Phase 1, Nigeria","Plot 13B, WhiteSand Avenue, Close to White Sand School, Lekki Phase 1, Lekki",6.4296097,3.4805091,lodging,A
Morning Side Suites and Spa Victoria Island Lagos,"200c Etim Inyang Cres, Victoria Island, Lagos 106104, Lagos",6.4328741,3.4340966,lodging,A
De Heavens Hotels & Suites,"124 Nnamdi Azikwe St, Lagos Island, Lagos 102273, Lagos",6.4606804,3.3875368,lodging,A
Light House Hotel Lekki phase 1,"20 Alh. Hussein Sunmonu St, Lekki Phase 1, Lagos 101010, Lagos",6.4432966,3.4615989,lodging,A
Primal HOTEL,"7B,POINT, Point Rd, Apapa, Lagos",6.4489899,3.3658695,lodging,A
Ray's Inn,"1b Lander Cl, Apapa Quays, Lagos 102272, Lagos",6.445363,3.3661029,lodging,A
Cumberland Hotel Lagos,"2, 4 Adeola Odeku St, Victoria Island, Lagos 100242, Lagos",6.4297744,3.4095598,lodging,A
Blue Moon Beach Hotel and Resort Lekki Lagos,"Okunde Blue Water Scheme, 2nd Roundabout, 3/5, off Remi Olowude Street, Eti-Osa, Lekki 101241, Lagos",6.4241347,3.4615579,lodging,A
De Clove Residence,"21, Imam Dauda St, Off Eric Moore Rd, Surulere, Lagos",6.4841852,3.3521462,lodging,A
Happy Day Hotel,"87Iganmu Road, Amukoko, Lagos 102272, Lagos",6.477175,3.3465718,lodging,A
CARITAS INN LEKKI,"3 Ibiyinka Salvador St, off Africa Lane, Lekki Phase I, Lekki 100001, Lagos",6.4566623,3.4711403,lodging,A
City Point Hotel,"Round About Street, Lagos",6.4666836,3.3537125,lodging,A
Panbel Hotel,"35 Payne Cres, Apapa, Lagos 102272, Lagos",6.4422577,3.3717155,lodging,A
Presken Kuramo Waters,"322a Akin Ogunlewe Rd, Victoria Island, Lagos 106104, Lagos",6.4256903,3.4359253,lodging,A
Castle Lodge Serviced Apartments,"19A Badagry Road, GRA, Apapa, Lagos",6.436,3.366,lodging,A
Folade Hotels,"Lisabi Rd, Apapa Quays, Lagos 102272, Lagos",6.4441195,3.3607105,lodging,A
Elliotnass Hotel,"33c Marine Rd, Apapa, Lagos 102272, Lagos",6.4408536,3.35386,lodging,A
Island Heights Hotel,"11 Sir Samuel Manuwa St, Eti-Osa, Lagos 101241, Lagos",6.4370162,3.4357241,lodging,A
House 2 Elders Club,"2 Oniru St, Apapa, Lagos 102272, Lagos",6.4422065,3.3710817,lodging,A
Villa Maria Hotel,"3, John Chuks Nnadi Drive, Off African Lane, Off, Admiralty Way, Lekki Phase 1, Lagos",6.463077,3.3844159,lodging,A
Bristol Hotel,"8Martins Street, Lagos Island, Lagos 102273, Lagos",6.4558775,3.3859983,lodging,A
The Borough Lagos,"Lagos NG, 2 Kola Adeyina Cl, Phase 1, Lekki 100001",6.4498536,3.4735446,lodging,A
First Rolland Hotel,"27Payne Crescent, Apapa Quays, Lagos 102272, Lagos",6.4424548,3.3711722,lodging,A
Mariners Suites Lagos,"7 Wilmot Point Rd, opposite Harbour Point Event Centre, Victoria Island, Lagos 106104, Lagos",6.4223549,3.4084788,lodging,A
Motun International Hotel,"F92W+WPX, Lagos Island, Lagos 102273, Lagos",6.4523699,3.3968485,lodging,A
Tesso Hotel,"29 Calcutta Cres, Apapa Quays, Lagos 102272, Lagos",6.4402708,3.3652803,lodging,A
Ndokwa Entertainment Centre Annex,"37/33 Cementary Road, Amukoko Ifelodun, Apapa, Lagos",6.46646,3.3450735,lodging,A
DE PRINCE GUEST HOUSE LTD,"48 Norman Williams St, Ikoyi, Lagos 106104, Lagos",6.4425807,3.4179621,lodging,A
Tabitha Suites,"Obanta Rd, Apapa Quays, Lagos 102272, Lagos",6.4462384,3.3592625,lodging,A
Easy Homes Hotels,"33 Eric Moore Close, off Eric Moore Rd, Surulere, Lagos 100211",6.4843603,3.3540959,lodging,A
Mansion hotel,"C9X2+3VX, Marine Rd, Apapa, Lagos 102272, Lagos",6.4477316,3.3522304,lodging,A
Shakky Motel 1,"F93W+8CJ, Lagos Island, Lagos 102273, Lagos",6.4533269,3.3959693,lodging,A
Apapa Resort,"No 12 Oniru St, Apapa, Lagos 102272, Lagos",6.441616,3.3708221,lodging,A
Dat Place Hotel,"23 Akindele Street, Amukoko, Apapa, Apapa, Lagos",6.4645756,3.3459054,lodging,A
Marriott Executive Apartments Lagos Ikoyi,"2 Alexander Ave, Ikoyi, Lagos 101233, Lagos",6.4565238,3.4453592,lodging,A
Embassy International Hotel,"5 Adeponle St, Amukoko, Lagos 102103, Lagos",6.4670531,3.34848,lodging,A
Richtrust Global Investment Company Ltd,"41 Caulcrick Road, Apapa, Lagos 102272, Lagos",6.4455435,3.3721563,lodging,A
Quincy International Hotel,"9Borno Crescent, Apapa Quays, Lagos 102272, Lagos",6.4400552,3.3668099,lodging,A
Bridge Apartments Lagos,"Block 26, plot 10 Admiralty Wy, Lekki Phase 1, Lagos 105102, Lagos",6.4481414,3.4801974,lodging,A
Harmony Hotel,"F8HV+8G3 opposite Orile Bus Stop, Apapa, Lagos",6.4782533,3.3437921,lodging,A
J27 Lounge and Suites,"2 Idowu Akindele Crescent beside Oba ojora's palace, Ijora 7up, Lagos",6.4641659,3.3474454,lodging,A
Impact Hub Lagos,"22 Glover Rd, Ikoyi, Lagos 106104, Lagos",6.4553064,3.4303431,coworking_space,B
Lagos Innovates Center,"H8P4+32J, Rafiu Jafojo Park, Shasha Road, Ajako Bustop Alimosho, Lagos 100272",6.5852015,3.3050178,coworking_space,B
The Space,"1625B Saka Jojo St, off Idejo Street, Victoria Island, Lagos 101241, Lagos",6.4276574,3.413019,coworking_space,B
The Work Haven Ogba,"Suite G303, Ogba Multipurpose Shopping Complex, Ifako-Ijaiye, Ikeja 101233, Lagos",6.6299373,3.3434909,coworking_space,B
Proximity Space Nigeria,"315b Akin Ogunlewe Rd, Victoria Island, Lagos 106104, Lagos",6.4261254,3.4389487,coworking_space,B
The Impression Hub,"3 St Finbarr's College Rd, Akoka, Lagos 102216, Lagos",6.5242887,3.3853119,coworking_space,B
LeadSpace Yaba (Lagos),"10 Hughes Ave, Yaba, Lagos 101245, Lagos",6.4993414,3.3772921,coworking_space,B
WorkBox Limited,"10 Ojora Cl, off Idowu Martins Street, Victoria Island, Lagos 101241, Lagos",6.4351444,3.422095,coworking_space,B
HUB30 Coworking Space,"29, 204 Road, 2nd Ave, Festac Town, Lagos 102312",6.4628383,3.2934209,coworking_space,B
Ajegunle Co-Working Hub,"101 Kirikiri Road, Opp Mobil Filling Station, Wilmer Bus stop, Apapa, Lagos 100211",6.4483597,3.3345696,coworking_space,B
SpaceUnlimited Workspace,"76, Mobolaji Bank Anthony Way (Anthony Agbodji Office Complex, 1st floor left wing Ikeja, Lagos 100211, Lagos",6.5939715,3.3437175,coworking_space,B
Mon Cave,"10, Wilmer Street, Off Town Planning Way, Ilupeju, Lagos 100252",6.556232,3.3615052,coworking_space,B
TLG hub Co-working Space,"1, Ayodele Street Zada Estate Off Iwaya Road Onike, Yaba, Lagos 100213, Lagos",6.5081303,3.3869108,coworking_space,B
Spacepad | Co Working Space And Serviced Private Office Space Lekki,"Km 18, Lekki Penninsula II, Lekki",6.4379857,3.5137467,coworking_space,B
TyWorkSpace,"17 Ibikunle St, Yaba, Lagos 100001, Lagos",6.5140461,3.3769924,coworking_space,B
MyWorkSpace,"BADEJO AKINYEMI HOUSE 17/19 Badejo / Akinyemi Crescent Off Fatai Atere Way Matori Industrial Estate, Ladipo St, Matori, Lagos 023401",6.5395658,3.3502163,coworking_space,B
MusterPoint CoWorking Space,"Plot 49 Wemco Rd, Ogba, Ikeja 101233, Lagos",6.6316296,3.348881,coworking_space,B
Wrkout Hub,"J7QG+G4C, Oke Odo, Lagos 102213, Lagos",6.6388782,3.2752376,coworking_space,B
Workcentral Ilupeju Hub,"9b Tinubu Rd, Ilupeju, Lagos 102215, Lagos",6.5414047,3.3628091,coworking_space,B
SpaceUnlimited GRA,"14 Ayo Rosiji Cres, off Oduduwa Way, Ikeja, Lagos 100271, Lagos",6.5725574,3.3502632,coworking_space,B
The Space Hq,"1 Bunmi Olowude Street Eti osa, Maruwa, Lekki Phase 1, Lagos",6.4289387,3.4674752,coworking_space,B
Smart X Business Hub - Co-working space in Ikeja,"16B Mobolaji Bank Anthony Way, Maryland, Lagos 101233, Lagos",6.5728769,3.3629495,coworking_space,B
Rejoice Spaces and Event management Ltd,"16 Idowu St, Ojodu, Ogba, Lagos 101232, Lagos",6.6459603,3.3283068,coworking_space,B
Coworkstyle Limited,"15 Ihuntayi Road, Oniru, Eti Osa 101241, Lagos",6.4295545,3.4448275,coworking_space,B
989 Workspaces Ikeja,"43 Sobo Arobiodu Street Ikeja, Lagos 100212",6.5772527,3.3561108,coworking_space,B
AMG WorkSpace,"Festac Tower, 22 Rd, Festac Town, Lagos 102102, Lagos",6.4650909,3.2850825,coworking_space,B
theBUNKer Yaba,"279 Herbert Macaulay Wy, Yaba, Lagos 101245, Lagos",6.5007182,3.377628,coworking_space,B
CM Workstation,"Plot 13, Bona Bus stop, Abesan Estate Rd, Ipaja, Lagos 102213, Lagos",6.6068686,3.2730276,coworking_space,B
"Regus - Lagos, The Zone","The Zone, 9 Gbagada - Oworonshoki Expy, Araromi, Lagos 105102, Lagos",6.5516825,3.3768495,coworking_space,B
Zahari Workspace,"Lagos, Plot 15 Orchid Rd, off Chevron Toll Gate, Eti-Osa, Lekki 105102, Lagos",6.4417842,3.5423305,coworking_space,B
Civic Hive,"42 Montgomery Rd, Sabo yaba, Lagos 101245, Lagos",6.5098293,3.3765273,coworking_space,B
"CubeHub - Coworking, Virtual and Serviced Offices - Adebola Centre, Lagos","38 Opebi road Adebola House (Suite 100, Rear Car Park Wing Ikeja, Lagos 100281",6.5911546,3.359383,coworking_space,B
Ally Hub,"15 Ramat Cres, Ogudu, Lagos 105102, Lagos",6.5730386,3.3910247,coworking_space,B
Glendale Workspaces,"4 Babatope Bejide Cres, Lekki Phase I, Lagos 106104, Lagos",6.4432793,3.4740538,coworking_space,B
The Professional Place,"12b Olumoroti Jaiyesimi Street, Gbagada Phase 2 Estate, Gbagada Expy, Gbagada, Lagos",6.5462296,3.3839461,coworking_space,B
Meeting Arena NG,"Exploit glass complex, 1, Exploit lane, off Sir Kollington St, Aboru, Lagos 100323",6.6293362,3.2791866,coworking_space,B
THE RESOURCE SPACE,"12A Mabinuori Dawodu St, Gbagada, Lagos 102216, Lagos",6.54873,3.376688,coworking_space,B
eeSPACE,"11 Adekoya St, Ogba, Lagos 100001, Lagos",6.6413135,3.3276025,coworking_space,B
Agos Executive Business Lounge,"54b Adeniyi Jones, Oba Akran, Ikeja 101233, Lagos",6.6125652,3.3458567,coworking_space,B
Venia Business Hub,"Plot 8 The Providence St, Lekki Phase I, Lekki 106104, Lagos",6.4311824,3.4629115,coworking_space,B
Workbay Onikan Lagos,"F1 Lagos City Mall Onikan, Island, Lagos 101231",6.4462669,3.4020748,coworking_space,B
Café Naija Cowork,"Maben Terrace, 11 LFS Maben Rd, off Northern Foreshore Road, off Chevron Drive, Eti-Osa, Lekki 106104, Lagos",6.4558587,3.5286936,coworking_space,B
The Nest Innovation Technology Park,"1A Hughes Ave, Yaba, Lagos 101212, Lagos",6.4992962,3.3766976,coworking_space,B
Workcentral Ogunlana Hub Surulere,"8 Ayinde Giwa Street, Off Ogunlana Dr, Surulere, Lagos 101283",6.5019504,3.3519965,coworking_space,B
Workcity Africa,"Workcity, Plot 1, Maruwa Bus Stop, 128 Remi Olowude St, Lekki Phase 1, Lagos 105102, Lagos",6.4298268,3.4689061,coworking_space,B
E-City Hub and Park,"19, Ajao Road, Off Adeniyi Jones, Ikeja, Lagos",6.6037752,3.3400301,coworking_space,B
Adjacent Tech Hub & Coworking,"139 Idiroko Rd, Ota 112233, Ogun State",6.6895358,3.2270212,coworking_space,B
Ghands co-work space,"Bluecrest mall, Majek-Sangotedo, Ajah, Lagos",6.4686254,3.6573807,coworking_space,B
iWorkZone,"Spring valley Estate, km49 Lekki - Epe Expy, Eti-Osa, Lagos 106104, Lagos, Eti-Osa, Sangotedo 106104, Lagos",6.4687539,3.7033168,coworking_space,B
989 Workspaces,"Block 12E, Admiralty Way Opposite Ascon Petrol Station Eti Osa, Lekki Phase 1, Lagos",6.447404,3.4808941,coworking_space,B
Tyworkspace,"32 Lawson St, Lagos Island, Lagos 102273, Lagos",6.4484589,3.4049672,coworking_space,B
City Space,"1b Oluseun Cres, Gbagada, Ikeja 100271, Lagos",6.5554437,3.3698603,coworking_space,B
Huddle Workspaces,"2B Rev.Ogunbiyi St, off Oba Akinjobi Way, Ikeja GRA, Ikeja 101233, Lagos",6.5821175,3.3480089,coworking_space,B
The Adrenalina,"369 Borno Way, Alagomeji-Yaba, Lagos 101241, Lagos",6.5012784,3.3759597,coworking_space,B
Makerspace NG,"J859+5GF Cement Busstop, F&F Plaza Lagos NG, Adebisi Awoshoga St, Dopemu, Agege 102212",6.607939,3.3187928,coworking_space,B
TecHub Spaces,"Lateef Jakande Rd, Agidingbi, Ikeja 101233, Lagos",6.6245121,3.3532059,coworking_space,B
GLI HUB,"315 Borno Way, Yaba, Lagos 100001, Lagos",6.4964808,3.377838,coworking_space,B
PEACE OFFICE HUB,"248 Muyibat Oyefusi Crescent Omole Phase 1 Estate, Isheri, Ikeja 100010",6.633559,3.3627877,coworking_space,B
Ewa Agoyin Cafe,"36 Olayiwola St, Alimosho, Abule Egba 101232, Lagos",6.6596593,3.3096422,cafe,B
CAFÉ MAHI,"3a Adekunle Fajuyi Way, Ikeja GRA, Ikeja 101233, Lagos",6.5737964,3.3608383,cafe,B
Lotus Cafe Nigeria,"Plot ,9 Lateef Jakande Rd, Agidingbi, Ikeja 101233, Lagos",6.6333736,3.3535089,cafe,B
Ola’s Café,"30 Abdul Quadri Adebiyi Street, Ikosi Ketu, Lagos 105102, Lagos",6.6191479,3.3744221,cafe,B
Martins Cafe,"M89G+W44, Ajibode St, Ifako-Ijaiye, Lagos 101232, Lagos",6.6696186,3.325348,cafe,B
CAFE MESI,"Lagos NG, 5 Ayinde Akinmade St, Phase 1, Lekki 106104",6.4471625,3.4812597,cafe,B
Indomie Cafe VI,"3 Idowu Martins St, Victoria Island, Lagos 101241, Lagos",6.4314267,3.4195089,cafe,B
Mathemagic Cafe,"No. 18, Oko Oba/ Abule Egba, In Front Of Adeniji Elereu Bus Stop, Agege, Nigeria, David Ogundele St, Lagos 100283",6.6099965,3.2578537,cafe,B
Indomie Cafe - FESTAC,"Shop 2, Shoprite Festival Mall FESTAC Town, FESTAC, Lagos 102314",6.464619,3.3043783,cafe,B
ART CAFE,"282 Akin Olugbade St, Victoria Island, Lagos 106104, Lagos",6.4313976,3.4203483,cafe,B
C & A Cafe,"J848+9RX, A5, Dopemu, Lagos 102212, Lagos",6.6059856,3.3170954,cafe,B
Slush Cafe Lagos,"40a Adebayo Doherty Rd, Lekki Phase I, Lagos 106104, Lagos",6.4386518,3.4638752,cafe,B
Cookbox Cafe,"Igando, Lagos 102213, Lagos",6.5403738,3.2246809,cafe,B
Yum-Yum Cafe,"67B Aina Obembe Street Off Oluwaga Road Baruwa Lagos Lagos NG, Ipaja, Baruwa 100278",6.5957998,3.2600343,cafe,B
Hot Crust Cafe,"Alpha Mall, 117 Ogudu Rd, Ogudu, Lagos 100242, Lagos",6.5769284,3.3894864,cafe,B
Talk2me Cyber Cafe,"10 Oka Akoko Rd, Ifako-Ijaiye, Agege 112105, Ogun State",6.6833411,3.3285715,cafe,B
Yum Yum Cafe,"Local Government, 136 Isheri Oshun Rd, Isolo Rd, Ijegun, Lagos 102213, Lagos",6.5144494,3.2701823,cafe,B
Damakel Cafe,"120 Ogba Rd, Ijaiye, Age 102212, Lagos",6.617444,3.3343798,cafe,B
Indomie Cafe - Yaba,"Ozone e-centre, 1-11 Commercial Ave, Yaba, Lagos 101241, Lagos",6.5063376,3.3743698,cafe,B
Ijeoma Eatery,"Unnamed Road, Alimosho, Lagos 102213, Lagos",6.5998304,3.2357561,cafe,B
Crust Cafe,"5 Fola Osibo Rd, Lekki Phase I, Lekki 106104, Lagos",6.4428408,3.4651044,cafe,B
Tiffany Amber Cafe,"15 Gerrard Road, Ikoyi, Lagos 106104, Lagos",6.4544382,3.4394335,cafe,B
"2, Adeoye Close","2 Adeoye Cl, Ifako-Ijaiye, Lagos 101232, Lagos",6.6733971,3.2839016,cafe,B
Indomie Cafe - Lekki Phase 1,"Block 64 Plot 3 Fola Osibo Street, Emma Abimbola Cole, Lekki Phase 1, Lagos",6.4423376,3.4734325,cafe,B
Olasheu Foods,"Agege, Lagos 102212, Lagos",6.6223851,3.3291383,cafe,B
Murtala Cafe,"G9FH+QM4, Nearest Police Station, Kankia 822101, Katsina",6.5243793,3.3792057,cafe,B
Eko Five Restaurant Igando Lagos,"Isheri Rd, Ikotun, Lagos 102213, Lagos",6.5516527,3.2404797,cafe,B
Alhaja Olaiya Food Canteen,"Agbotikuyo, 14 Alh Olaiya St, Agege, Lagos",6.6251722,3.3119186,cafe,B
"Milk and Honey Lagos, by Livvy's Twist cake co.","47 Admiralty Road Eti-osa, Lekki Phase 1, Lagos 105102",6.4520238,3.4702859,cafe,B
COAH Lagos,"Plot 19 Lateef Jakande Road Ikeja, Lagos",6.6344523,3.3535532,cafe,B
Divanni Place,"bus stop, Abule Eko / Igbopa, rd, Abule Eko Road, Ijede 104102, Lagos",6.5840073,3.5970511,cafe,B
Close,"J8C4+5X2, Seriki St, Magbon, Lagos 102212, Lagos",6.6203599,3.3073763,cafe,B
TOP BEANS. Coffee & more,"1436 Sanusi Fafunwa St, Victoria Island, Lagos 106104, Lagos",6.4312706,3.4265114,cafe,B
CaffiCafé,"Popoola Are St, off Ago Palace Way, Isolo, Ikeja 100263, Lagos",6.5091137,3.3124914,cafe,B
Oyinlola Food Canteen,"Shop No. 8, Ashade Market, Ifako-Ijaiye, Ikeja 102212, Lagos",6.6137079,3.3290703,cafe,B
Chez Sam Cafe,"26 Prince Adelowo Adedeji St, Lekki Phase I, Lekki 106104, Lagos",6.4426215,3.4575619,cafe,B
Dayo Kuye cl no 1,"12 Dayo Kuye Cl, Ifako-Ijaiye, Lagos 101232, Lagos",6.6569193,3.3115242,cafe,B
Cybercafe,"J9RV+5RQ, Channel Rd, Isheri Oke, Agege 102109, Ogun State",6.6404717,3.3946009,cafe,B
Big Femzy Bakery,"280 Meiran Rd, Oke Odo, Lagos 102213, Lagos",6.6370642,3.2698991,cafe,B
Amala Yahoo Spot,"Bosun Anifowoshe St, Olakunle Ajibade St, off Olakunle Rd, Ojota, Lagos 105102, Lagos",6.5857448,3.3857618,cafe,B
Crave Lagos,"60 Omorinre Johnson Street, Lekki Phase 1, Eti Osa 234001, Lagos",6.4364437,3.4610553,cafe,B
Elysium Lagos,"Plot 6, Block, Lagos NG, 89 Omorinre Johnson Street, Phase 1, Lekki 105102",6.4362919,3.4599416,cafe,B
Emmani Treats,"Opic/ Isheri-North Community, Channels TV Ave, Isheri Oke, Lagos 102109, Ogun State",6.6483483,3.3908011,cafe,B
Lagos,"J8XF+V9C, Close B, Iju Rd, Lagos",6.6496839,3.3233751,cafe,B
Amala Sky Lagos,"Beside Fidelity Bank, Admiralty Way, Lekki Phase 1, Eti-Osa, Lagos 101233, Lagos",6.445758,3.4578113,cafe,B
"Tranquilbyglims - Restaurant and Spa in Ikorodu, Lagos","HF3F+24X Isasi, Ikorodu, Lagos 104102",6.5528733,3.472717,cafe,B
G - Restaurant,"6 Bola Ayeni St, Papa Ashafa, Lagos 102212, Lagos",6.6254948,3.3107244,cafe,B
K And K Communication,"G7J5+GXV, Ijegun, Lagos 102213, Lagos",6.531362,3.2599297,cafe,B
Foodies Hot and Spicy 2 - Best Restaurant in Lagos,"32a Admiralty Wy, Eti-Osa, Lagos 106104, Lagos",6.4480082,3.4713806,cafe,B
Mugg & Bean,"12 Old Medical Rd, Oregun, Ikeja 101233, Lagos",6.6142475,3.3580586,cafe,B
Eni Afe lamo restaurant.,"39 Old Yaba Rd, Yaba, Lagos 101245, Lagos",6.4933419,3.3806471,cafe,B
Restaurant,"Ijegun ajetomobi, Alimosho, Lagos 102213, Lagos",6.5289011,3.2602813,cafe,B
Daily food cafeteria,"16 Keke Bello St, Agege, Lagos 102101, Lagos",6.4965422,3.1409823,cafe,B
Yum Yum Cafe Akowonjo,"Adonai Plaza, 80 Akowonjo Rd, off Baale Bus/stop, Alimosho, Lagos 102213, Lagos",6.6005279,3.2979567,cafe,B
O.K GRILLS,"FH23+JGM, Lekki - Epe Expy, adjacent Mega Chicken, Lekki Penninsula II, way, Lagos 106104",6.4512823,3.5536748,cafe,B
AzdamTreats,"Channels TV Ave, Isheri Oke, Agege 102109, Ogun State",6.6492042,3.3901946,cafe,B
Just Amala,"J942+9C7, Allen, Ikeja 101233, Lagos",6.6058849,3.3510572,cafe,B
Moeshen Cafe Bar,"Plot 1049 Abubakar Koko Ave, Lifecamp, Abuja 900108, Federal Capital Territory",9.0861937,7.3909155,cafe,B
Food,"Adonai shopping mall, 5 Channels TV Ave, Isheri Oke",6.6404479,3.3992514,cafe,B
Get Trained,"8 akinwummi street arida opposite UBA, Lagos",6.5243793,3.3792057,cafe,B
Enjoy Food Restaurant and Guest House,"4 Obanle Aro Cres, opposite Indian Legveg School, Ilupeju, 102215, Lagos",6.5524685,3.3636132,restaurant,B
Ewa Agoyin Cafe,"36 Olayiwola St, Alimosho, Abule Egba 101232, Lagos",6.6596593,3.3096422,restaurant,B
Lagos Kitchen,"31 Road, Round About, Gowon Estate Alimosho, Lagos 100001",6.6013817,3.2806906,restaurant,B
Jasmine Home Foods Restaurant Abule Ijesa Lagos,"G99J+9JX, Abule ijesha, Lagos 101245, Lagos",6.5184667,3.3816065,restaurant,B
Olasheu Foods,"Agege, Lagos 102212, Lagos",6.6223851,3.3291383,restaurant,B
Mega chicken - Amuwo,"Festac Access Rd, Amuwo Odofin Estate, Lagos 102102, Lagos",6.4710773,3.3126485,restaurant,B
Mercy's Place Restaurant,"2 Moyo Agoro St, Ifako Agege, Lagos 101232, Lagos",6.6331587,3.3328931,restaurant,B
Ubok Abasi Restaurant,"91 Dopemu Rd, Agege, Lagos 102212, Lagos",6.6182265,3.3128582,restaurant,B
Belly Mattaz Restaurant,"Off Lewis Street, Pen Cinema, 15 Sunmonu St, Agege, Lagos",6.6274578,3.3243,restaurant,B
God's Time Restaurant,"65 Agege Motor Rd, Idi Oro, Lagos 102215, Lagos",6.5225075,3.3632884,restaurant,B
De-Gold Resturant,"1 Bajomo Adenuga, Alimosho, Lagos 102213, Lagos",6.6540514,3.2858477,restaurant,B
vintage africana lagos restaurant,"6 William Elliot north str, dele adedugbe estate, oko oba, Agege, Lagos",6.6570071,3.313542,restaurant,B
WakaChow,"3 Philip Taiwo Coker St, coker estate, Lagos 102213, Lagos",6.5737071,3.3057994,restaurant,B
Flames By Lacibo,"59 Ogunlana Dr, Surulere, Lagos 100011, Lagos",6.5080993,3.352923,restaurant,B
Ibile Foods,"18 Lagos-Abeokuta Expy, beside Mobil Filling Station, Ifako-Ijaiye, Lagos 101232, Lagos",6.650517,3.3031023,restaurant,B
"The Food place, abule egba","Progress seafood,Abule egba bus stop Agbado oke odo, Abule Egba, Lagos",6.6494677,3.3040076,restaurant,B
Food place,"65 ilumo road Ikola off command ipaja Lagos, Alimosho, Lagos",6.6231157,3.2472411,restaurant,B
Mama Opke Restaurant,"Power Line Rd, oke-ira, Lagos 101233, Lagos",6.6534486,3.3489124,restaurant,B
Nmnvgjji,"J87C+JW5, Agege, Lagos 102212, Lagos",6.6140101,3.3223666,restaurant,B
Mummy Chioma Restaurant,"Pipeline, 8 Pipeline Rd, Fagba",6.6546825,3.3201787,restaurant,B
Native Tray Lekki Lagos,"19 Admiralty Way, Lekki Phase I 106104, Lekki, Lagos 106104",6.4474113,3.4788835,restaurant,B
Homemade Meals In Lagos (The Snail Specialz),"22 Olatunde Okebola close, College Rd, Ogba, Lagos",6.6406638,3.3462237,restaurant,B
G - Restaurant,"6 Bola Ayeni St, Papa Ashafa, Lagos 102212, Lagos",6.6254948,3.3107244,restaurant,B
Amazonia Restaurant Lagos,"5 Adeola Hopewell St, Victoria Island, Lagos 106104, Lagos",6.4320996,3.4291687,restaurant,B
Okebado Restaurant And Bar,"Off Dopemu Road, Papa Ashafa, 22 Fashola St, Lagos",6.6240414,3.3110687,restaurant,B
Ami Tasty Meal,"Sewage Rd, 22 Rd, &, Agege 102213, Lagos",6.5983995,3.2782299,restaurant,B
Legacy Restaurant & Bar,"24 Obafuwa Street, Agege, Lagos 102212, Lagos",6.6207644,3.3306363,restaurant,B
Alhaja Olaiya Food Canteen,"Agbotikuyo, 14 Alh Olaiya St, Agege, Lagos",6.6251722,3.3119186,restaurant,B
Lady Mk Restaurant,"J8CH+FHQ, Road, Ogba, Lagos 102212, Lagos",6.6212059,3.3289795,restaurant,B
Mama Cass Restaurant,"1 Dayo Adeniyi Street, Ifako-Ijaiye, Lagos 101232, Lagos",6.6577291,3.3131079,restaurant,B
Iya Tomiwa Restaurant,"J8PP+C82, Kayode St, Ogba, Lagos 101232, Lagos",6.6359842,3.3358112,restaurant,B
Mama J Restaurant,"Agbotikuyo, 11 Alh Olaiya St, Agege, Lagos",6.6249343,3.3120005,restaurant,B
Lacibo Restaurant and Lounge,"No. 59 Ogunlana Dr, Surulere, Lagos 101241, Lagos",6.5081044,3.3528812,restaurant,B
MamaDoGood Restaurants,"1 Alhahja Sifau Street, Dopemu Rd, Agege, Ikeja 100273, Lagos",6.6176869,3.3130739,restaurant,B
Hajia Restaurant,"19 Olaleke Taiwo St, Ojodu, 101233, Lagos",6.6434543,3.3601153,restaurant,B
TASTY RESTURANT AND BAR,"16 Thomas Salako St, Ogba, Ikeja 300001, Lagos",6.6330286,3.3408773,restaurant,B
MUMMY T& K RESTAURANT,"1, ANIDARA STREET, AYOBO, Ipaja, Lagos 300001",6.6023852,3.2534006,restaurant,B
Mummy Bolatife Food Canteen,"Off Jonathan Coker Street, Brown Bus Stop, New Oka Oba, 5C Onanubi St, Ifako-Ijaiye, Lagos",6.6585864,3.3163131,restaurant,B
Yakojeun,"68 TOS Benson Road, Ebute Ipakodo Rd, Ikorodu 104101, Lagos",6.6036812,3.4931444,restaurant,B
Pleasure kitchen,"Graceland, Aja, Lekki 106104, Lagos",6.4702371,3.5823428,restaurant,B
Mama Restaurant,"3 Pipeline Rd, Fagba, Lagos 101232, Lagos",6.6546498,3.320393,restaurant,B
Food City,"9 Kolawole St, Papa Ashafa, Lagos 102212, Lagos",6.6197687,3.3085167,restaurant,B
Prime Kitchen,"No 57, Isheri Road, Oja Bus Stop Before County Hospital, Ogba Ikeja Lagos., Lagos 100218",6.635056,3.348594,restaurant,B
DIMAYO'S KITCHEN,"2 Adeshina Straat, Isheri Olofin, Lagos 102213, Lagos",6.5740514,3.2853444,restaurant,B
Delicacies Restaurant,"20 Post Office Rd, Alimosho, Lagos 101232, Lagos",6.6638012,3.2858434,restaurant,B
City's Best Restaurant,"11 Okeayo St, Agege, Lagos 102212, Lagos",6.6243959,3.31469,restaurant,B
De Tastee Fried Chicken,"1 & 2 Balogun Street, Old Pen Cinema, Agege Agege, Lagos 100283",6.5988712,3.3355007,restaurant,B
"The Place Restaurant, Ogba","31 Ogunnusi Street opposite airtel office Ikeja, Lagos 100218",6.6355939,3.3483714,restaurant,B
"B & B, Restaurant and Bar","1, Aga street, Elliot bus stop, Iju-Ishaga, Lagos, Nigeria 81, Dopemu road, Trust in God bus stop, Dopemu, Lagos state, Nigeria 1, Powerline street, Salolo bus stop, Meiran, Lagos state, Nigeria Alimosho, Iju Ishaga Rd, Lagos",6.6205629,3.3123136,restaurant,B
CONE DINNING,"15 Adeniji St, off Wemco Road, Ogba, Ikeja 101233, Lagos",6.6331328,3.34913,restaurant,B
Tasty dishes restaurant and catering services,"3,Shobowale Street,awori abule egba, Ikeja 300001",6.6568526,3.3054851,restaurant,B
God's Own Restaurant,"Power Line Bus Stop, Orile, 17 Oko-Oba Rd, Agege, Lagos",6.6337068,3.3117596,restaurant,B
Amala Yahoo Spot,"Bosun Anifowoshe St, Olakunle Ajibade St, off Olakunle Rd, Ojota, Lagos 105102, Lagos",6.5857448,3.3857618,restaurant,B
Close,"J8C4+5X2, Seriki St, Magbon, Lagos 102212, Lagos",6.6203599,3.3073763,restaurant,B
Omojesu Foods,"Sapara St, Badia, Lagos 102272, Lagos",6.4566395,3.362037,restaurant,B
Mako Lagos,"36 Ademola St, Ikoyi, Lagos 106104, Lagos",6.4401554,3.4159652,restaurant,B
Igbo Food Restaurant,"Pen Cinema, Off Lewu Street, 8 Sunmonu St, Agege, Lagos",6.6270592,3.3238879,restaurant,B
Oyinlola Food Canteen,"Shop No. 8, Ashade Market, Ifako-Ijaiye, Ikeja 102212, Lagos",6.6137079,3.3290703,restaurant,B
Amala Sky Lagos,"Beside Fidelity Bank, Admiralty Way, Lekki Phase 1, Eti-Osa, Lagos 101233, Lagos",6.445758,3.4578113,restaurant,B
Boluwatife Food Canteen,"7 Iju Rd, Agege, Lagos 101232, Lagos",6.6431275,3.3238159,restaurant,B
Lagos State University,"Lasu Main Rd, Ojo, Lagos 102101, Lagos",6.4663553,3.2003007,school OR university,B
"Lagos State University of Education, Oto-Ijanikin","G426+385, Staff Club Mami Market,AOCOED,Oto/Ijanikin, Ojo, Lagos",6.5001319,3.1108612,school OR university,B
University of Lagos,"University of Lagos, University Road Lagos Mainland Akoka, Yaba, Lagos",6.515759,3.3898447,school OR university,B
CROWNMENT SERVICES LIMITED,"Staff Club, LASUED/AOCOED, Oto, Lagos 102101, Lagos",6.5000485,3.110905,school OR university,B
Lagos State University International School,"Inside Lagos State University, Lagos Badagry Express Way, Ojo, Lagos 102101, Lagos",6.4801006,3.1986542,school OR university,B
Anchor University,"Ayobo Street, Ayobo Rd, Ipaja, Lagos",6.6039714,3.2419436,school OR university,B
"Lagos State University of Education, Epe Campus","Km 7 Epe Ijebu Ode Road, Noforija, Epe 106101, Lagos",6.6261625,3.9852503,school OR university,B
UNIVERSITY OF LAGOS STAFF SCHOOL,"University Of Lagos, Akoka Rd, Yaba, Lagos 101245, Lagos",6.5158092,3.3971423,school OR university,B
"Lagos State University College of Medicine,","Ishaga Rd, beside Lagos University Teaching hospital, Idi-Araba, Lagos 101233, Lagos",6.5888547,3.3418315,school OR university,B
Joke Ayo Comprehensive College,"Joke Ayo Bus Stop 50/52 Old Otta Road, Off A. I. T. Rd, Alagbado, Lagos",6.66305,3.2599313,school OR university,B
Cokwills College of Education,"Karaole Estate, Adewale Adegun Avenue Lagos NG, off College Rd, Ifako-Ijaiye, Agege 100215, Lagos",6.6464466,3.3282922,school OR university,B
Lagos State University School of Communication,"F6C2+W33, Lagos - Badagry Expy, Ojo, Lagos 102101, Lagos",6.4722514,3.2001871,school OR university,B
EKO UNIVERSITY OF MEDICAL AND HEALTH SCIENCES,"Klm 28 Badagry Exp, Ojo, Lagos 102101, Lagos",6.4918396,3.1221936,school OR university,B
"Oduduwa College Of Professional Studies, Oduduwa University, Idimu","213 Idimu Rd, Idimu, Lagos 102213, Lagos",6.5842092,3.2846613,school OR university,B
The Palms Shopping Mall,"1 Bisway St, Maroko, Lekki 106104, Lagos",6.4357545,3.4516297,shopping_mall,B
Ikeja City Mall,"Obafemi Awolowo Wy, Alausa, Ojodu 101233, Lagos",6.6143564,3.3581327,shopping_mall,B
Ogudu City Mall,"Local government area, 175 Ogudu Rd, Ogudu, Lagos 100242, Lagos",6.5739328,3.3944715,shopping_mall,B
Quiet Pols Residence,"2A Richard Adejumo Cl, off Odegbami Street, next to Temple School, Boet Estate, Ikeja 100282, Lagos",6.6156948,3.3495168,lodging,B
Ikeja Central Hotel,"6 Obe Street, Off Adeniyi Jones, Ikeja",6.6020123,3.3397972,lodging,B
Ben Auto Guest House Idi Mangoro Lagos,"18 Oladipupo Fafore St, Akowonjo, Lagos 102213, Lagos",6.6048158,3.3124351,lodging,B
Quietlane Residence,"1 Olu Akerele Street off Lagoon Hospital, Obafemi Awolowo Wy, Ikeja",6.6031963,3.3428154,lodging,B
Legendary Hotel And Lounge,"47 Oritshe street off Obafemi Awolowo way Ikeja ground floor, Lagos 100271",6.6039757,3.3465483,lodging,B
Thapunchline Apartments and Hotels,"14 Independence St, Ikeja, 100001, Lagos",6.5997058,3.3365018,lodging,B
De Genesix Hotel and Suites,"10A-C Abo-Aba St, Ojodu, Lagos 101233, Lagos",6.6444072,3.344524,lodging,B
Terris Hotel,"J8CH+CMR, Ogba, Lagos 102212, Lagos",6.6211029,3.329151,lodging,B
House9Royale,"16 Ladipo Oluwole St, Lagos, Ikeja 100282, Lagos",6.6151752,3.34231,lodging,B
ARIFLAD HOTEL & SUITES,"Off Haruna B/Stop, 17 Emmanuel Olurunfemi St, College Rd, Ogba, Lagos",6.6390185,3.3310518,lodging,B
Martinos Hotel and Events Centre,"J922+PHP, Allen, Ikeja 101233, Lagos",6.6018262,3.3514628,lodging,B
New generation hotel,"4 Kolawole St, Ifako Agege, Lagos 101232, Lagos",6.6343538,3.3318677,lodging,B
Haute Aparthotel,"9 Alade Ave, Allen, Ikeja 100282, Lagos",6.6042324,3.3478547,lodging,B
Cosmic Guest house,"J922+PHP, Allen, Ikeja 101233, Lagos",6.6018262,3.3514628,lodging,B
Marble Brand Hotel,"35 Oritshe St, off Obafemi Awolowo Wy, Ikeja",6.6031253,3.3457329,lodging,B
Offshore Roomz Hotel,"1, Odumosu Street, Off Iju Road, Agege, Lagos",6.641521,3.323492,lodging,B
Blitz Hotels and Suites,"Off Oyemekun, 2 Omomo Street, by College Rd, Ogba, Lagos",6.6348483,3.3261504,lodging,B
Oragon hotel and suites,"9 Oluwasijibomi Street, Off Yaya Abatan Rd, Ogba, Ikeja",6.6373489,3.3416925,lodging,B
La'Avril Hotels and Suits,"4 Taqwa Crescent, Iju Rd, Lagos",6.6405954,3.3236883,lodging,B
Thoak Royal Suite,"5 Odegbami St, Adeniyi Jones, off Talabi Street, Boet Estate, Ikeja 100233, Lagos",6.6180822,3.3461131,lodging,B
The African Garden Lodge,"J922+PHP, Allen, Ikeja 101233, Lagos",6.6018262,3.3514628,lodging,B
Hotel 1960 Eagles Park,"7 Obokun Cl, Obafemi Awolowo Wy, off Dipeolu Street, Allen, Ikeja 101233, Lagos",6.6047492,3.3482342,lodging,B
ZIGI HOTELS /CLUB ZIGI,"1 Zukada Cl, off Shasha Road, Akowonjo, Ikeja 234001, Lagos",6.6015377,3.3100249,lodging,B
Greenbelt Hotel & Suites,"5 Mathew Street, off Ogba Rd, Agege, Lagos 100213, Lagos",6.6176564,3.3318283,lodging,B
Dreamland Luxury Suites,"J922+PHP, Allen, Ikeja 101233, Lagos",6.6018262,3.3514628,lodging,B
Nola's Lounge,"17b Dada St, Ifako Agege, Lagos 101232, Lagos",6.6345755,3.331023,lodging,B
Galpin Suites,"1 Jafac Close, Adeniyi Jones Avenue, Alh. Jimoh St, Ikeja",6.6145669,3.3499274,lodging,B
Paradise Hotel & Suites,"Cinema B/Stop, 6/8 Alimi Ogunyemi Street, Off College Rd, Ogba, Lagos 100218",6.6376126,3.3321848,lodging,B
Sese Cottage,"45, Olu Akrerele Street, Off Kofo Crescent, Off Balogun St, Ikeja, Lagos",6.6044334,3.3444242,lodging,B
CHUKZIE HOME SUITE,"13 Alhaja Kofoworola St, Oba Akran, Ikeja 101233, Lagos",6.6141822,3.3490908,lodging,B
Glandov Hotel,"3 Itohan Ave, Ikeja 101233, Lagos, Ikeja, 101233, Lagos",6.6027953,3.3422565,lodging,B
Executive Hotel & Suites,"4 Awofisayo Close, Ogba, Ikeja 102212, Lagos",6.6167209,3.3335329,lodging,B
Paradise Hotel and Garden,"J922+PHP, Allen, Ikeja 101233, Lagos",6.6018262,3.3514628,lodging,B
Suite 29 Hotel,"29 Oluwaleimu St, Off Ladipo Kuku St, off Allen, Ikeja 101233",6.6001945,3.3484398,lodging,B
"Class Suites, Agege-Ogba","3, Emiloju Street, Behind Agege Stadium, 1 Emiloju St, Agege, Lagos 234001",6.6228143,3.3306679,lodging,B
House 30 hotels suites and apartments,"30a Abba Johnson Crescent Akora, Adeniyi Jones, Ikeja, Lagos",6.6125589,3.3478185,lodging,B
luxol homes and suites,"BOET Estate Gate, 7 Odegbami Close, Adeniyi Jones, Ikeja 100282",6.6174373,3.3486578,lodging,B
Bridgelink,"J922+PHP, Allen, Ikeja 101233, Lagos",6.6018262,3.3514628,lodging,B
Watercress Hotelsboutique Executive and Luxurious Hotel in Ikeja,"J83W+24X, Oritshe St, Allen, Lagos 101233, Lagos",6.6026285,3.3453467,lodging,B
Ebony Spot Hotel,"J922+PHP, Allen, Ikeja 101233, Lagos",6.6018262,3.3514628,lodging,B
Posh Apartments Metro,"73 Abba Johnston Crescent Off Adeniyi Jones Avenue Ikeja Lagos, Lagos",6.6118895,3.3472182,lodging,B
"De Santos Hotel, Lagos","7 Shasha Rd, Akowonjo, Lagos 300001, Lagos",6.6054158,3.3107285,lodging,B
White Villa hotel & suite,"62 Olatunde Cl, Ojodu, Lagos 101233, Lagos",6.6412281,3.3451831,lodging,B
Blue Sea Hotel & Lounge,"1, Cocoa Industry Ltd, Via, Akilo Rd, Ogba, Ojodu",6.6214604,3.3359279,lodging,B
A Y Hotel,"J922+PHP, Allen, Ikeja 101233, Lagos",6.6018262,3.3514628,lodging,B
Triedent Suites,"14A Ladipo Oluwole St, Ogba, Ikeja 101233, Lagos",6.6152101,3.3420474,lodging,B
Rhodes Wood Motel | Best Hotel in Agege,"1 Nepa powerline, Otubu St, Ogba, Agege 100283, Lagos",6.620136,3.331907,lodging,B
Unique Grace Shortlet Apartment In Ogba Lagos,"39 Adeyeri Cres, off college road, Ogba, Ikeja 101232, Lagos",6.6397614,3.3357632,lodging,B
Eche - Homo Hotel,"Cement, 3 Aiyetoro St, Ikeja",6.6036517,3.3199972,lodging,B
Solochus Hotel & Suites,"Pen Cinema, 5 Sunmonu St, Agege, Lagos",6.627173,3.3236778,lodging,B
Ivy hotel ikeja,"13, Aromire avenue Off Adeniyi Jones, By Allen Ave, Ikeja, 101233, Lagos",6.6082699,3.3475741,lodging,B
Senators Suites,"J922+PHP, Allen, Ikeja 101233, Lagos",6.6018262,3.3514628,lodging,B
Purple Crown Hotel Gold,"110 Obafemi Awolowo Wy, Allen, Ikeja 100282, Lagos",6.6022497,3.3447046,lodging,B
DownTown Lagos Hotel Ikeja,"22 Dipeolu St, Opebi, Ikeja 101233, Lagos",6.6052504,3.3493751,lodging,B
AOTEL HOTEL IKEJA,"2 Owodunni St, Amore Street, Allen, Ikeja 101233, Lagos",6.5992959,3.3501002,lodging,B
Sands Hotel Nigeria Limited,"J8RF+VXG, Ifako Agege, Lagos 101232, Lagos",6.6422136,3.3249244,lodging,B
Blackwood Grillss and Bar,"11 Olu Akerele St, behind Lagoon Hospital, Ikeja, Lagos 101233, Lagos",6.6038664,3.3440439,lodging,B
Class Suites Villa,"69 Old Abeokuta Rd, Papa Ashafa, Lagos 234001, Lagos",6.6166197,3.3268749,lodging,B
B & S hotels,"40 Adebise Awosoga St, Dopemu, Lagos 102212, Lagos",6.6087759,3.3184874,lodging,B
Humble Star Hotel,"Alfa Nla Rd, Papa Ashafa, Ikeja 102212, Lagos",6.6154514,3.323108,lodging,B
Biggie's Work Space,"Beside Conoil, Jumofak Bus stop, Aruna Ikorodu, Ikorodu, Lagos",6.6243102,3.4915532,coworking_space,C
Workquarters - Coworking Space in Ikorodu | Private Office | Meeting Room | Virtual Office,"Blue House, Jumofak Bus Stop, 134 Lagos Ikorodu Express Road, Ikorodu, 104101, Lagos",6.6251666,3.4910388,coworking_space,C
Ajegunle Co-Working Hub,"101 Kirikiri Road, Opp Mobil Filling Station, Wilmer Bus stop, Apapa, Lagos 100211",6.4483597,3.3345696,coworking_space,C
Workstation,"Lagos NG, 350 - 360 Ikorodu Rd, Maryland, Ikeja 100211",6.5666447,3.3670074,coworking_space,C
TyWorkSpace,"17 Ibikunle St, Yaba, Lagos 100001, Lagos",6.5140461,3.3769924,coworking_space,C
The Work Haven Ogba,"Suite G303, Ogba Multipurpose Shopping Complex, Ifako-Ijaiye, Ikeja 101233, Lagos",6.6299373,3.3434909,coworking_space,C
eeSPACE,"11 Adekoya St, Ogba, Lagos 100001, Lagos",6.6413135,3.3276025,coworking_space,C
Technology Incubation Centre,"1 Oba Ogunji Rd, Ijaiye, Lagos 102212, Lagos",6.6285435,3.3259949,tech_hub OR incubator,C
Adjacent Tech Hub & Coworking,"139 Idiroko Rd, Ota 112233, Ogun State",6.6895358,3.2270212,tech_hub OR incubator,C
CcHUB,"294 Herbert Macaulay Wy, Sabo yaba, Lagos 101245, Lagos",6.5042937,3.3779848,tech_hub OR incubator,C
Africa Fintech Foundry,"1216 Ibiyinka Olorunbe, off Amodu Ojikutu Street, Victoria Island, Lagos 106104, Lagos",6.4254263,3.4198882,tech_hub OR incubator,C
Passion Incubator,"70 Olonode St, Alagomeji-Yaba, Lagos 101245, Lagos",6.4959621,3.379063,tech_hub OR incubator,C
"Vatebra Tech Hub, Ajah","Royal Office Building KM 25 Lekki - Epe Expressway Ajiwe Eti-osa Ajiwe, Ajah, Ajiwe, Lagos 101245",6.4694244,3.5823763,tech_hub OR incubator,C
NITDA IT HUB,"6 Commercial Rd, University Of Lagos, Lagos 101245, Lagos",6.5164389,3.391422,tech_hub OR incubator,C
Eko Innovation Centre,"50 Awolowo Rd, Ikoyi, Lagos 100211, Lagos",6.4421814,3.4136844,tech_hub OR incubator,C
Lagos Technology Business Incubator Centre,"6 Balogun St, Pen Cinema, Agege 102212, Lagos",6.6325453,3.3098221,tech_hub OR incubator,C
Tech-hub telecom,"Iyana Aboru Bus Stop, 2 Ige Street, Ipaja Rd, Alimosho, Iyana ipaja 300001",6.6172297,3.2973337,tech_hub OR incubator,C
Techub Connect Nigeria,"Connak Place 19 Akinremi St, Off Obafemi Awolowo Wy, Ikeja, Lagos",6.5985782,3.3377303,tech_hub OR incubator,C
Outhub Technology Limited,"15b Onibeju St, shangisha, Ikeja 100001, Lagos",6.6165981,3.3749777,tech_hub OR incubator,C
The Nest Innovation Technology Park,"1A Hughes Ave, Yaba, Lagos 101212, Lagos",6.4992962,3.3766976,tech_hub OR incubator,C
Blockspace Tech Hub,"2 OLADELE MAKUNJUOLA, OBALODU STREET, Ikorodu, Lagos 084234, Lagos",6.5766544,3.5618168,tech_hub OR incubator,C
Hub One,"10 Hughes Ave, Alagomeji-Yaba, Lagos 101011, Lagos",6.4993322,3.3772959,tech_hub OR incubator,C
TecHub Spaces,"Lateef Jakande Rd, Agidingbi, Ikeja 101233, Lagos",6.6245121,3.3532059,tech_hub OR incubator,C
iTechngdotnet Enterprises,"F82Q+HQC, Fasasi St, Ajegunle, Lagos 102103, Lagos",6.4512191,3.3393767,tech_hub OR incubator,C
Civic Hive,"42 Montgomery Rd, Sabo yaba, Lagos 101245, Lagos",6.5098293,3.3765273,tech_hub OR incubator,C
Print and Tech Hub,"81/90 Abraham Adesanya Complex, Onipanu, Lagos Lagos, Somolu",6.5329688,3.3682176,tech_hub OR incubator,C
C-Sharp Technology,"8 Aduke St, Aiyegbogun Mayegun Estate, Elegba 102110, Lagos",6.4623341,3.3373766,tech_hub OR incubator,C
Infozhub,"Trinity Bustop, 44 Palace Rd, off Fidelity Bank, Apapa, Lagos 102241, Lagos",6.4473098,3.3234504,tech_hub OR incubator,C
Impact Hub Lagos,"22 Glover Rd, Ikoyi, Lagos 106104, Lagos",6.4553064,3.4303431,tech_hub OR incubator,C
Jimbit Tech Hub,"Transformer, 39 Anifowoshe St, Agbede, Ikorodu 104101, Lagos",6.6096079,3.5138405,tech_hub OR incubator,C
TECHHUB,"15 akanni showumi Street beesem ikeja, Beesam, Mafoluku",6.5682233,3.3334196,tech_hub OR incubator,C
TechHub Integrated Services Limited,"Unity Estate, 60 Isiba Oluwo St, Egbeda, Lagos 102213, Lagos",6.5859248,3.2912753,tech_hub OR incubator,C
Henbuk Technology,"Mammy Market, Apapa, 138 Ojo Rd, Lagos",6.4608308,3.323328,tech_hub OR incubator,C
Technology Incubation Centre,"37WQ+8R, Nepa Drive, Idiori 110104, Ogun State",7.0996631,3.2916747,tech_hub OR incubator,C
Habtec System Technology,"13 Odofin St, Amukoko, Lagos 102103, Lagos",6.4456469,3.3278075,tech_hub OR incubator,C
Startup Hub,"The Resource Centre, 17 Ibikunle St, Road, off University Of Lagos, Yaba, Lagos 101245, Lagos",6.5140366,3.3770711,tech_hub OR incubator,C
I Tech Hub,"Lekki - Epe Expy, Oko Ado, Lagos 106104, Lagos",6.475898,3.6144,tech_hub OR incubator,C
Chibyke Technology Limited,"A096 ABIA PLAZA LAGOS INT'L TRADE FAIR ALONG, Lagos - Badagry Expy, Lagos",6.5243793,3.3792057,tech_hub OR incubator,C
DDTECH HUB,"DDTECH HUB, 16B Akintan Street, Dideolu Estate, Lagos 100001, Lagos",6.6303535,3.3374106,tech_hub OR incubator,C
E-Business Hub Nigeria,"3A Ahmad Tijani Ottun Street, Off Victoria Arobieke St, Eti-Osa, Lagos",6.5244,3.3792,tech_hub OR incubator,C
"Phone engineer,( soft ware and hardwa","local government, 7tolu road ajegunle, Ajeromi-Ifelodun, Lagos",6.4519514,3.3498005,tech_hub OR incubator,C
Noble-Achievers Technology,"4 Olokudana Stree Lagos, Ajeromi-Ifelodun, Lagos",6.4662461,3.331772,tech_hub OR incubator,C
Tech Hub,"2 Francis Oremeji street computer village Ikeja, Ikeja, Lagos",6.5935591,3.3391045,tech_hub OR incubator,C
Techpoint Africa,"43b Emina Crescent, off Toyin Street, Avenue, Allen, Ikeja 100281",6.5961931,3.3541259,tech_hub OR incubator,C
GAIN Business Incubator,"9 Dopemu Rd, Dopemu, Lagos 100273, Lagos",6.6092113,3.3105055,tech_hub OR incubator,C
Tobi Tech telecommunications,"10 Mensah St, Tolu Rd, Ajegunle, Ikorodu 100001, Lagos",6.4493542,3.3476575,tech_hub OR incubator,C
TECH HUB COMPUTER INSTITUTE,"ST Akonwonjo, 9/10 AJIMOTOKAN STREET, Akowonjo Rd, Lagos",6.5963783,3.3515745,tech_hub OR incubator,C
"Mindthegap Training Center, Incubation Hub & Co-working Space","Immam Dauda St, Iganmu, Lagos 101241, Lagos",6.484624,3.3528179,tech_hub OR incubator,C
Ajegunle Co-Working Hub,"101 Kirikiri Road, Opp Mobil Filling Station, Wilmer Bus stop, Apapa, Lagos 100211",6.4483597,3.3345696,tech_hub OR incubator,C
The Africa Talent and Skills Hub,"MindtheGap Social Enterprise Incubation Hub 2nd Floor, TAPA HOUSE, Imam Dauda Street, Off Eric Moore Rd, Surulere, Lagos 100001",6.4842492,3.3532281,tech_hub OR incubator,C
Placement Hub Tech Institute,"8 Adelabu St, off Masha Bus-Stop, Surulere, Lagos 101241, Lagos",6.5009538,3.3501258,tech_hub OR incubator,C
Urban Service Hub,"4 Ondo Street, Road, Ikorodu, Lagos",6.4842411,3.3827224,tech_hub OR incubator,C
N-Techorg,"174 Oba Olu-Iwa Rd, Apapa, Lagos 102103, Lagos",6.4481735,3.327031,tech_hub OR incubator,C
Tech hub,"10 Olusesan Ogunro St, Egbeda, Lagos 102213, Lagos",6.5987009,3.2885107,tech_hub OR incubator,C
Innovation Hub,"15 Ayinde Giwa St, Masha, Lagos 101241, Lagos",6.5024563,3.3519218,tech_hub OR incubator,C
THGI Network International,"59 Aiyetoro St, surlere, Lagos 101241, Lagos",6.4900249,3.3440181,tech_hub OR incubator,C
Innovation Hub,"35 Adebisi Ogunniyi Cres, Lekki Phase I, Lekki/Ikate And Environs 106104, Lagos",6.4332783,3.4789061,tech_hub OR incubator,C
IkoroduHub,"48 Obafemi Awolowo Rd, Igbogbo, Ikorodu 104101, Lagos",6.6177679,3.5155976,tech_hub OR incubator,C
Hilamatech Enterprises,"40 Idewu St, Ajeromi-Ifelodun, Lagos 102103, Lagos",6.4479062,3.3393786,tech_hub OR incubator,C
ICEDIGITAL HUB,"5 Sadiku St, Apapa, Olodi 100001, Lagos",6.4439541,3.3286839,tech_hub OR incubator,C
The Incubator,"Maroko, Lagos 106104, Lagos",6.428878,3.444123,tech_hub OR incubator,C
TechHub Africa,"7 Unity Rd, Allen, Ikeja 100271, Lagos",6.5988329,3.3460938,tech_hub OR incubator,C
TRACHEIDS TECH HUB,"2 Seriki Abass Crescent, off Osolo Way Ajao Estate., Lagos 100236",6.5437062,3.3311609,tech_hub OR incubator,C
Gabzgadget Hub,"Ilepo oba Bustop, Sabo Ikorodu, Ikorodu, Lagos 104223, Lagos",6.6282318,3.5066425,tech_hub OR incubator,C
Technology Edge Limited,"18 Igbeyin Adun Street, Charly Boy Bus Stop Lagos Brigade, Lagos",6.549034,3.379212,tech_hub OR incubator,C
Garden Technology Center,"Apapa, Ajegunle, 23 Baale Alayabiagba St, Lagos",6.4548097,3.3496612,tech_hub OR incubator,C
Tech Innovation hub,"26 Emma Emeagwai St, Abijor, Lagos 441117, Lagos",6.4618169,3.6621457,tech_hub OR incubator,C
royal cafe,"5 Sanwo-olo Rd, Ajegunle, Lagos 102103, Lagos",6.4559155,3.3436151,cafe,C
Regin Cafe,"Iyalode St, Ajegunle, Lagos 102103, Lagos",6.4562747,3.344544,cafe,C
Ostrich Cybercafe,"30 Oyebo St, Ajeromi-Ifelodun, Lagos 102103, Lagos",6.4453875,3.3395078,cafe,C
Arami Cafe,"55 Adeniran Ogunsanya St, Surulere, Lagos 101241, Lagos",6.493403,3.3573262,cafe,C
ENNY'S WINE CAFE,"Okoya St, Malu, Lagos 102103, Lagos",6.4594534,3.3434111,cafe,C
Da Vibe,"F86H+3VJ, Alaba, Lagos 102103, Lagos",6.460143,3.3296323,cafe,C
Hot Fun Cafe,"32 Calcutta Cres, Apapa Quays, Lagos 102272, Lagos",6.4406404,3.3656087,cafe,C
Ajegunle Apapa Lagos,"F85M+85M, Ajegunle, Lagos 102103, Lagos",6.4583444,3.3329151,cafe,C
Delicious Treat,"C8XJ+84Q, Oba Olu-Iwa Rd, Apapa, Lagos 102103, Lagos",6.4483633,3.3303605,cafe,C
BJ cafe,"61 Gaskiya Rd, Ijora, Lagos 102272, Lagos",6.4663874,3.3585996,cafe,C
Kingsail Coffee Shop,"71 Old Ojo Rd, Amuwo, Lagos 102102, Lagos",6.4585201,3.2995357,cafe,C
Edo Kitchen,"51 Isikalu St, ikorodu, Lagos 102103, Lagos",6.4423216,3.335642,cafe,C
officallydbfoods,"ITIRE BUS STOP, Ajeromi-Ifelodun, Lagos 100021, Lagos",6.4658132,3.3329694,cafe,C
iya idris,"F88P+QGP, Market St, Amukoko, Lagos 102103, Lagos",6.4669449,3.3363349,cafe,C
Eminent Tech World,"C9Q2+749, Ajegunle, Lagos 102272, Lagos",6.4381542,3.3503614,cafe,C
Okosisi Restaurant & Bar,"F83G+38W, Chidi St, Ajegunle, Lagos 102103, Lagos",6.4527299,3.3258648,cafe,C
Calabar Kitchen,"F88M+CP8, Apasa St, Amukoko, Lagos 102103, Lagos",6.4660385,3.3343342,cafe,C
near redeem church,"9 Freedom St, Ajegunle, Lagos 102103, Lagos",6.4541768,3.3385371,cafe,C
God time restaurant,"23 Yaya Cres, Apapa, Lagos 102103, Lagos",6.449072,3.3363703,cafe,C
De Ultimate Abula,"1 Endurance Street Boge by Gbaga Bus-stop ijede road ikorodu Lagos F82W+5CG Ikorodu, Ikorodu, Lagos 104102, Lagos",6.4504375,3.3460625,cafe,C
ST. CHRISTOPHER CYBER CAFE,"57, cementery road, amukoko lagos, Cementry Rd, Ajeromi-Ifelodun, Lagos",6.4663423,3.3432727,cafe,C
Favour Restaurant,"Shop No. 4, Block L, Mammy Market, Apapa, Ojo Rd, Lagos",6.4632014,3.3235131,cafe,C
Masfad Cafe,"Blk 207 Jakande Estate, Amuwo Odofin Estate, Lagos 102102, Lagos",6.4612053,3.3121026,cafe,C
PALATABLE,"236 Ojo Rd, Alaba, Lagos 102103, Lagos",6.4601343,3.3253462,cafe,C
Tetrazzini Food,"182 Oba Olu-Iwa Rd, Apapa, Lagos 100001, Lagos",6.4481394,3.3263734,cafe,C
Shop for all cafe,"78 Marine Rd, Apapa, Lagos 100001, Lagos",6.4488601,3.3527754,cafe,C
Perfect Delicious,"Road, Apapa, Lagos 102103, Lagos",6.4554777,3.3338547,cafe,C
Anyanwu Restaurant,"F87M+M5C, Awope St, Alaba, Lagos 102103, Lagos",6.4641882,3.3328969,cafe,C
Calabar kitchen,"67 Idowu St, Apapa, Lagos 102103, Lagos",6.4471551,3.337092,cafe,C
Pingins Bar,"32 Ojo Rd, Ajegunle, Lagos 102103, Lagos",6.4597033,3.3409379,cafe,C
Commando bar,"63 Kalejaiye Adeboye, Apapa, Lagos 102103, Lagos",6.453046,3.3428144,cafe,C
Meat Midere Restaurant,"63 Nosamu St, Ajegunle, Lagos 102103, Lagos",6.4546276,3.347478,cafe,C
Chris-Vanny Centre,"C8XR+RM9, Oba Olu-Iwa Rd, Ajeromi-Ifelodun, Lagos 102103, Lagos",6.4495292,3.3417264,cafe,C
King star bar,"64 Kalejaiye Adeboye, Ajegunle, Lagos 102103, Lagos",6.4535725,3.3423462,cafe,C
eat24 restaurant.,"57 Sanwo-olo Rd, Ajegunle, Lagos 102103, Lagos",6.4555882,3.3421923,cafe,C
F3 Spices,"25 Raji Rasaki Estate Rd, Amuwo Odofin, Lagos 100323, Lagos",6.4733501,3.3033067,cafe,C
Mama Wabisi,"F83V+V3F, Ajegunle, Lagos 102103, Lagos",6.4547164,3.3426621,cafe,C
Mama Joy Restaurant,"Boundary, 101 Nosamu St, Ajeromi-Ifelodun, Lagos",6.4553334,3.3450967,cafe,C
Deola Canteen,"Shop No. 41, Aratumi Market, Imam Raji St, Amukoko, Lagos 102272, Lagos",6.4773441,3.3442062,cafe,C
God Wish Restaurant & Bar,"2/4 Ikenne St, Alaba, Lagos 102103, Lagos",6.4577899,3.3420314,cafe,C
Yahwal Cyber Cafe,"102 Market St, Lagos - Badagry Expy, odunade, Ajegunle 102215, Lagos",6.4678739,3.3323259,cafe,C
SPICYFOOD,"66 Oba Olu-Iwa Rd, Apapa, Lagos 102103, Lagos",6.4487211,3.3360222,cafe,C
iya rashida,"F87P+XFV, Ishaga St, Alaba, Lagos 102103, Lagos",6.4648129,3.3362144,cafe,C
HOTPORTION FOODS AND RESTUARANT,"LOCAL GOVERNMENT, Aiyenero St, IFELODUN, Ajegunle, Lagos 100001, Lagos",6.4608476,3.3415132,cafe,C
Madam Peace Restaurant (Nwanyingwa),"14 Balogun St, Amukoko, Lagos 102103, Lagos",6.4660934,3.3291163,cafe,C
Shalom favour restaurant and bar,"F84V+FCJ, Ajeromi-Ifelodun, Lagos 102103, Lagos",6.4562149,3.3435146,cafe,C
Gunners Link,"78-80 Coker Rd, Coker, Lagos 101241, Lagos",6.4758145,3.3324998,cafe,C
God's Gift Restaurant,"Off Ojo Rd, Suru B/Stop, Ifelodun, 33 Charles Ave, Lagos",6.460438,3.3261081,cafe,C
Popoo k square viewing centre,"43 Oyedeji St, Alaba, Lagos 102103, Lagos",6.458162,3.3296042,cafe,C
Madam Electric,"42 Musibau Oluwa, Apapa, Lagos 102103, Lagos",6.4488912,3.3283514,cafe,C
Rockhouse Lagos Cafe,"8 Akpoguma St, Ikate, Lagos 100001, Lagos",6.5008358,3.3448307,cafe,C
macdons,"F83H+MFX, Otuniyo St, Ajegunle, Lagos 102103, Lagos",6.4542376,3.3287284,cafe,C
Buks restaurant,"3 Akerele St, Ajeromi-Ifelodun, Lagos 102103, Lagos",6.4534086,3.3297158,cafe,C
Derek-t Shawarma Spot,"33 Okoya St, Malu, Lagos 102103, Lagos",6.4594373,3.3431825,cafe,C
Mummy Fatimo,"7 Tolu Rd, Ajegunle, Lagos 102103, Lagos",6.4519275,3.3498019,cafe,C
Idy's Crib,"2 Al Ameen St, Surulere, Lagos 101241, Lagos",6.4803918,3.3323285,cafe,C
Infinity Business Centre,"56 Oba Abdulfatai Aremu Aromire St, Ajegunle, Lagos 202114, Lagos",6.4551707,3.3476004,cafe,C
Cafe & Event Planning,"28 Mba St, Surulere, Lagos 101241, Lagos",6.4955145,3.3563008,cafe,C
Affiliate,"Adekoya St, Ajeromi-Ifelodun, Lagos 102103, Lagos",6.4591333,3.3381319,cafe,C
Agnes Shop for Noodles,"2 Thomas street, off adebumoye junction ,olodi apapa lagos, Ajeromi-Ifelodun, Ajegunle 100001",6.4495032,3.3319375,cafe,C
Ajegunle Apapa Lagos,"F85M+85M, Ajegunle, Lagos 102103, Lagos",6.4583444,3.3329151,restaurant,C
Okosisi Restaurant & Bar,"F83G+38W, Chidi St, Ajegunle, Lagos 102103, Lagos",6.4527299,3.3258648,restaurant,C
Edo Kitchen,"51 Isikalu St, ikorodu, Lagos 102103, Lagos",6.4423216,3.335642,restaurant,C
officallydbfoods,"ITIRE BUS STOP, Ajeromi-Ifelodun, Lagos 100021, Lagos",6.4658132,3.3329694,restaurant,C
Everyday Kitchen,"Off Ojo Road, Suru Bus Stop, 51 Charles Ave, Ajeromi-Ifelodun, Lagos",6.460438,3.3261081,restaurant,C
Ojora Royal Family And Council,"Off Alafia Bus Stop, 1 Amai St, Ajeromi-Ifelodun, Lagos",6.4713219,3.339749,restaurant,C
Calabar kitchen,"67 Idowu St, Apapa, Lagos 102103, Lagos",6.4471551,3.337092,restaurant,C
Anyanwu Restaurant,"F87M+M5C, Awope St, Alaba, Lagos 102103, Lagos",6.4641882,3.3328969,restaurant,C
Favour Restaurant,"Shop No. 4, Block L, Mammy Market, Apapa, Ojo Rd, Lagos",6.4632014,3.3235131,restaurant,C
Calabar Kitchen,"F88M+CP8, Apasa St, Amukoko, Lagos 102103, Lagos",6.4660385,3.3343342,restaurant,C
Delicious Treat,"C8XJ+84Q, Oba Olu-Iwa Rd, Apapa, Lagos 102103, Lagos",6.4483633,3.3303605,restaurant,C
Meat Midere Restaurant,"63 Nosamu St, Ajegunle, Lagos 102103, Lagos",6.4546276,3.347478,restaurant,C
Madam B Restaurant,"Boundary, Apapa, 4 Tolu Rd, Lagos",6.4554019,3.3506307,restaurant,C
iya idris,"F88P+QGP, Market St, Amukoko, Lagos 102103, Lagos",6.4669449,3.3363349,restaurant,C
Tetrazzini Food,"182 Oba Olu-Iwa Rd, Apapa, Lagos 100001, Lagos",6.4481394,3.3263734,restaurant,C
PALATABLE,"236 Ojo Rd, Alaba, Lagos 102103, Lagos",6.4601343,3.3253462,restaurant,C
De Ultimate Abula,"1 Endurance Street Boge by Gbaga Bus-stop ijede road ikorodu Lagos F82W+5CG Ikorodu, Ikorodu, Lagos 104102, Lagos",6.4504375,3.3460625,restaurant,C
God time restaurant,"23 Yaya Cres, Apapa, Lagos 102103, Lagos",6.449072,3.3363703,restaurant,C
SPICYFOOD,"66 Oba Olu-Iwa Rd, Apapa, Lagos 102103, Lagos",6.4487211,3.3360222,restaurant,C
Mama Gani food canteen,"22 Alhaji Ligali Tiamiyu St, Alaba, Lagos 102103, Lagos",6.4608638,3.330331,restaurant,C
HOTPORTION FOODS AND RESTUARANT,"LOCAL GOVERNMENT, Aiyenero St, IFELODUN, Ajegunle, Lagos 100001, Lagos",6.4608476,3.3415132,restaurant,C
Benachi Liking Fingers,"Ladega St, Ajeromi-Ifelodun, Lagos 102103, Lagos",6.4474433,3.342859,restaurant,C
J5 Lounge & Bar,"26-38 Oba Abdulfatai Aremu Aromire St, Apapa, Lagos 102103, Lagos",6.4506931,3.3464233,restaurant,C
Nwachukwu Restaurant,"Boundary, 8 Nosamu St, Ajeromi-Ifelodun, Lagos",6.4542454,3.3504823,restaurant,C
eat24 restaurant.,"57 Sanwo-olo Rd, Ajegunle, Lagos 102103, Lagos",6.4555882,3.3421923,restaurant,C
Madam Peace Restaurant (Nwanyingwa),"14 Balogun St, Amukoko, Lagos 102103, Lagos",6.4660934,3.3291163,restaurant,C
E-Lounge & Bar,"68 Ojora St, Ajegunle, Lagos 102272, Lagos",6.4558086,3.3466759,restaurant,C
Mama Joy Restaurant,"Boundary, 101 Nosamu St, Ajeromi-Ifelodun, Lagos",6.4553334,3.3450967,restaurant,C
Yakoyo Food Canteen,"F982+F9P, Olatunji St, Badia, Lagos 102103, Lagos",6.4662038,3.3509405,restaurant,C
Chris-Vanny Centre,"C8XR+RM9, Oba Olu-Iwa Rd, Ajeromi-Ifelodun, Lagos 102103, Lagos",6.4495292,3.3417264,restaurant,C
Mama Wabisi,"F83V+V3F, Ajegunle, Lagos 102103, Lagos",6.4547164,3.3426621,restaurant,C
Nnwanyi Umunze Restaurant,"Coker Bus Stop, 11 Coker St, Amukoko, Lagos 102103, Lagos",6.4681127,3.333524,restaurant,C
near redeem church,"9 Freedom St, Ajegunle, Lagos 102103, Lagos",6.4541768,3.3385371,restaurant,C
Codelia Store,"21 Nosamu St, Apapa, Lagos 102103, Lagos",6.4542662,3.3499215,restaurant,C
Commando bar,"63 Kalejaiye Adeboye, Apapa, Lagos 102103, Lagos",6.453046,3.3428144,restaurant,C
Perfect Delicious,"Road, Apapa, Lagos 102103, Lagos",6.4554777,3.3338547,restaurant,C
King star bar,"64 Kalejaiye Adeboye, Ajegunle, Lagos 102103, Lagos",6.4535725,3.3423462,restaurant,C
Mama Odinaka Restaurant,"64 Oluwa St, Apapa, Lagos 102103, Lagos",6.4479784,3.3438075,restaurant,C
Ola mummy food and catering services,"50 Baale Aiyetoro St, Malu, Lagos 102103, Lagos",6.4586316,3.346643,restaurant,C
God Wish Restaurant & Bar,"2/4 Ikenne St, Alaba, Lagos 102103, Lagos",6.4577899,3.3420314,restaurant,C
Mama Basira Restaurant,"8 Tolu Rd, Boundary, Lagos 102103, Lagos",6.452396,3.34996,restaurant,C
Buks restaurant,"3 Akerele St, Ajeromi-Ifelodun, Lagos 102103, Lagos",6.4534086,3.3297158,restaurant,C
Pingins Bar,"32 Ojo Rd, Ajegunle, Lagos 102103, Lagos",6.4597033,3.3409379,restaurant,C
iya rashida,"F87P+XFV, Ishaga St, Alaba, Lagos 102103, Lagos",6.4648129,3.3362144,restaurant,C
TANGIBLES Restaurant,"by 2nd Rainbow Bus stop, Plot A Festac Access Rd, Amuwo Odofin Estate, Lagos 101283, Lagos",6.4708107,3.3226439,restaurant,C
De Mart Kitchen,"Ajegunle, Apapa 6/40 Orodu St 08026760706,08161236143 Ajeromi Ifelodun L.G.A, Lagos 102103",6.4530198,3.3496429,restaurant,C
Shalom favour restaurant and bar,"F84V+FCJ, Ajeromi-Ifelodun, Lagos 102103, Lagos",6.4562149,3.3435146,restaurant,C
Madam C Restaurant,"F83X+PHJ, 31 Nosamu St, Ajegunle, Lagos 102103, Lagos",6.4544337,3.3489122,restaurant,C
macdons,"F83H+MFX, Otuniyo St, Ajegunle, Lagos 102103, Lagos",6.4542376,3.3287284,restaurant,C
God Bless Restaurant,"1 Ecowas Street Lagos, Alafia St, Lagos",6.4690018,3.340031,restaurant,C
Derek-t Shawarma Spot,"33 Okoya St, Malu, Lagos 102103, Lagos",6.4594373,3.3431825,restaurant,C
Tank and Tummy,"30 Ligali St, Ajeromi-Ifelodun, Lagos 102103, Lagos",6.4608841,3.329609,restaurant,C
Mid-Town Hotel,"44 Babani St, Ajegunle, Lagos 102103, Lagos",6.4570347,3.3404855,restaurant,C
Ab-Shawarma,"174 Oba Olu-Iwa Rd, Apapa, Lagos 102111, Lagos",6.4481863,3.3270302,restaurant,C
Madam Electric,"42 Musibau Oluwa, Apapa, Lagos 102103, Lagos",6.4488912,3.3283514,restaurant,C
The Grill Station,"Malu, Lagos 102103, Lagos",6.4597977,3.3388161,restaurant,C
Mama Ebere Peppersoup,"54 Cemetery St, Malu, Lagos 102103, Lagos",6.4586196,3.343517,restaurant,C
Iya Maria Restaurant,"3 Oba Abdulfatai Aremu Aromire St, Eti-Osa, Lagos 102103, Lagos",6.4563817,3.3434534,restaurant,C
Eleojo Jumal Restaurant,"66 Olatunji St, Amukoko, Lagos 102103, Lagos",6.466011,3.3373565,restaurant,C
Yahoo Rice spot,"2 Bolaji Oloro St, Apapa, Lagos 102103, Lagos",6.44627,3.32983,restaurant,C
NIGERIAN INSTITUTION OF MARINE ENGINEERS AND NAVAL ARCHITECTS,"8 Liverpool Rd, Apapa Quays, Lagos 101251, Lagos",6.4442123,3.36324,school OR university,C
NIPEM Professional Education Management Int’l,"No 2, Industrial road, trinity, Apapa-warf Express, Olodi Apapa Wilmer Bus Stop, 104 Muyibi St, Apapa, Lagos",6.4477606,3.3331606,school OR university,C
Nigerian Army Intelligence School (NAIS),"Tego Barracks, Bonny St, Apapa, Lagos 102272, Lagos",6.4585743,3.3612663,school OR university,C
"Grace Polytechnic, Lagos","9 Joseph Shyngle Close, Off James Robertson Rd, Lagos",6.5024185,3.356604,school OR university,C
University of Lagos,"University of Lagos, University Road Lagos Mainland Akoka, Yaba, Lagos",6.515759,3.3898447,school OR university,C
Lagos State University of Science and Technology,"Ikorodu - Shagamu Rd, Ikorodu, 104101, Lagos",6.6385682,3.5231218,school OR university,C
"International School, University Of Lagos.","G96R+9J2, DLI Rd, University Of Lagos, Lagos 101245, Lagos",6.510883,3.3915266,school OR university,C
"Nigerian Army School of Finance and Administration, Apapa","3-11 Yala Cl, Apapa Quays, Lagos 102272, Lagos",6.4517508,3.3558241,school OR university,C
TRINITY UNIVERSITY CAMPUS,"1 FFF Rd, Off Alara St, near Queen's College, Sabo yaba, Lagos 100001, Lagos",6.5054866,3.3837945,school OR university,C
Hotel De Sandra,"60 Fashinro St, Amuwo, Lagos 102102, Lagos",6.4577626,3.2998944,lodging,C
Paragon Hotel,"24/26 Sanya St, Surulere, Lagos 101241, Lagos",6.4849518,3.3304609,lodging,C
Penthouse Hotel,"F83G+FGP, Ajegunle, Lagos 102103, Lagos",6.4537047,3.3263077,lodging,C
Cariton Hotel Apapa,"coconut bus stop, 3 Tex Olawale street, Apapa-Oshodi Express Way, along, Lagos",6.4403511,3.3357992,lodging,C
Becfom Hotel,"F947+4JG, Apapa, Lagos 102272, Lagos",6.4553166,3.3640852,lodging,C
Blueberry Hotel,"Plot 316 Durbar Rd, Amuwo Odofin, Lagos 102102, Lagos",6.4655058,3.3116084,lodging,C
Abayomi Agia Hotel,"4Ifebajo St, Amuwo Odofin, Lagos 102102, Lagos",6.456524,3.3069203,lodging,C
Britainnia de Jabell hotel and suites,"2/4 Engr Ajibola Bello street all saints estate cele bus stop, Ijede Rd, Ikorodu",6.6251757,3.5456816,lodging,C
Kingsmead Hotels and Services,"3 Church Street Ikorodu Opp Laspotech, Ikorodu",6.5981537,3.4996065,lodging,C
Beni Hotel Surulere,"Doyin Bus Stop, 27 Jimoh Odutola St, Surulere, Lagos 101241, Lagos",6.4805665,3.3534703,lodging,C
Divine Fountain Hotel Apapa,"3 Lisabi Rd off Liverpool Rd, Lagos 200132",6.444806,3.359417,lodging,C
Allure Suites Limited,"5 Census Close, Off Babs Animashaun Street, Lagos 930023",6.489367,3.3495086,lodging,C
Emglo Suites,"Festac Access Rd, Amuwo Odofin Estate, Lagos 102102, Lagos",6.4714858,3.3106637,lodging,C
Domani Suite And Leisure Limited,"Block 60 Plot 1331, Doyin Scale, Off Joseph Orru, Festac Link Road, Festac Town, Lagos",6.4703959,3.3021739,lodging,C
Bana Hotel and Suites,"176 Idewu St, Apapa, Lagos 102241, Lagos",6.4469566,3.3296653,lodging,C
Jemadex kings hotel,"17 banjo crescent owutu Ikorodu, Lagos",6.6342424,3.4790336,lodging,C
Owee Hotel Exclusive Apartments & Suites,"Lilly Estate, 2130 Ausbeth Ajagu St, Amuwo Odofin, 102102, Lagos",6.4739754,3.3085349,lodging,C
Winchester Suites,"F947+4JG, Apapa, Lagos 102272, Lagos",6.4553166,3.3640852,lodging,C
Aquatic Suites & Lounge,"Osca Abu Cr / Yomi Oshikoya Cl, Lagos 123456",6.4850069,3.3480325,lodging,C
Befo Global Suites,"47 Idewu St, Apapa, Lagos 102103, Lagos",6.4475162,3.3383894,lodging,C
Cynergy Suites Festac Town,"Block 19, Plot 339B, Durbar Road, Festac Town, Festac Town, Lagos",6.4651599,3.3120142,lodging,C
Semper Diamond Lodge,"Plot 207, Sunny Ogbeide Close, Diamond Estate, FESTAC Bridge Link Road, Lagos, Agboju 102314",6.4673888,3.3040668,lodging,C
Opera Classic Suite Limited,"102, Festac Link Road, by Raji Rasaki Junction, Festac Town, Lagos",6.4703722,3.3039735,lodging,C
Cynergy Suites Apapa,"2 Liverpool Rd, Apapa Quays, Lagos 200132, Lagos",6.4453178,3.3656243,lodging,C
Oak Hotel,"Festac Access Rd, Amuwo Odofin Estate, Lagos 102102, Lagos",6.4695554,3.3035855,lodging,C
"De Rigg Place, Alaka Estate.","Estate, National Stadium side, 6 Rafiu Shittu St, Alaka, Lagos",6.4907846,3.3637468,lodging,C
Pulville Boulevard Hotel,"7 Irone Ave, Surulere, Lagos 102224, Lagos",6.4903672,3.3357928,lodging,C
Big Fish Restaurant and Bar,"Bode Thomas St, Surulere, Lagos 101241, Lagos",6.4891781,3.3592277,lodging,C
De Web Hotel & Lodge,"Block 35A, Plot 721A Abiodun Lawson Cres, Cre, Lagos 102102, Lagos",6.468836,3.299892,lodging,C
Nippon Diamond Hotel/suites,"Plot 3504, Divine Estate, 79 Ihie St, Festac, Lagos 102102, Lagos",6.4857596,3.3052622,lodging,C
Beni Gold Apapa,"19 Liverpool Rd, Apapa Quays, Lagos 102272, Lagos",6.4436969,3.3627796,lodging,C
RBT Hotel,"100 Festac Access Rd, Amuwo Odofin Estate, Lagos 102102, Lagos",6.4707682,3.3052846,lodging,C
Newport Suites,"48 Oba Olu-Iwa Rd, Apapa, Lagos 100211, Lagos",6.4484587,3.337691,lodging,C
"Command Guest House | Bronx Int'l Hotel, Lagos","26 Child Ave, Island, Lagos 234100, Lagos",6.4497972,3.3604028,lodging,C
Rock View Hotel,"17b Park Ln, Apapa, Lagos 102272, Lagos",6.4479277,3.3609008,lodging,C
Galaxy Guesthouse,"1Umuchichi Road, Alaba, Aba 102103, Lagos",6.4652895,3.3331826,lodging,C
Ndokwa Entertainment Extension,"160A Gaskiya Rd, Amukoko, Lagos 102103, Lagos",6.4665127,3.3523018,lodging,C
Rita Lori Hotels Ltd,"1 Taoridi St, Surulere, Lagos 101211, Lagos",6.4902325,3.3476859,lodging,C
Suru Express Plus Ikorodu,"1 omologede street oba sekunmade road Ikorodu Ikorodu, Lagos 100211",6.6140301,3.4778406,lodging,C
Yais Hotel & Suites,"14a/b Yaya Abubakar Street Awobo Estate Igbogbo Ikorodu, Ikorodu, Lagos 100112",6.619411,3.5104388,lodging,C
Lotus Hotel Lagos,"126 Orodu St, Ajeromi-Ifelodun, Lagos 102103, Lagos",6.4548936,3.3409715,lodging,C
De Clove Residence,"21, Imam Dauda St, Off Eric Moore Rd, Surulere, Lagos",6.4841852,3.3521462,lodging,C
Delsam Hotel,"Ikorodu, 104101, Lagos",6.619411,3.5104388,lodging,C
Graziella Hotel,"F82X+6GF, Salami St, Apapa, Lagos 102103, Lagos",6.4505972,3.3488268,lodging,C
Castle Lodge Serviced Apartments,"19A Badagry Road, GRA, Apapa, Lagos",6.436,3.366,lodging,C
City Point Hotel,"Round About Street, Lagos",6.4666836,3.3537125,lodging,C
I-MAX GUEST HOUSE & SUITE,"2 Oranyan Road, Off Oduduwa Rd, Apapa, Lagos",6.4452651,3.3575897,lodging,C
J27 Lounge and Suites,"2 Idowu Akindele Crescent beside Oba ojora's palace, Ijora 7up, Lagos",6.4641659,3.3474454,lodging,C
Alomars Lodge,"JG96+Q58, Ikorodu, 104101, Lagos",6.619411,3.5104388,lodging,C
Happy Day Hotel,"87Iganmu Road, Amukoko, Lagos 102272, Lagos",6.477175,3.3465718,lodging,C
MITOS LUXURY SUITES (BODE THOMAS),"28 Johnson St, Surulere, Lagos 101241, Lagos",6.4865818,3.3492389,lodging,C
De Firenze Suites,"F8J4+365, Daniel Asomugha Cl, Lakeview Estate, Phase I, Lagos 102102",6.480141,3.3056245,lodging,C
LA POSH HOTEL & LOUNGE COKER,"19 Alhaji Opere St, off Wema bank busstop, Coker, Lagos 102215, Lagos",6.4744478,3.3349368,lodging,C
Tenplus Hotel,"36a Sadiku St, Apapa, Lagos 102241, Lagos",6.44407,3.3263808,lodging,C
IMPEX EGDE,"199, 200 Idewu St, Apapa, Lagos 102103, Lagos",6.4467392,3.3272244,lodging,C
Envoy Hotel,"25 27Okoya Street, Alaba, Lagos 102103, Lagos",6.4592823,3.3412251,lodging,C
New Generation Hotel (Apapa),"105, Baale Street, Ajegunle, Apapa, Apapa, Lagos",6.4552851,3.3447733,lodging,C
Vicjames Apartment,"Diamond Estate, 1 Alh. Kuti Olayiwola St, Amuwo Odofin, Lagos 102102, Lagos",6.4676409,3.3012342,lodging,C
H23 Casaminos,"23 Eric Manuel Crescent, Off Bode Thomas St, Surulere, Lagos 101241",6.4912892,3.360206,lodging,C
Promise Land Hotel,"6 Old Ojo Road 09067796589 MAZA MAZA, Amuwo Odofin, Lagos",6.4593037,3.3043921,lodging,C
Café Forty One,"41b Fatai Irawo St, Lagos",6.551297,3.3246606,"bakery, cafe, point_of_interest, food, store, establishment",A
Breadline Café,"***NEW LOCATION, 38a Ogudu Rd, Lagos",6.580443,3.3857196,"bakery, cafe, point_of_interest, food, store, establishment",A
Bakendales Cafe,"18c Glover Rd, Lagos",6.455348,3.429647,"bakery, cafe, point_of_interest, food, store, establishment",E
Ola’s Café,"30 Abdul Quadri Adebiyi Street, Lagos",6.619148,3.3744221,"bakery, cafe, restaurant, food, point_of_interest, store, establishment",A
BIG TREAT PLC,"Plot 5 Lateef Jakande Rd, Lagos",6.633575,3.3536033,"bakery, restaurant, point_of_interest, food, store, establishment",A
BEES BURGER & SHAWARMA,"1a Airport Busstop, by Agege Motor Rd, Lagos",6.589111,3.3377258,"bakery, store, restaurant, food, point_of_interest, establishment",A
Agly Fast Food & Bakery,"M836+HH5, Chief Ade Ominuga St, Lagos",6.653907,3.3114733,"bakery, store, restaurant, food, point_of_interest, establishment",A
Crust & Cream,"11 Musa Yar' Adua St, Lagos",6.432621,3.4167943,"bakery, store, restaurant, food, point_of_interest, establishment",E
Vinelight restaurant and cakesl,"Rafiu jafojo park, 35 Shasha Rd, Ikeja",6.588991,3.3068754,"bar, bakery, store, restaurant, food, point_of_interest, establishment",A
Kings Hotel and Bar,"72 olateju street,odi-olowo mushin,lagos state mushin local goverment lagos, Lagos",6.535829,3.3589002,"bar, lodging, point_of_interest, establishment",D
Swiss International D'Palms Airport Hotel,"10/12 Kolawole Shonibare St, off Asa-Afariogun Street, Lagos",6.542538,3.3268927,"bar, lodging, point_of_interest, establishment",B
GrandVenice Transit Apartments,"12 Fatai Irawo St, Lagos",6.551658,3.3274178,"bar, lodging, restaurant, food, point_of_interest, establishment",A
Stop Over Motels,"Int'l Airport Rd, Lagos",6.553574,3.3253588,"bar, lodging, restaurant, food, point_of_interest, establishment",A
Citadel De Continental Hotel & Suites,"16 Adegbola Street, off Ikeja, Ikeja",6.597221,3.3355806,"bar, lodging, restaurant, food, point_of_interest, establishment",A
Ikeja Central Hotel,"6 Obe Street, Off Adeniyi Jones, Ikeja",6.602012,3.3397972,"bar, lodging, restaurant, food, point_of_interest, establishment",A
Esado Suites,"Esado Suites 2, 2 Akingbola Street, Ikeja",6.603387,3.3653936,"bar, lodging, restaurant, food, point_of_interest, establishment",A
Maximus Hotel Ikeja,"4 Adeniyi Jones, Ikeja",6.605884,3.3394142,"bar, lodging, restaurant, food, point_of_interest, establishment",A
De Rembrandt Hotel,"172 Obafemi Awolowo Wy, Ikeja",6.61426,3.3560543,"bar, lodging, restaurant, food, point_of_interest, establishment",A
Noyle place & lounge,"40 Celestial Way, Lagos",6.574194,3.3999938,"bar, night_club, lodging, restaurant, food, point_of_interest, establishment",D
Trace,"Oke Ira, Ogba, 36 Ajayi Rd, Lagos",6.641934,3.3437215,"bar, night_club, restaurant, food, point_of_interest, establishment",A
"Shades Social - Bar, Restaurant, Club, Lounge, Lagos","1 Anifowoshe St, Lagos",6.434823,3.4153776,"bar, night_club, restaurant, food, point_of_interest, establishment",E
The Loft Ikoyi,"Falomo Square Mall, 1 Alfred Rewane Rd, Lagos",6.444826,3.4281943,"bar, night_club, restaurant, food, point_of_interest, establishment",E
Glory'S Restaurant And Bar,"1 Biaduo St, Lagos",6.443682,3.4149188,"bar, night_club, restaurant, food, point_of_interest, establishment",E
Bush Flavours,"20 Adetola St, Lagos",6.494715,3.3389474,"bar, restaurant, food, point_of_interest, establishment",B
BAR69GRILL/SHAWARMA,"69 Apapa Rd, Lagos",6.481468,3.3776266,"bar, restaurant, food, point_of_interest, establishment",B
S Lounge,"115 Ogunlana Dr, Lagos",6.504473,3.3519434,"bar, restaurant, food, point_of_interest, establishment",B
Beeriga,"Bariga Jetty, 1 Ifesowapo St, Lagos",6.528516,3.3997794,"bar, restaurant, food, point_of_interest, establishment",D
Royal Restaurant,"Iyana Isolo, Isolo, 15 Shongobiyi St, Lagos",6.530978,3.3291179,"bar, restaurant, food, point_of_interest, establishment",B
"Omoba Foods, Small Chops, Grills & Catering Services","42 Oloje St, Lagos",6.537934,3.3395686,"bar, restaurant, food, point_of_interest, establishment",B
Emitess Restaurant & Bar,"Oshodi, 7 Olatunji St, Lagos",6.565857,3.342356,"bar, restaurant, food, point_of_interest, establishment",A
Taste N See,"Off Mafoluku Road, Mafoluku - Oshodi, 33 Omilade St, Lagos",6.554109,3.331987,"bar, restaurant, food, point_of_interest, establishment",A
Cubana Hut & Grill,"15 Isaac John St, Ikeja",6.57855,3.3593803,"bar, restaurant, food, point_of_interest, establishment",A
City Bar,"59B Ogudu Rd, Lagos",6.581801,3.3851614,"bar, restaurant, food, point_of_interest, establishment",A
A+ Bar & Restaurant,"H9P2+5J7, Joel Ogunnaike St, Ikeja",6.58542,3.35154,"bar, restaurant, food, point_of_interest, establishment",A
G V One House Bar & Restaurant,"93 Ogudu Rd, Lagos",6.579255,3.3873966,"bar, restaurant, food, point_of_interest, establishment",A
Ice Berg Restaurant & Bar,"Opebi, 11 Orelope St, Ikeja",6.591985,3.2922173,"bar, restaurant, food, point_of_interest, establishment",A
Mannex Drinks and Grills,"2 Ifenirepo St, Lagos",6.604566,3.3077142,"bar, restaurant, food, point_of_interest, establishment",A
Cegeolie Resto Pub,"19 Ladipo Oluwole St, Ikeja",6.614584,3.3442538,"bar, restaurant, food, point_of_interest, establishment",A
Lacrown's food bar and grill,"13 Mufutau Shobola St, Lagos",6.641762,3.3357632,"bar, restaurant, food, point_of_interest, establishment",A
CHAKA DE ZULU BAR AND RESTAURANT,"J9V8+6F4, Aina St, Ojodu",6.64302,3.3661586,"bar, restaurant, food, point_of_interest, establishment",A
CHOP BETA,"15 Obafalabi St, Ojodu Berger",6.641536,3.366634,"bar, restaurant, food, point_of_interest, establishment",A
Wood Villa Resort,Ojodu Berger,6.639797,3.3766524,"bar, restaurant, food, point_of_interest, establishment",A
Bajii Garden Raw - Bajii Grills,"2 Adetoro Adelaja, Magodo, Lagos",6.623342,3.3842312,"bar, restaurant, food, point_of_interest, establishment",A
Grand Republik Bar & Lounge,"296 Agege Motor road, Oko-Oba Rd, Lagos",6.648491,3.3109061,"bar, restaurant, food, point_of_interest, establishment",A
Glorious Restaurant & Bar,"1 Mokuolu Street, Adjacent Yaya Abatan, Lagos",6.63574,3.3430089,"bar, restaurant, food, point_of_interest, establishment",A
Carnival Restaurant and Lounge,"131B Ahmadu Bello Wy, Lagos",6.427223,3.4088694,"bar, restaurant, food, point_of_interest, establishment",E
Edel Grills & Smoothie,"20 Mobolaji Bank Anthony St, Lagos",6.450936,3.3962041,"bar, restaurant, food, point_of_interest, establishment",E
Prince Bar & Restaurant,"Adeyemi Lawson Road, Lagos",6.44884,3.4048478,"bar, restaurant, food, point_of_interest, establishment",E
Chef Dumebi Burger Bar at Samantha’s,"7 Rumens Rd, Lagos",6.447739,3.4301256,"bar, restaurant, food, point_of_interest, establishment",E
Fowler Beer Garden,"FC29+WJG, Murtala Muhammed Dr, Lagos",6.452311,3.419077,"bar, restaurant, food, point_of_interest, establishment",E
Brunch and Grills by Chef Apella,"No 6 Lawani Street off Ajayi Bus-Stop Onike, Lagos",6.513357,3.3841752,"bar, restaurant, point_of_interest, food, establishment",D
Chike Chi Restaurant & Bar,"Mafuluku Community, Mafoluku Rd, Ikeja",6.554842,3.3315293,"bar, restaurant, point_of_interest, food, establishment",A
Blackwood Grillss and Bar,"11 Olu Akerele St, behind Lagoon Hospital, Lagos",6.603866,3.3440439,"bar, restaurant, point_of_interest, food, establishment",A
"Araba Bar, Lounge and Restaurant","11 Kafi St, Lagos",6.612916,3.3574875,"bar, restaurant, point_of_interest, food, establishment",A
RSVP restaurant,"9 Eletu Ogabi St, Lagos",6.428397,3.4214651,"bar, restaurant, point_of_interest, food, establishment",E
Bar Campione,"13 Kasumu Ekemode St, Lagos",6.425483,3.4224072,"bar, restaurant, point_of_interest, food, establishment",E
Farmcity Lekki lounge,"CFR3+RHQ, 15 Admiralty Wy, Lekki",6.442249,3.4541039,"bar, restaurant, point_of_interest, food, establishment",E
Welcome Centre Hotels,"70 Airport Rd, Ikeja",6.554021,3.327459,"beauty_salon, gym, bar, lodging, health, restaurant, food, point_of_interest, establishment",A
Creamslices Cafe,"109 Ogunlana Dr, Lagos",6.504857,3.3521145,"cafe, bakery, point_of_interest, food, store, establishment",B
W’s Bakeshop,"3, Da-Costa Street, Iwaya, Lagos",6.508571,3.3858007,"cafe, bakery, point_of_interest, food, store, establishment",D
Hotril Cakes and Confectionary,"Sam Ethnan Airforce Base, R. S. Blocks Rd, Lagos",6.573346,3.3348205,"cafe, bakery, restaurant, food, point_of_interest, store, establishment",A
"Krispy Kreme Doughnuts & Coffee, Yaba","389C Herbert Macaulay Wy, Lagos",6.510686,3.3773709,"cafe, bakery, store, food, point_of_interest, establishment",D
Francisca's Café,"15 Ladipo Kuku St, off Allen Avenue, Lagos",6.599224,3.3520214,"cafe, bakery, store, food, point_of_interest, establishment",A
Coffee & Co,"landmark boulevard, Water Corporation Dr, Lagos",6.423173,3.4452542,"cafe, bakery, store, food, point_of_interest, establishment",E
Arami Cafe,"55 Adeniran Ogunsanya St, Lagos",6.493403,3.3573262,"cafe, bar, restaurant, food, point_of_interest, establishment",B
Samantha's Bistro & Grill,"7/12 Rumens Rd, Lagos",6.448209,3.4304105,"cafe, bar, restaurant, food, point_of_interest, establishment",E
TOP BEANS. Coffee & More,"17 A Ozumba Mbadiwe Ave, Lagos",6.437613,3.4120346,"cafe, bar, restaurant, food, point_of_interest, store, establishment",E
Kenchello ' s Cafe & Bar,"17 Oshungboye St, Lagos",6.621249,3.3340788,"cafe, bar, restaurant, point_of_interest, food, establishment",A
PHURAH Book Cafe,"24 Mabinuori Dawodu St, Lagos",6.549284,3.3758502,"cafe, book_store, store, restaurant, food, point_of_interest, establishment",D
WISDOM PRO EMPIRE,"Giwa Shopping Complex, Falomo, Ikoyi, Lagos",6.444931,3.4277451,"cafe, electronics_store, food, point_of_interest, store, establishment",E
NELLY UNIVERSE,"F8VJ+M68, Omilani St, Lagos",6.494164,3.3305772,"cafe, food, point_of_interest, establishment",B
Southern Shawarma plus,"F8RQ+43G, Onikoyi St, Lagos",6.49034,3.3377085,"cafe, food, point_of_interest, establishment",B
Business center,"F8QX+H73, Taoridi St, Lagos",6.488873,3.3481669,"cafe, food, point_of_interest, establishment",B
Parenting,"30 Babs Animashaun Rd, Lagos",6.480934,3.3490533,"cafe, food, point_of_interest, establishment",B
ST. CHRISTOPHER CYBER CAFE,"57, cementery road, amukoko lagos, Cementry Rd",6.466342,3.3432727,"cafe, food, point_of_interest, establishment",B
Haven foods,"8,wosilat street ,off baruwa, Lagos",6.483248,3.341752,"cafe, food, point_of_interest, establishment",B
Gunners Link,"78-80 Coker Rd, Lagos",6.475815,3.3324998,"cafe, food, point_of_interest, establishment",B
Idy's Crib,"2 Al Ameen St, Lagos",6.480392,3.3323285,"cafe, food, point_of_interest, establishment",B
Bonny Uji,"F8VG+78G, Ijesha Rd, Lagos",6.493185,3.3258627,"cafe, food, point_of_interest, establishment",B
onikoyi,"38/40 Thomas Animashaun Street, Lagos",6.484763,3.3765466,"cafe, food, point_of_interest, establishment",B
dalis cafe,"F9VH+PJV, Adekunle St, Lagos",6.494353,3.379061,"cafe, food, point_of_interest, establishment",B
Rockhouse Lagos Cafe,"8 Akpoguma St, Lagos",6.500836,3.3448307,"cafe, food, point_of_interest, establishment",B
photocopy plus,"1a Adeniyi Adefioye Street, Lagos",6.502814,3.3483347,"cafe, food, point_of_interest, establishment",B
Tea and Coffee Spot Cafe,"10 Adeniran Ogunsanya St, Lagos",6.498149,3.3579266,"cafe, food, point_of_interest, establishment",B
Cafe & Event Planning,"28 Mba St, Lagos",6.495515,3.3563008,"cafe, food, point_of_interest, establishment",B
Chidinma Cafe,"58 Akinyele St, Lagos",6.497805,3.3422688,"cafe, food, point_of_interest, establishment",B
Tech Signal,"371,bornu way, Spencer St, Lagos",6.501401,3.3759463,"cafe, food, point_of_interest, establishment",B
HERBEETECH CAFE,"108 Ojuelegba Rd, Lagos",6.510396,3.3624843,"cafe, food, point_of_interest, establishment",B
Neables Café,"G958+JJR, Matthew St, Lagos",6.50912,3.3665067,"cafe, food, point_of_interest, establishment",B
Grillers Cafe,"G94F+HRH, Lagos",6.506447,3.3746042,"cafe, food, point_of_interest, establishment",D
Thiancy smoothies,"14 Chapel St, Lagos",6.505889,3.3756026,"cafe, food, point_of_interest, establishment",D
Scrumptious,"34 Montgomery Rd, Lagos",6.50943,3.3756708,"cafe, food, point_of_interest, establishment",D
moses computer center,"local government, 2 Dele Olaoye Ave, Lagos",6.50693,3.3866688,"cafe, food, point_of_interest, establishment",D
The Microhoney Café,"5 Omobola St, Lagos",6.513431,3.3423942,"cafe, food, point_of_interest, establishment",B
Adeleke Clothings,"49 Agege Motor Rd, Lagos",6.520171,3.3646324,"cafe, food, point_of_interest, establishment",D
School Cafeteria,"G9CF+2G2, Hussey Rd, Lagos",6.520007,3.3737676,"cafe, food, point_of_interest, establishment",D
BIQ FOODS,"G98P+MVP Sport Centre, Lagos",6.516716,3.3871855,"cafe, food, point_of_interest, establishment",D
Menafik,"University Of Lagos, University Rd, Lagos",6.515308,3.3883048,"cafe, food, point_of_interest, establishment",D
Nescafé Unilag,"G9CX+MJ7, Otunba Payne St, Lagos",6.521676,3.3990478,"cafe, food, point_of_interest, establishment",D
Abisola,"1 Lapite St, Lagos",6.531035,3.3468071,"cafe, food, point_of_interest, establishment",B
Kehinde cafe,"YABATECH STAFF QRTS FLAT lagos, Lagos",6.524379,3.3792057,"cafe, food, point_of_interest, establishment",D
Dynnis Café,"19 Fola Agoro St, Road",6.527663,3.3806522,"cafe, food, point_of_interest, establishment",D
Sugar Caffe Smoothie and Fruit bar,"35 Fola Agoro St, Lagos",6.525186,3.3810901,"cafe, food, point_of_interest, establishment",D
BigVybz,"15brown street, Lagos",6.526148,3.3952656,"cafe, food, point_of_interest, establishment",D
Cnich Solutions Business Support Services,"40, Muhin Road, opp Tantalizers, Lagos",6.531572,3.3339385,"cafe, food, point_of_interest, establishment",B
Net-M Solutions Cyber Cafe & Biz Centre,"43 Church St, Lagos",6.527633,3.3436865,"cafe, food, point_of_interest, establishment",B
Old country,"G993+8V3, Lagos",6.518267,3.3546864,"cafe, food, point_of_interest, establishment",B
Firstcitymenu,"11 Ajalli St, Lagos",6.546866,3.3205172,"cafe, food, point_of_interest, establishment",B
Parfait Xpress,"9 Association Ave, Lagos",6.548146,3.3629216,"cafe, food, point_of_interest, establishment",D
Sweettooth Cafe,"35 Salami Saibu Street, Lagos",6.545001,3.3715218,"cafe, food, point_of_interest, establishment",D
The Book Cafe,"10 Lanre Awolokun St, Lagos",6.547179,3.3826005,"cafe, food, point_of_interest, establishment",D
THE BUZZ CAFE,"14 Ade Akinsanya Ave, Lagos",6.554411,3.3655476,"cafe, food, point_of_interest, establishment",D
Alowonle Jedi Spot,"H93V+4XX, Olaleye St, Lagos",6.552852,3.3949839,"cafe, food, point_of_interest, establishment",D
OA VENTURES CAFE,"34 Adebayo Mokuolu St, Lagos",6.562927,3.3714982,"cafe, food, point_of_interest, establishment",D
Maryanne R,"16 Alufa Aminu St, Lagos",6.544114,3.3719447,"cafe, food, point_of_interest, establishment",D
CAFÉ MAHI,"3a Adekunle Fajuyi Way, Ikeja",6.573796,3.3608383,"cafe, food, point_of_interest, establishment",A
The Cafe At bnatural,"11 Oduduwa Way, Ikeja",6.573797,3.3594584,"cafe, food, point_of_interest, establishment",A
Prince Cafe/Bakery,"H9CC+M6X, Mende Rd, Lagos",6.571783,3.370678,"cafe, food, point_of_interest, establishment",A
Cyber Cafe,"43 Sunmola Street, Lagos",6.569579,3.3757427,"cafe, food, point_of_interest, establishment",A
Fifi's Oven,"H9C4+X35, Lagos",6.572394,3.355225,"cafe, food, point_of_interest, establishment",A
Mixture Plus Cakes,"Ori Oke, 3/5 Agboyi Rd, Lagos",6.574474,3.3997688,"cafe, food, point_of_interest, establishment",D
Cybernetica Cafe,"H9FW+2H5, Adebare St, Lagos",6.572505,3.3964946,"cafe, food, point_of_interest, establishment",D
Zukiexpress,"7 Rabiu Ahmed Cl, Lagos",6.573873,3.3736068,"cafe, food, point_of_interest, establishment",A
bobbylink,"13 Olusesi St, Lagos",6.551064,3.2962392,"cafe, food, point_of_interest, establishment",A
Multinews,"57 Falana St, Lagos",6.548214,3.296698,"cafe, food, point_of_interest, establishment",B
Eden Gardens 16,"Providence Cl, Lagos",6.573957,3.3025134,"cafe, food, point_of_interest, establishment",A
Ifelodun,"29 Ifelodun St, Lagos",6.560735,3.299573,"cafe, food, point_of_interest, establishment",A
Temporary Post,"H8J2+759, Kalejaiye St, Lagos",6.580661,3.3004737,"cafe, food, point_of_interest, establishment",A
Johnson ikuomola,"8 Johnson Ikuomosi St, Lagos",6.575971,3.28879,"cafe, food, point_of_interest, establishment",A
Crypt cafe by Ezumajets,"H8GG+P69 Murtala Muhammed International Airport - Lagos, Baba Ponmile St, Ikeja",6.57679,3.3256025,"cafe, food, point_of_interest, establishment",A
Cafe de Viande,"Mende, Lagos",6.576421,3.365344,"cafe, food, point_of_interest, establishment",A
Leeyah Gold,"No. 19, Alhaji Fatai Street Igbolomu Ikorodu Lagos Ikorodu, Lagos",6.592114,3.2976333,"cafe, food, point_of_interest, establishment",A
Tpx Hub,"H9Q8+8J4, Alfred Olaiya St, Ikeja",6.588277,3.3665513,"cafe, food, point_of_interest, establishment",A
Art & Craft Nigeria,"Ogudu Rd, Lagos",6.585418,3.3841852,"cafe, food, point_of_interest, establishment",A
Abosede Foluke Cafe,"13 Egbatedo St, Lagos",6.598273,3.2993624,"cafe, food, point_of_interest, establishment",A
Etana headway biz centre,"11 Oshifila St, Ikeja",6.600668,3.3367601,"cafe, food, point_of_interest, establishment",A
Café Licious,"2 Adeboye Solanke Ave, Ikeja",6.602523,3.3519441,"cafe, food, point_of_interest, establishment",A
Bourbon House Cafe Limited,"3/5 Regina Omolara St, Ikeja",6.596346,3.3580963,"cafe, food, point_of_interest, establishment",A
Shommies Food Concepts Limited,"2 Joel Ogunnaike St, Ikeja",6.587642,3.3564156,"cafe, food, point_of_interest, establishment",A
Anne's Place,"4,Irewole Street Off Opebi Road ,Opposite The Apostolic Church, By Awosika Busstop, Lagos, Ikeja",6.592472,3.3586341,"cafe, food, point_of_interest, establishment",A
2412 CAFE,"512 Ikorodu Rd, Lagos",6.600542,3.3889237,"cafe, food, point_of_interest, establishment",A
MARVTECH ONLINE CAFE,"21 Ikosi Road, Lagos",6.599418,3.3861183,"cafe, food, point_of_interest, establishment",A
Green Cafe,"10 Demurin St, Lagos",6.594404,3.4004383,"cafe, food, point_of_interest, establishment",A
Answercum/Aceafe,"31 Ikosi Road, Lagos",6.600236,3.3848206,"cafe, food, point_of_interest, establishment",A
DAMITOCHRIS BUSINESS VENTURES,"J75R+MC4, Lagos",6.609286,3.2911538,"cafe, food, point_of_interest, establishment",A
C & A Cafe,"J848+9RX, A5, Lagos",6.605986,3.3170954,"cafe, food, point_of_interest, establishment",A
Walleyfolly Ventures,"1 Ponle St, Lagos",6.604622,3.2941295,"cafe, food, point_of_interest, establishment",A
WISDOM GATE TECHNOLOGY,"35,New ipaja road,Godwill plaza,behind brt,iyana ipaja lagos, Lagos",6.610113,3.2908174,"cafe, food, point_of_interest, establishment",A
Hot Fun Cafe,"J83W+XVF, Awolowo Way, Ikeja",6.604962,3.3471716,"cafe, food, point_of_interest, establishment",A
Damakel Cafe,"120 Ogba Rd, Age",6.617444,3.3343798,"cafe, food, point_of_interest, establishment",A
Uche John Cafe,"Shop No. 100, Ashade Market, Opposite Toll Gate, Ikeja",6.613841,3.3295691,"cafe, food, point_of_interest, establishment",A
Speednet Cybercafe,"Otubu St, Lagos",6.620287,3.3324,"cafe, food, point_of_interest, establishment",A
Poju Business Centee,"Adekunle Banjo Ave, Lagos",6.614252,3.3720451,"cafe, food, point_of_interest, establishment",A
12 Nwahiri Onuoha street,"12 Aigbokhan Dr, Lagos",6.612844,3.3814232,"cafe, food, point_of_interest, establishment",A
GOOD CHOICE CAFE CENTER,"5 Alfa Nla Rd, Lagos",6.621117,3.3202171,"cafe, food, point_of_interest, establishment",A
ART.XPLORA,"56 Aina Olagunju St, Lagos",6.6246,3.3889019,"cafe, food, point_of_interest, establishment",A
OTHMAN COMPUWORLD,"Abule Egba, 5 Taiwo Adewunmi Cres, Lagos",6.64516,3.32049,"cafe, food, point_of_interest, establishment",A
Commy Beauty Plaza,"22 Adebowale St, Ikeja",6.646517,3.3623253,"cafe, food, point_of_interest, establishment",A
Just 4 Kids Spa,"Phase 1, 27,isheri Bus Stop,Ojodu Berger, Lagos",6.639804,3.3685126,"cafe, food, point_of_interest, establishment",A
Macks Café,Ojodu Berger,6.644782,3.3860112,"cafe, food, point_of_interest, establishment",A
Romson Business Centre / Cyber Cafe,"Isheri Rd, Lagos",6.639965,3.3666723,"cafe, food, point_of_interest, establishment",A
CafebyDeLavada,"Opic isheri Few blocks to channels tv headquarters, 27 Channels TV Ave, Lagos",6.64023,3.3941186,"cafe, food, point_of_interest, establishment",A
Cybercafe,"J9RV+5RQ, Channel Rd, Agege",6.640472,3.3946009,"cafe, food, point_of_interest, establishment",A
Bheerhugz,"M83J+GCH, Ojodu",6.65379,3.3310645,"cafe, food, point_of_interest, establishment",A
NEOLIFE my new health,"No.24 Omolara street ojodu, local, Lagos",6.652935,3.354477,"cafe, food, point_of_interest, establishment",A
Zoe Tech Internet Cafe & HotSpot,"Claret Plaza: Suite 101, 79 Yakoyo-Alagbole Rd., Lagos",6.654724,3.3558676,"cafe, food, point_of_interest, establishment",A
Aynet Caf/ Business Centre,"39 Yakoyo Rd, Ojodu Berger",6.651705,3.3584324,"cafe, food, point_of_interest, establishment",A
Difo Catering Service,"30 Sule St, Ikeja",6.608892,3.3272999,"cafe, food, point_of_interest, establishment",A
NATURAL FUSION CAFE,"J97C+MR5, Adekunle Banjo Ave, Lagos",6.614137,3.3721228,"cafe, food, point_of_interest, establishment",A
Shonola,"8 Shonola St, Lagos",6.636427,3.344612,"cafe, food, point_of_interest, establishment",A
Lumena Cafe,"28 Ahmadu Bello Wy, Lagos",6.425403,3.4094204,"cafe, food, point_of_interest, establishment",E
Ariah Collections,"2 Wilmot Point Rd, Obafemi Awolowo Wy, Lagos",6.422264,3.4094092,"cafe, food, point_of_interest, establishment",E
Inspiro Cafe/Restaurant,"1 Joseph Nahman Cl, Lagos",6.425469,3.4259872,"cafe, food, point_of_interest, establishment",E
Hanes and jones,"Block 2, plot 1 okunade bluewaters, Lekki",6.424424,3.4609431,"cafe, food, point_of_interest, establishment",E
Live and Blossom Cafe,"Block 126, T. F. Kuboye Road, Plot 11 Bunmi-Olowude St, Lagos",6.429111,3.4669423,"cafe, food, point_of_interest, establishment",E
Hot Fun Cafe,"32 Calcutta Cres, Lagos",6.44064,3.3656087,"cafe, food, point_of_interest, establishment",E
Slush Cafe Lagos,"40a Adebayo Doherty Rd, Lagos",6.438652,3.4638752,"cafe, food, point_of_interest, establishment",E
The Kofe Club,"Shop 3, Trocadero Square, The Rock Dr, Lagos",6.439828,3.4715951,"cafe, food, point_of_interest, establishment",E
Fasaha Cafe,"Phase 1, New 3 Old 6 Ogbunike St, Lekki, Lagos",6.447698,3.4569668,"cafe, food, point_of_interest, establishment",E
Chiaro Caffe,"12 Victoria Arobieke St, Lagos",6.446661,3.4725742,"cafe, food, point_of_interest, establishment",E
JMIX CAFE,"Suit 1, Phase4, Adeniji Adele Rd, Lagos",6.45743,3.3998721,"cafe, food, point_of_interest, establishment",E
Psiphone Small Chops,"Block 52, Dolphin Estate, Phase III, Adeniji Adele Rd, Lagos",6.458075,3.3980761,"cafe, food, point_of_interest, establishment",E
Acrospire's,"FC33+W54, Simpson St, Lagos",6.454773,3.40294,"cafe, food, point_of_interest, establishment",E
Elsie Place,"Ademola St, Lagos",6.441718,3.4128245,"cafe, food, point_of_interest, establishment",E
Crema Coffee House,"Plot 2A Grace Anjous Dr, Lagos",6.446408,3.465457,"cafe, food, point_of_interest, establishment",E
UCTECH ROYAL CAFE,"109 Awolowo Rd, Lagos",6.444561,3.4230449,"cafe, food, point_of_interest, establishment",E
HENA Grocers,"Sura Shopping Complex, Simpson St, Lagos",6.453488,3.4027086,"cafe, food, point_of_interest, establishment",E
Green acres,"20 Alexander Ave, Lagos",6.451843,3.4494242,"cafe, food, point_of_interest, establishment",E
Royal Cup,"1 Idumagbo Ave, Lagos",6.45911,3.392864,"cafe, food, point_of_interest, establishment",E
Cybernet Multimedia Resources - Cyber Cafe & Business Centre,"27 Shipeolu St, Onipan Aladiye Bus Stop, Beside FCMB Onipanu, Lagos",6.537112,3.368395,"cafe, food, point_of_interest, store, establishment",D
Heaven and Eve coffee cafe,"2b Doyin Omololu St, off Demurin Street, Kosofe",6.596536,3.3961272,"cafe, food, point_of_interest, store, establishment",A
Vestar Coffee,"FF39+FXF, Lekki",6.453693,3.4699911,"cafe, food, point_of_interest, store, establishment",E
Oceanview Beach camp & Tarkwa Cafe,"Takway Bay Beach, Lagos",6.398066,3.393749,"cafe, lodging, food, point_of_interest, establishment",E
OKADA CAFE,"225 B Etim Inyang Cres, Victoria Island, Lagos",6.432946,3.4391273,"cafe, night_club, bar, point_of_interest, food, establishment",E
A J. Link Café,"F9R6+PC6, Along Morocco Road Muhamedisanisalisu, Lagos",6.491786,3.3610131,"cafe, point_of_interest, food, establishment",B
BJ cafe,"61 Gaskiya Rd, Lagos",6.466387,3.3585996,"cafe, point_of_interest, food, establishment",B
Hip Hop Barbecue Shitta,"185 Akerele St, Lagos",6.499498,3.3590405,"cafe, point_of_interest, food, establishment",B
Gabsod games cafe,"8 Kabiyesi St, Lagos",6.511311,3.3356705,"cafe, point_of_interest, food, establishment",B
Deremi Mohamed,"10, Durojaiye St, Lagos",6.50931,3.341444,"cafe, point_of_interest, food, establishment",B
Tea Place,"Shonibare St, Lagos",6.511529,3.3494144,"cafe, point_of_interest, food, establishment",B
Habib yoghurt & Fura,"50 Adeniran Ogunsanya St, Lagos",6.495347,3.3575281,"cafe, point_of_interest, food, establishment",B
Sweet City Confectionery,"13 Akinhanmi St, Lagos",6.491111,3.3577714,"cafe, point_of_interest, food, establishment",B
Mimo's Cafè,"University Of Lagos, Lagos",6.51776,3.3953849,"cafe, point_of_interest, food, establishment",D
EPLANET,"64 St Finbarr's College Rd, Lagos",6.529243,3.3873338,"cafe, point_of_interest, food, establishment",D
HEYZED CONCEPT,"26 Olabiran St, Lagos",6.538305,3.3743273,"cafe, point_of_interest, food, establishment",D
The Moonscape Cafe,"G9QJ+P3H, Lagos",6.539306,3.3802317,"cafe, point_of_interest, food, establishment",D
WHITE HOUSE Akoka,"104 St Finbarr's College Rd, Lagos",6.532314,3.3886412,"cafe, point_of_interest, food, establishment",D
Primechoice Global Concept,"43 Shogbamu St, Lagos",6.547529,3.3945115,"cafe, point_of_interest, food, establishment",D
Sugar Caffe,"G9HP+8M8 St. Finbarr's College, Road, Lagos",6.528301,3.3866703,"cafe, point_of_interest, food, establishment",D
De wise &be wise,"1 Abike Cl, Oworonshoki",6.544503,3.4030149,"cafe, point_of_interest, food, establishment",D
The ventures printing press,"Oshodi, 6 Suwebatu Ajala St, Lagos",6.554963,3.3490081,"cafe, point_of_interest, food, establishment",D
Murphy Lee Puff Café,Ikeja,6.556791,3.3302544,"cafe, point_of_interest, food, establishment",A
Gamshab Computer Training Center,"Labi Busstop kumbotso, Kano",6.556852,3.3489347,"cafe, point_of_interest, food, establishment",D
Naya Caffee,"Airport Rd, Lagos",6.552408,3.3286926,"cafe, point_of_interest, food, establishment",A
Sugar Caffe Smoothie and Fruit bar,"home affairs, 22 Diya St, Lagos",6.553105,3.391356,"cafe, point_of_interest, food, establishment",D
Olorunfumi,"HC32+58X, Lagos",6.552978,3.4008725,"cafe, point_of_interest, food, establishment",D
mummy joy onyinye shop and confectionary,"8 Oyegunle St, Lagos",6.553684,3.4003839,"cafe, point_of_interest, food, establishment",D
Cafedaybreak,"44 Oworo Rd, Oworonshoki",6.550111,3.4000537,"cafe, point_of_interest, food, establishment",D
Hope Catering Service,"10 / 12 Ogunlana Ext, Lagos",6.503413,3.3274987,"cafe, point_of_interest, food, establishment",B
WAFFLE MONSTER CAFÈ,"37a Ogudu Rd, Lagos",6.580567,3.3855541,"cafe, point_of_interest, food, establishment",A
Hot Crust Cafe,"Alpha Mall, 117 Ogudu Rd, Lagos",6.576928,3.3894864,"cafe, point_of_interest, food, establishment",A
Cocoa Fusion,"19 Joel Ogunnaike St, Ikeja",6.586046,3.3545813,"cafe, point_of_interest, food, establishment",A
Hatlab Premium Gelato,"Jara Shopping Mall, Simbiat Abiola Way, Ikeja",6.592422,3.3388181,"cafe, point_of_interest, food, establishment",A
BelloBlizz,"Olowu St, Ikeja",6.597134,3.3451173,"cafe, point_of_interest, food, establishment",A
Tea Spot Gents,"8 Alfa Nla Rd, Lagos",6.618562,3.3205882,"cafe, point_of_interest, food, establishment",A
Shabah foods,"1 moses iguodala close, magodo road, off cmd. State:, Lagos",6.610009,3.3726951,"cafe, point_of_interest, food, establishment",A
Olayinka Cafe,"PLEASURE B/STOP, 23 Tutuola St, Lagos",6.62915,3.2964641,"cafe, point_of_interest, food, establishment",A
Brilliance Cyber Cafe,"5 Elegbede St, Lagos",6.627239,3.3121794,"cafe, point_of_interest, food, establishment",A
Calip Services,"16 Akinremi St, Lagos",6.622436,3.3093516,"cafe, point_of_interest, food, establishment",A
Wa'Wa Jr,"J8FM+3H4, Lagos",6.622574,3.3339737,"cafe, point_of_interest, food, establishment",A
Sasha’s Café,"Grotto 3, LSDPC Medium Estate, S4TC Sports Complex, Phase 4 Oba Ogunji Rd, Ifako/Ijaye",6.627288,3.3339175,"cafe, point_of_interest, food, establishment",A
Gudnex Beauty Paradise,"J8GP+G9W, Ijaiye Rd, Lagos",6.626374,3.335966,"cafe, point_of_interest, food, establishment",A
Cafe By DeLavada,"Fatai Oduniyi Street, off C M D Rd, Lagos",6.626618,3.36659,"cafe, point_of_interest, food, establishment",A
Xcodev,"J9CC+MJM, Alh. Basheer Shittu Ave, Lagos",6.621712,3.3715539,"cafe, point_of_interest, food, establishment",A
Art and craft,"Local Government Area, 19 Tunde Davies St, Lagos",6.639649,3.31434,"cafe, point_of_interest, food, establishment",A
Faleti House,"8 Ola-Oluwa St, Lagos",6.640761,3.309877,"cafe, point_of_interest, food, establishment",A
Golden Son Cafe,"11 adikatu street, Oko-Oba Rd, Lagos",6.64228,3.3119274,"cafe, point_of_interest, food, establishment",A
12ten Treats,"45 Oladoyinbo St, Ikeja",6.639056,3.3476879,"cafe, point_of_interest, food, establishment",A
Kingsley online business shop,"local government, 1 Lawson Street Ojodu, Lagos",6.646811,3.3496395,"cafe, point_of_interest, food, establishment",A
Newdawn Cyber Caf,"10, Adepegba Street, off Abeokuta Express Way, Abule Egba B/Stop, Abule-Egba, Lagos, Abule-Egba, 10 Adepegba St, Lagos",6.652013,3.3034233,"cafe, point_of_interest, food, establishment",A
AU GLOBAL TECH KANO,"Agege oko_oba, Agege",6.638662,3.3127481,"cafe, point_of_interest, food, establishment",A
Little Paris Lagos,"41 Bishop Oluwole St, off Akin Adesola Street, Lagos",6.424128,3.4200935,"cafe, point_of_interest, food, establishment",E
Posh Caf,"3rd Floor, V.I, Mega Plaza, 14 Idowu Martins St, Lagos",6.43098,3.4266,"cafe, point_of_interest, food, establishment",E
The Meat Up Cafe,"Raybok Mall, 5 Prince Adelowo Adedeji St, Lagos",6.442698,3.4554811,"cafe, point_of_interest, food, establishment",E
Bubu's Cafe,"10 Wole Olateju Cres, Lagos",6.445633,3.4544404,"cafe, point_of_interest, food, establishment",E
Choice Link Cafe,"81 Forsythe St, Lagos",6.45048,3.4063876,"cafe, point_of_interest, food, establishment",E
chocolatebox,"8 Murtala Muhammed Dr, Lagos",6.450649,3.424008,"cafe, point_of_interest, food, establishment",E
Café Bonjour,"G86W+MQQ Total Filling Station, Lawanson Rd, Lagos",6.511716,3.3469735,"cafe, point_of_interest, food, store, establishment",B
Foodcity,"43 Lawanson Rd, Lagos",6.511559,3.3443242,"cafe, point_of_interest, food, store, establishment",B
Café One UNILAG,"Bookshop building, University of Lagos Main Campus, Akoka, road, LGA, Lagos",6.518697,3.3975146,"cafe, point_of_interest, food, store, establishment",D
Londoner,"4 Oludegun Ave, Lagos",6.554148,3.3283939,"cafe, point_of_interest, food, store, establishment",A
"JR Coffee Shop, IIupeju. Lagos","22/24 IIupeju Industrial Avenue, Mainland, Lagos",6.550912,3.3551669,"cafe, point_of_interest, food, store, establishment",D
Mama K Canteen,"25 Olufunmilayo St, Lagos",6.529175,3.3485723,"cafe, point_of_interest, food, store, establishment",B
Café One Ogudu,"123 Ogudu Rd, Lagos",6.576743,3.3897955,"cafe, point_of_interest, food, store, establishment",A
Uncle Jay's Breakfast,"Ikeja Bus Terminal, Simbiat Abiola Way, Lagos",6.591593,3.3393637,"cafe, point_of_interest, food, store, establishment",A
Cafecito Ikeja,"11 Joel Ogunnaike Street. GRA, Ikeja, Lagos",6.586321,3.3556009,"cafe, point_of_interest, food, store, establishment",A
Blissful Brews Cafe,"45 Sunrise Avenue, Lagos",6.593671,3.3528474,"cafe, point_of_interest, food, store, establishment",A
MAGODO BISTRO CAFÉ,"1 Magodo Rd, Lagos",6.636526,3.3825119,"cafe, point_of_interest, food, store, establishment",A
Abass hamzat,"2 Olayiwola St, Lagos",6.65463,3.3107784,"cafe, point_of_interest, food, store, establishment",A
Boutique Cafe,"64 Adeola Odeku St, Lagos",6.428583,3.4230814,"cafe, point_of_interest, food, store, establishment",E
Kazacafe,"29 Karimu Kotun St, Lagos",6.430511,3.4254348,"cafe, point_of_interest, food, store, establishment",E
Vestar Coffee,"Plot 1611 Adeola Hopewell St, Lagos",6.434708,3.4296249,"cafe, point_of_interest, food, store, establishment",E
Café,"Four Points Lagos Oniru Chieftaincy Estate, Lagos",6.433654,3.443321,"cafe, point_of_interest, food, store, establishment",E
The Sandwich Station,"Muri Okunola St, Lagos",6.432654,3.4389715,"cafe, point_of_interest, food, store, establishment",E
Vestar Coffee,"270 Ozumba Mbadiwe Ave, Lagos",6.437267,3.4211344,"cafe, point_of_interest, food, store, establishment",E
Ola Oluwa Food Canteen,"Off Osolo Way, 4 Shongobiyi St, Lagos",6.530743,3.3281853,"cafe, restaurant, food, point_of_interest, establishment",B
Vogue Cafe,"G8XP+3F5, Apapa-Oshodi Express Way, Lagos",6.547623,3.3362328,"cafe, restaurant, food, point_of_interest, establishment",D
Euphoria Ng,"350-360 Ikorodu Rd, Lagos",6.56743,3.3672807,"cafe, restaurant, food, point_of_interest, establishment",A
Glover Court Suya Grills,"6 Araba Layout, Lagos",6.586394,3.3967962,"cafe, restaurant, food, point_of_interest, establishment",A
Nellie's Healthy Eats,"1 Adeboye Solanke Ave, Ikeja",6.602774,3.3518289,"cafe, restaurant, food, point_of_interest, establishment",A
The Freshly Ground Coffee Co.,"17b Awolowo Rd, Lagos",6.443486,3.4114244,"cafe, restaurant, food, point_of_interest, establishment",E
Crust Cafe,"5 Fola Osibo Rd, Lekki",6.442841,3.4651044,"cafe, restaurant, food, point_of_interest, establishment",E
Angelos On the Go Centre,"17 Odunlami St, Lagos",6.451916,3.3908992,"cafe, restaurant, food, point_of_interest, establishment",E
Angelos Cafe,"Renees Mall Compound, Angelos Cafe , Cinnamon Pine Mall 15 Victoria Arobieke Street Lekki Phase One Within, Lagos",6.446766,3.4722621,"cafe, restaurant, food, point_of_interest, establishment",E
Cafe de Elyon travels,"Silverado Mall, 23b Admiralty Wy, Lagos",6.448105,3.4736097,"cafe, restaurant, food, point_of_interest, store, establishment",E
Supremepot Cafetaria,"Off Allen Avenue, 43 Ogundana St, Ikeja",6.603119,3.3561703,"cafe, restaurant, point_of_interest, food, establishment",A
Michelle's Cafe,"CCJG+HGF Fourteen36 Mall, Sanusi Fafunwa St, Lagos",6.431425,3.4263071,"cafe, restaurant, point_of_interest, food, establishment",E
Flowershop Cafe,"274 Akin Adesola St, Lagos",6.431041,3.4236818,"cafe, restaurant, point_of_interest, food, establishment",E
TOP BEANS. Coffee & more,"1436 Sanusi Fafunwa St, Lagos",6.431271,3.4265114,"cafe, restaurant, point_of_interest, food, store, establishment",E
Cafe One Lekki,"21 Admiralty Wy, Lagos",6.446792,3.4607512,"cafe, store, finance, food, point_of_interest, establishment",E
Cafe One Yaba,"Commercial Ave, Lagos",6.506386,3.3745428,"cafe, store, food, point_of_interest, establishment",D
Cafe Venezia,"G9F9+JJR, Shiro St, Lagos",6.524129,3.3690049,"cafe, store, food, point_of_interest, establishment",D
Last crumb,"1 Chivita Ave, Lagos",6.544685,3.3219738,"cafe, store, food, point_of_interest, establishment",B
Gelato & Coffee University,"3 Adebayo Mokuolu St, Lagos",6.557545,3.3706136,"cafe, store, food, point_of_interest, establishment",D
EDEN SMOOTHIE CAFE,"ORI OKE#OGUDU, 1 Omotayo Banwo St, Lagos",6.576955,3.4010766,"cafe, store, food, point_of_interest, establishment",A
The Coffee Society NG,"19b Amore Street, off Toyin Street, Lagos",6.598925,3.3496388,"cafe, store, food, point_of_interest, establishment",A
Fruitylife,"23 Okeho St, Lagos",6.61091,3.3091891,"cafe, store, food, point_of_interest, establishment",A
Café One Ikeja,"Ikeja Town Square, Obafemi Awolowo Wy, Ikeja",6.611666,3.3533708,"cafe, store, food, point_of_interest, establishment",A
Squid CyberLink Services/Cyber-Cafe/Business Centre/Internet Cafe/Print Shop/Printing Shop,"22 Surulere Rd, Agege",6.612988,3.3153606,"cafe, store, food, point_of_interest, establishment",A
Agos café,"54B, Adeniyi Jones Avenue Ikeja, Lagos",6.612582,3.3460151,"cafe, store, food, point_of_interest, establishment",A
Mama Tolu Canteen,"14 Olowo-Okere St, Lagos",6.631186,3.3094394,"cafe, store, food, point_of_interest, establishment",A
Lotus Cafe Nigeria,"Plot ,9 Lateef Jakande Rd, Ikeja",6.633374,3.3535089,"cafe, store, food, point_of_interest, establishment",A
Pie Xpress,"1, Isheri Road/Awoshika Bus Stop, Isheri, Lagos, Lagos, Lagos",6.639337,3.3782451,"cafe, store, food, point_of_interest, establishment",A
Toast By Eko Hotels,": Eko Hotel And Suites, Adetokunbo Ademola Street, Victoria Island",6.426437,3.4300666,"cafe, store, food, point_of_interest, establishment",E
Pick up Cafe,"5 Water Corporation Dr, Lagos",6.423062,3.4478625,"cafe, store, food, point_of_interest, establishment",E
Café One VI,"300 Adeola Odeku St, Lagos",6.430177,3.4196096,"cafe, store, food, point_of_interest, establishment",E
The Sandwich Station (TSS) coffee shop,"Mega plaza, Idowu Martins St, Lagos",6.433302,3.4205211,"cafe, store, food, point_of_interest, establishment",E
PAUSE | Café & Espresso Bar,"1 Bisway St, Lekki",6.436301,3.4510382,"cafe, store, food, point_of_interest, establishment",E
Happy Coffee Experience Center - Victoria Island,"Kreme Skine Studio, 285b Ajose Adeogun St, Lagos",6.431086,3.436335,"cafe, store, food, point_of_interest, establishment",E
The French Tips Cafe,"9 Bishop Aboyade Cole St, Lagos",6.434798,3.4321284,"cafe, store, food, point_of_interest, establishment",E
"Karma cafe, oniru","Oniru Road, 117 T. F. Kuboye Rd, Lagos",6.428803,3.4589282,"cafe, store, food, point_of_interest, establishment",E
YY BUBBLE TEA,"2, Lagos Oriental Hotel building, 3 Lekki - Epe Expy, Lagos",6.435863,3.4440023,"cafe, store, food, point_of_interest, establishment",E
Viva Tea and Coffee,"3 Lekki - Epe Expy, Lagos",6.435798,3.4446363,"cafe, store, food, point_of_interest, establishment",E
Noire and Blanche Coffee Cafe,"4 Hunponu-Wusu Rd, Lekki",6.43617,3.469362,"cafe, store, food, point_of_interest, establishment",E
Café bonjour,"46 Awolowo Rd, Lagos",6.442081,3.415471,"cafe, store, food, point_of_interest, establishment",E
Micos Café,"CCR8+X2Q, Keffi St, Lagos",6.442427,3.4151077,"cafe, store, food, point_of_interest, establishment",E
JR Coffee Shop,"Union Bank Headquarters Building, 36 Marina Rd, Lagos",6.451347,3.3875238,"cafe, store, food, point_of_interest, establishment",E
Cafe Neo,"57 Marina Rd, Lagos",6.455584,3.3831686,"cafe, store, food, point_of_interest, establishment",E
Dream coffee,"14 Wole Olateju Cres, Lagos",6.445932,3.4539542,"cafe, store, food, point_of_interest, establishment",E
Organo Gold,"Aquatic Hotels, Allen, Toyin St, Ikeja",6.595369,3.3532347,"cafe, store, health, food, point_of_interest, establishment",A
Choco Latte Coffee Bar,"38, Inside Raddison Blu, 40 Isaac John St, Lagos",6.581973,3.3588938,"cafe, store, restaurant, food, point_of_interest, establishment",A
Vestar Coffee,"40 Alexander Ave, Nakenohs Boulevard, Lagos",6.445777,3.4494796,"cafe, store, restaurant, food, point_of_interest, establishment",E
Ghatview Hotel,"18 Old Yaba Rd, Lagos",6.492125,3.3814303,"lodging, bakery, store, food, point_of_interest, establishment",B
Harzoyka Hotels And Restaurant,"71b Oduduwa Cres, Ikeja",6.573565,3.3480016,"lodging, bar, restaurant, food, point_of_interest, establishment",A
BINL HOTEL,"20 Bassie Ogamba St, Lagos",6.494702,3.358933,"lodging, bar, restaurant, food, point_of_interest, establishment",B
Panda Event Center and Hotel,"112 Commercial Ave, Lagos",6.504128,3.3840403,"lodging, bar, restaurant, food, point_of_interest, establishment",D
Hotel Tropicana,"40 Ajose St, Lagos",6.573337,3.3719769,"lodging, bar, restaurant, food, point_of_interest, establishment",A
The Providence Hotel,"12A Oba Akinjobi Way, Lagos",6.579661,3.3491528,"lodging, bar, restaurant, food, point_of_interest, establishment",A
Oragon hotel and suites,"9 Oluwasijibomi Street, Off Yaya Abatan Rd, Ikeja",6.637349,3.3416925,"lodging, bar, restaurant, food, point_of_interest, establishment",A
Hotel Beatrix,"27 Ijaoye Street, Jibowu, Lagos",6.521054,3.3688197,"lodging, bar, restaurant, point_of_interest, food, establishment",D
Watercress Hotels & Events,"48 Oritshe Street, Off Balogun St, Ikeja",6.604233,3.3474823,"lodging, bar, restaurant, point_of_interest, food, establishment",A
Our Home Suite,"To Nikky Africana Plaza, 70E Allen Ave, opp. UBA, Ikeja",6.603698,3.3517135,"lodging, bar, restaurant, point_of_interest, food, establishment",A
Hotel 1960 Eagles Park,"7 Obokun Cl, Obafemi Awolowo Wy, off Dipeolu Street, Ikeja",6.604749,3.3482342,"lodging, bar, restaurant, point_of_interest, food, establishment",A
Sands Hotel Nigeria Limited,"J8RF+VXG, Lagos",6.642214,3.3249244,"lodging, bar, restaurant, point_of_interest, food, establishment",A
MITOS LUXURY SUITES (SOMOSU),"14 Somosu St, Lagos",6.494265,3.3441062,"lodging, clothing_store, point_of_interest, store, establishment",B
Sky Rock Hotels LTD,"24 Ogunsiji Cl, Ikeja",6.604239,3.3522567,"lodging, night_club, bar, point_of_interest, establishment",A
Valley Front View Hotel,"5 Abiodun Cl, off Alabi Street, off Toyin Street, Ikeja",6.593856,3.3515935,"lodging, night_club, bar, restaurant, point_of_interest, food, establishment",A
Kashvalley Hotel & Suites,"27 Olusegun Oyeniji St, Lagos",6.652099,3.2985708,"lodging, night_club, restaurant, point_of_interest, food, establishment",A
Weltons Apartments,"6 olaiya street Alausa ikeja, Lagos",6.611166,3.3575176,"lodging, park, point_of_interest, establishment",A
Paragon Hotel,"24/26 Sanya St, Lagos",6.484952,3.3304609,"lodging, point_of_interest, establishment",B
Allure Suites Limited,"5 Census Close, Off Babs Animashaun Street, Lagos",6.489367,3.3495086,"lodging, point_of_interest, establishment",B
Gilford View Hotel,"98 Adetola St, Lagos",6.48848,3.3361946,"lodging, point_of_interest, establishment",B
Pulville Boulevard Hotel,"7 Irone Ave, Lagos",6.490367,3.3357928,"lodging, point_of_interest, establishment",B
MITOS LUXURY SUITES (BODE THOMAS),"28 Johnson St, Lagos",6.486582,3.3492389,"lodging, point_of_interest, establishment",B
"City Center Int'l Hotel, Ijeshatedo","20A Adeshina St, Lagos",6.493318,3.3244325,"lodging, point_of_interest, establishment",B
Suru Express Hotel Surulere,"104 Alh. Murtala Animasahun Cl, off Adelabu Street, Lagos",6.494894,3.3515644,"lodging, point_of_interest, establishment",B
City Point Hotel,"Round About Street, Lagos",6.466684,3.3537125,"lodging, point_of_interest, establishment",B
Beni Hotel Surulere,"Doyin Bus Stop, 27 Jimoh Odutola St, Lagos",6.480567,3.3534703,"lodging, point_of_interest, establishment",B
Selino Suites Limited,"50 Babs Animashaun Ext, Lagos",6.493065,3.3488611,"lodging, point_of_interest, establishment",B
Adunola Villa Serviced Apartment,"17 Sabiu Ajose St, Akerele",6.490007,3.3583544,"lodging, point_of_interest, establishment",B
Stadium Hotel,"F8VR+CW8, Lagos",6.493336,3.3422157,"lodging, point_of_interest, establishment",B
"De Rigg Place, Alaka Estate.","Estate, National Stadium side, 6 Rafiu Shittu St, Lagos",6.490785,3.3637468,"lodging, point_of_interest, establishment",B
Wood Peckers Hotel,"32 Bassie Ogamba St, off Adeniran Ogunsanya, Lagos",6.49471,3.3595889,"lodging, point_of_interest, establishment",B
H23 Casaminos,"23 Eric Manuel Crescent, Off Bode Thomas St, Lagos",6.491289,3.360206,"lodging, point_of_interest, establishment",B
XGarden Hotel and Suites,"14 Ijero Rd, Lagos",6.482568,3.3712961,"lodging, point_of_interest, establishment",B
COOLIO HOTEL & SUITES,"270 Borno Way, Lagos",6.494588,3.3788215,"lodging, point_of_interest, establishment",B
Sharrylesh Hotel,"F9MF+4XV, Vaughan St, Lagos",6.482848,3.3749269,"lodging, point_of_interest, establishment",B
Silverline Hotel,"41 Bola Street, Off Kano St, Lagos",6.484733,3.3871203,"lodging, point_of_interest, establishment",B
Corner Hotel Limited,"F9MP+332, Freeman St, Lagos",6.48263,3.3851497,"lodging, point_of_interest, establishment",B
LimeRidge Hotels,"Block 12, 2A Udi St, Lagos",6.465331,3.4213923,"lodging, point_of_interest, establishment",E
Springpark Yaad Hotel and Tours,"8B Ondo St, Lagos",6.463599,3.4276173,"lodging, point_of_interest, establishment",E
Aries Suites,"Osborne Foreshore Estate, 12 Ogun St, Lagos",6.465804,3.4275103,"lodging, point_of_interest, establishment",E
Somerset Court,"Osborne Foreshore Estate, No 14 udi street, Osborne Rd, Lagos",6.465603,3.4225309,"lodging, point_of_interest, establishment",E
Kelin Hotel & Suites,"2 Bola Shadipe St, Lagos",6.500259,3.3496689,"lodging, point_of_interest, establishment",B
Perch Hotel And Suites,"27/29 Ikale St, Lagos",6.499639,3.3298394,"lodging, point_of_interest, establishment",B
Kilo Royal Hotel,"16 Adeniyi Adefioye Street, Lagos",6.501974,3.3468638,"lodging, point_of_interest, establishment",B
Lakeem Suites,"3 Agbonyin Ave, Lagos",6.498233,3.349305,"lodging, point_of_interest, establishment",B
BVK HOTELS,"off Okanlowon, 2 Okanlawon Ajayi St, Olusesan Adetula St, Surulere",6.501425,3.3481294,"lodging, point_of_interest, establishment",B
Ontario suites,"2 Agunlejika St, Lagos",6.499002,3.3263492,"lodging, point_of_interest, establishment",B
The Hotel Macs,"21, Kusimo street, Aguda Coker, Lagos",6.495619,3.3439475,"lodging, point_of_interest, establishment",B
Taishi Hotel,"1, Mba street off Tafawabalewa Crescent, off Adeniran Ogunsanya St, Lagos",6.496941,3.3564774,"lodging, point_of_interest, establishment",B
House 46 Suites,"46 Tafawa Balewa Cres, Lagos",6.496895,3.3552818,"lodging, point_of_interest, establishment",B
Surulere Guest house,Lagos,6.497988,3.3439291,"lodging, point_of_interest, establishment",B
Kelin Court,"13 Ogun Street, Off Mercy Elene Street",6.499306,3.3536519,"lodging, point_of_interest, establishment",B
Duchess Suites and Apartments,"5 Afinni St, Lagos",6.49905,3.3512708,"lodging, point_of_interest, establishment",B
Rita Lori Hotels Ltd,"1 Taoridi St, Lagos",6.490232,3.3476859,"lodging, point_of_interest, establishment",B
Rush hotel & apartments,"24 Oyekan St, Lagos",6.501564,3.352149,"lodging, point_of_interest, establishment",B
38 Hotels & Suites,"No 18 Calabar Street off Adisa Bashua, off Adelabu St, Lagos",6.497458,3.3516518,"lodging, point_of_interest, establishment",B
Hotel di eligante,"14 Adelabu St, Lagos",6.500581,3.3501917,"lodging, point_of_interest, establishment",B
Somerset Suites,"47 Ayinde Giwa Street, by James Robertson Rd, Lagos",6.501002,3.3536086,"lodging, point_of_interest, establishment",B
17 HOTEL & SUITES,"17 Ibezim Obiajulu Street, off Adelabu Masha Surulere, Lagos",6.500126,3.3520036,"lodging, point_of_interest, establishment",B
Adig Suites,"24 Adelabu St, Lagos",6.499753,3.3499386,"lodging, point_of_interest, establishment",B
Dcove Suites,"17, Ibezim Obiajulu Street, Off Adelabu, Lagos",6.49888,3.3513714,"lodging, point_of_interest, establishment",B
Beverly Suites,"Plot 14, Adelabu Street, Ojuelegba",6.501641,3.3516338,"lodging, point_of_interest, establishment",B
Alfredo Suites,"98 Adetola St, Lagos",6.488495,3.3362936,"lodging, point_of_interest, establishment",B
DE LEVERAGE HOTEL & SUITES,"10 Akpoguma St, Lagos",6.500926,3.3447545,"lodging, point_of_interest, establishment",B
Happy Day Hotel,"87Iganmu Road, Lagos",6.477175,3.3465718,"lodging, point_of_interest, establishment",B
Apartment 15 Hotel,"No 15 Idita Street, Akerele",6.490238,3.3502124,"lodging, point_of_interest, establishment",B
Allure Suites Annex,"10, Awoyemi Close, Akerele",6.503208,3.3528675,"lodging, point_of_interest, establishment",B
Cee's Place Hotel,"43 Thomas Animashaun Street, Lagos",6.486397,3.3373521,"lodging, point_of_interest, establishment",B
De Clove Residence,"21, Imam Dauda St, Off Eric Moore Rd, Lagos",6.484185,3.3521462,"lodging, point_of_interest, establishment",B
LA POSH HOTEL & LOUNGE COKER,"19 Alhaji Opere St, off Wema bank busstop, Lagos",6.474448,3.3349368,"lodging, point_of_interest, establishment",B
Adig Suites,"40 Adetola St, Ikeja",6.491659,3.337975,"lodging, point_of_interest, establishment",B
Aquatic Suites & Lounge,"Osca Abu Cr / Yomi Oshikoya Cl, Lagos",6.485007,3.3480325,"lodging, point_of_interest, establishment",B
KSF Place Mba,"10 Mba St, Lagos",6.49673,3.3562405,"lodging, point_of_interest, establishment",B
Easy Homes Hotels,"33 Eric Moore Close, off Eric Moore Rd, Lagos",6.48436,3.3540959,"lodging, point_of_interest, establishment",B
Harmony Hotel,"F8HV+8G3 opposite Orile Bus Stop, Lagos",6.478253,3.3437921,"lodging, point_of_interest, establishment",B
Garden Rose Hotel,"29, Adebola Oyah Street, Coker Aguda",6.488748,3.3395642,"lodging, point_of_interest, establishment",B
Jack Andella Hotel,"175 Ijesha Rd, Lagos",6.500952,3.329465,"lodging, point_of_interest, establishment",B
House 2 Gabaloy,"Casette Bus stop, 2 Ayo Elegbede St, Lagos",6.495089,3.3412025,"lodging, point_of_interest, establishment",B
Gachiba Suites,"11 Ayo Elegbede St, Lagos",6.494739,3.3405014,"lodging, point_of_interest, establishment",B
Triple Tee Luxury Hotel,"19 Adebola St, Lagos",6.497882,3.3595815,"lodging, point_of_interest, establishment",B
Victoria Suites Hotel,"8 Razak Balogun Street, off Adebola St, off Adeniran Ogunsanya, Lagos",6.497267,3.3608749,"lodging, point_of_interest, establishment",B
KSF Place Oyster,"103 Owukori Crescent Alaka Estate, off Western Avenue Road, Lagos",6.492059,3.3652979,"lodging, point_of_interest, establishment",B
Greens Manor,"10 Lucina Joseph St, Lagos",6.496553,3.3596656,"lodging, point_of_interest, establishment",B
A-One Class Hotels,"Estate, 83 Owukori Cres, Akerele",6.491983,3.3648975,"lodging, point_of_interest, establishment",B
Kate's Guest House & Kicthen,"22 Yesufu Sanusi St, Lagos",6.496801,3.3590673,"lodging, point_of_interest, establishment",B
No 9 Suite Royal Hotel,"9 Bassie Ogamba St, Lagos",6.494815,3.3583316,"lodging, point_of_interest, establishment",B
Imperial Suites Hotel,"F9RC+GW9, meta, Lagos",6.491291,3.3723706,"lodging, point_of_interest, establishment",B
Esporta Suites Yaba,"29 Adebisi Street Adekunle Bustop behind Panti Police station, Yaba, Lagos",6.496911,3.3826596,"lodging, point_of_interest, establishment",D
Jonesville Hotel,"234 Murtala Muhammed Way, Lagos",6.495795,3.3775533,"lodging, point_of_interest, establishment",B
Go2Hotel45,"15 Tokunbo St, Lagos",6.501067,3.3823534,"lodging, point_of_interest, establishment",D
Niger Hotel,"G93R+443, Lagos",6.502766,3.390295,"lodging, point_of_interest, establishment",D
Elomaz Hotel,"F9FJ+QGM, Lagos",6.474467,3.3813117,"lodging, point_of_interest, establishment",B
Lokia Hotel & Suites,"KM 52, Aiyeteju Baba Adisa Bus stop, Ibeju-Lekki, Ibeju Lekki",6.488983,3.3857509,"lodging, point_of_interest, establishment",B
Serena Hotel & Suites,"48, Asoge Street, Off Cele Bus Stop, By Okota/Itire Link Bridge, Ijesha Rd, Lagos",6.504538,3.3258662,"lodging, point_of_interest, establishment",B
Ten15 Hotel & Suites,"32 Ramoni St, Lagos",6.50911,3.3393279,"lodging, point_of_interest, establishment",B
Avital Suites And Resort,"15 Shonibare St, Lagos",6.511141,3.3496167,"lodging, point_of_interest, establishment",B
Millicent Hotel And Suites,"45B Ijesha Rd, Lagos",6.508123,3.3359173,"lodging, point_of_interest, establishment",B
Dohela Hotel & Suites,"Kilo Bus Stop, 6 Ijero St, Lagos",6.505249,3.3435159,"lodging, point_of_interest, establishment",B
Franjane Royal Suites,"20 Hamidu Williams Street, Off Canal Estate Road, Lagos",6.508459,3.3198289,"lodging, point_of_interest, establishment",B
Harvester's Suite,"G83W+PCH, Aderibigbe St, Lagos",6.5043,3.3460852,"lodging, point_of_interest, establishment",B
Platinum Inn Hotel,"27 Ekololu St, Lagos",6.510351,3.3551105,"lodging, point_of_interest, establishment",B
A- Quality Lodging and Suites,"10 Babatunde Street, off Ogunlana Dr, Lagos",6.511408,3.3513688,"lodging, point_of_interest, establishment",B
Triple Tee Hotel,"10, Abiona Close, Off Falolu Rd, Lagos",6.507871,3.3534697,"lodging, point_of_interest, establishment",B
Harvester's Suite,"97Olatilewa Street, Lagos",6.508603,3.3478074,"lodging, point_of_interest, establishment",B
Twin Tower Hotel & Suites,"21 Adegoke Street, Coker Aguda",6.504465,3.350277,"lodging, point_of_interest, establishment",B
OSEJAMEN HOTEL AND SUITES,"30 Oremerin St, Lagos",6.507373,3.3296058,"lodging, point_of_interest, establishment",B
Eleven11,"6 Olufemi Rd, Lagos",6.506156,3.3515157,"lodging, point_of_interest, establishment",B
Peoples Executive Hotel,"55 Oduselu St, Lagos",6.508145,3.3290261,"lodging, point_of_interest, establishment",B
Maple Inn Lagos,"21 Memudu Aremu St, Lagos",6.50713,3.3455302,"lodging, point_of_interest, establishment",B
Osajamen Hotel,"G85J+2GX, Semi Sarum St, Mushin",6.50765,3.3313819,"lodging, point_of_interest, establishment",B
Mainland Leisure View Hotel,"2, Ayilara Str, Off Clegg St, Lagos",6.5075,3.3608,"lodging, point_of_interest, establishment",B
SunCity Hotel,"44 Karimu St, Lagos",6.510078,3.3601189,"lodging, point_of_interest, establishment",B
Americana Hotel,"2 Ibidun St, off Clegg Street, Lagos",6.507054,3.3600408,"lodging, point_of_interest, establishment",B
Banilux Guest house,"2 Chapel St, Lagos",6.505857,3.3755191,"lodging, point_of_interest, establishment",D
Inglesias Hotel,"Tejuosho, Yaba, 13 Martins St, Lagos",6.510251,3.3671559,"lodging, point_of_interest, establishment",B
Precinct Comfort,"20 Harvey Rd, Lagos",6.509167,3.3730556,"lodging, point_of_interest, establishment",D
The Snug,"30 Commercial Ave, Lagos",6.506019,3.3767885,"lodging, point_of_interest, establishment",D
GREAT VILLE HOTELS,"36/38 Nathan off Ojuelegba road Surulere Local Government, Lagos",6.511563,3.3672142,"lodging, point_of_interest, establishment",B
Mulligan Hotel,"17a Commercial Ave, Lagos",6.506553,3.3750592,"lodging, point_of_interest, establishment",D
Deke Hotel,"79Karimu, Karimu Ikotun Cl, Lagos",6.504638,3.3814561,"lodging, point_of_interest, establishment",D
CARITAS INN YABA,"336 Herbert Macaulay Wy, Lagos",6.509576,3.3783732,"lodging, point_of_interest, establishment",D
Lion Gate Hotel,"3BAlara Street, Lagos",6.506799,3.3820926,"lodging, point_of_interest, establishment",D
Emota Paradise Hotel (Phase 2),"3/5 Olufemi Samson St, Lagos",6.51375,3.3276794,"lodging, point_of_interest, establishment",B
Spice Garden Hotel,"Eddy Onugha Dr, Ikeja",6.513226,3.3229148,"lodging, point_of_interest, establishment",B
RichAnthonio Suites,"off Olusesi St, Lagos",6.518824,3.3202569,"lodging, point_of_interest, establishment",B
Inglesias Suites,"Akanro St, Lagos",6.52106,3.3370734,"lodging, point_of_interest, establishment",B
Malambo hotel And Suites,"16-58 Ajose St, Lagos",6.51432,3.3304303,"lodging, point_of_interest, establishment",B
De Affordable Guest House,"flat, 3 Rd 5, Lagos",6.516295,3.35811,"lodging, point_of_interest, establishment",B
gemart hotel and suites,"19 Gasper St, Lagos",6.508634,3.3429127,"lodging, point_of_interest, establishment",B
Vintage Suites,"15c Akinhanmi St, Lagos",6.516149,3.3633675,"lodging, point_of_interest, establishment",D
GE18 Hotels,"34-38 Fashoro St, Lagos",6.516585,3.3614335,"lodging, point_of_interest, establishment",B
City Point Hotel,"G987+2QH, Agege Motor Rd, Lagos",6.515057,3.3644926,"lodging, point_of_interest, establishment",D
Cherrybay Hotel,"1 Rosamond St, off Ramos Street, Lagos",6.517095,3.3648248,"lodging, point_of_interest, establishment",D
Hotel De Monimo (Agege),"36/38, Ladipo street, Agege",6.513587,3.3640181,"lodging, point_of_interest, establishment",B
Islanders Hotel,"Amu Market, 313 Agege Motor Rd, Lagos",6.518852,3.3656898,"lodging, point_of_interest, establishment",D
King's Celia Hotels And Suites Jibowu Lagos,"8 Jibowu St, Lagos",6.518978,3.3691435,"lodging, point_of_interest, establishment",D
essex intercontinental link hotel,"No 10 Folarin St, Lagos",6.515183,3.3670357,"lodging, point_of_interest, establishment",D
Greenland Suites,"4, Canalview Off Lbiyemi Street, Off Osolo Way Ajao Estate, Lagos",6.517354,3.3728275,"lodging, point_of_interest, establishment",D
stephens Hotel,"29 Jacob St, Lagos",6.51042,3.3677255,"lodging, point_of_interest, establishment",B
Bayville Hotel Company,"362 Murtala Muhammed Way, Oworonshoki",6.50804,3.3725627,"lodging, point_of_interest, establishment",D
Hotel De Fabulous,"Empire Surulere, 21 Okesuna St, Lagos",6.514854,3.3669925,"lodging, point_of_interest, establishment",D
Crown Hotel,"2 Connal Rd, Lagos",6.513743,3.375124,"lodging, point_of_interest, establishment",D
Placido's Place,"5 B Alakija St, Lagos",6.519552,3.3714768,"lodging, point_of_interest, establishment",D
NSPRI Guest Houses,"32/38 Barikisu Iyede St, Lagos",6.515648,3.3818584,"lodging, point_of_interest, establishment",D
Hadmof Inn,"21 Moore Rd, Lagos",6.514168,3.3778365,"lodging, point_of_interest, establishment",D
Craven Cottage Inn,"81a Ibikunle Street, off University Rd, Lagos",6.514711,3.3766889,"lodging, point_of_interest, establishment",D
Dreamland Hotel,"13 Onayade St, Lagos",6.521975,3.3682397,"lodging, point_of_interest, establishment",D
Moore Road Social Guest House,"28 Moore Rd, Lagos",6.514726,3.3778784,"lodging, point_of_interest, establishment",D
Hotel Lawa Alagomeji-Yaba Lagos,"F9XH+334, Borno Way, Lagos",6.497632,3.377703,"lodging, point_of_interest, establishment",B
Baseville Hotel and Suites,"4 Anthony Ajayi St, Lagos",6.512472,3.3833027,"lodging, point_of_interest, establishment",D
Wonderking Hotel,"13, Lawani street Akoka, Lagos",6.514086,3.3835898,"lodging, point_of_interest, establishment",D
Spicery Lodging And Accommodation Services,"16 Ijaoye St, Lagos",6.521294,3.3698413,"lodging, point_of_interest, establishment",D
Tyndale Residence Ltd,"5 Abimbola Cl, Lagos",6.521786,3.369941,"lodging, point_of_interest, establishment",D
Unilag Guest house,"Akoka Rd, Lagos",6.521602,3.3992761,"lodging, point_of_interest, establishment",D
Unilag Only,"University Of Lagos, University Rd, Lagos",6.52162,3.3990629,"lodging, point_of_interest, establishment",D
Peaceland Hotel LTD,"1 Tokunbo St, Lagos",6.503565,3.3805727,"lodging, point_of_interest, establishment",D
La Viju Hotel and Suites,"G8GX+W26, Cameroon St, Lagos",6.527272,3.3475356,"lodging, point_of_interest, establishment",B
Jocason Hotel,"51Adeoyo Street, Lagos",6.526907,3.3410798,"lodging, point_of_interest, establishment",B
Shadlat International Hotel,"Olusoga St, Lagos",6.525883,3.3464126,"lodging, point_of_interest, establishment",B
Hamak Hotel,"18 G.Onifade Street, Ijoko Ogba-Iyo, Off Oyero Rd, Ota",6.524467,3.3523732,"lodging, point_of_interest, establishment",B
HASB APARTMENTS,"32 Layi Oyekanmi St., Lagos",6.528265,3.3422565,"lodging, point_of_interest, establishment",B
Solitude Hotel,"14 Lawal Street, Off Oweh St, Lagos",6.52275,3.3690852,"lodging, point_of_interest, establishment",D
Royal Hills Hotel & Suites,"38 Anu Oluwapo St, Lagos",6.53098,3.3769115,"lodging, point_of_interest, establishment",D
CARITAS INN IGBOBI,"WAEC Bus Stop, Igbobi College Rd, beside First Bank, Lagos",6.525111,3.3743983,"lodging, point_of_interest, establishment",D
The AHI Residence,"19 Lawal St, Lagos",6.522436,3.3699135,"lodging, point_of_interest, establishment",D
The Kingsley - La Prima Casa,"11 Thanni Olodo St, Lagos",6.520572,3.3667025,"lodging, point_of_interest, establishment",D
Efex Hotel,"Murtala Muhammed Way, Lagos",6.513567,3.3695466,"lodging, point_of_interest, establishment",D
One18,"15c Akinhanmi St, Lagos",6.516227,3.3634436,"lodging, point_of_interest, establishment",D
G51 The Hotels (Former Gei8 Hotel),"34/38 Fashoro St, Lagos",6.516545,3.3613841,"lodging, point_of_interest, establishment",B
Suit Las Caracas,"14/16 Aderibigbe Street, Off Ajayi Street, By Custom B/stop, Onike, Lagos",6.514103,3.383068,"lodging, point_of_interest, establishment",D
Taid International Hotel,"No. 15, Lawal Street, Igbobi College Road, Fadety - Lagos, Lagos",6.523471,3.3714722,"lodging, point_of_interest, establishment",D
Ornament Hotel,"G9FG+RR5, Bailey St, Lagos",6.524416,3.3770167,"lodging, point_of_interest, establishment",D
Lagoon Hotel and Suites,"88 St Finbarr's College Rd, opposite Fidelity Bank, Lagos",6.530921,3.3880783,"lodging, point_of_interest, establishment",D
Footed Hotel and Suites,"3 church street, off Lagos-Abeokuta Expy, Lagos",6.529895,3.3788676,"lodging, point_of_interest, establishment",D
De-next hotels,"2, wulemotu ajoke street Akoka Yaba, Lagos",6.529314,3.3878521,"lodging, point_of_interest, establishment",D
Oasis Hotel,"G9FP+QQM, Adeyinka Osijo St, Lagos",6.524469,3.3869255,"lodging, point_of_interest, establishment",D
Zest International Hotel,"St Finbarr's College Rd, Lagos",6.525402,3.3860923,"lodging, point_of_interest, establishment",D
Akoka,"G9GR+4X6, Lagos",6.525314,3.3923896,"lodging, point_of_interest, establishment",D
Kolex Hotels Limited,"2 Olufeko Close Lagos, Fola Agoro St, Lagos",6.529773,3.3831821,"lodging, point_of_interest, establishment",D
Eed Pension Hotel,"Foluso Alade St, Ikeja",6.534991,3.3305221,"lodging, point_of_interest, establishment",B
Bomario Suites,"27 Okeho St, Lagos",6.524301,3.3249334,"lodging, point_of_interest, establishment",B
M.C COURT HOTEL,"13 Olorunsogo St, Alh. Otta St, off Fafolu Street, Lagos",6.535078,3.3542256,"lodging, point_of_interest, establishment",D
Mirror Suites,"G8HJ+XRJ, Isolo Rd, Lagos",6.529946,3.3321462,"lodging, point_of_interest, establishment",B
Blue Orange Hotel and Towers,"151 Ikorodu Rd, Lagos",6.532974,3.3669156,"lodging, point_of_interest, establishment",D
Palmgroove Mainland Hotel,"Palm Grove, Ikorodu Rd, Lagos",6.537516,3.3633394,"lodging, point_of_interest, establishment",D
Neighbourhood Exquisite Resort and Hotel,"48/50 Awoyokun Street, off Road, Onipanu, Ikorodu",6.536539,3.3631134,"lodging, point_of_interest, establishment",D
Hope Residence Hotel and Suites,"Local Government, 10/12 Onajimi street, Off Pedro road, Palmgroove, Lagos",6.538501,3.3796064,"lodging, point_of_interest, establishment",D
De Bluezzzz Hotel Ltd.,"12 Anu Oluwapo St, Lagos",6.533071,3.3770165,"lodging, point_of_interest, establishment",D
On Point Hotel Ltd,"7, Coker Street, Ebute Metta, Lagos",6.529951,3.3584121,"lodging, point_of_interest, establishment",D
Jadettes Hotel,"4 Ogidan St, Lagos",6.531279,3.361039,"lodging, point_of_interest, establishment",D
Celina Hotel And Suites,"Ilaje Bariga, 3 Deji Aladejobi Rd, Lagos",6.53538,3.3907148,"lodging, point_of_interest, establishment",D
Faith Lodge,"Abule Okuta Road, Lagos",6.535887,3.3898479,"lodging, point_of_interest, establishment",D
Executives Presidential Inn,"16 Bariga Rd, Lagos",6.533823,3.3839282,"lodging, point_of_interest, establishment",D
Parklane Hotel Nigeria Limited (Lagos),"40 Asa-Afariogun St, Lagos",6.546111,3.3266667,"lodging, point_of_interest, establishment",B
De Next Center Resort,"Olutosin Ajayi St, Ikeja",6.549145,3.3265771,"lodging, point_of_interest, establishment",B
Silver Grandeur Hotel,"4 Agbor St, Ado Okoto",6.546668,3.3335946,"lodging, point_of_interest, establishment",D
Royal Jatoz Hotel,"9 Rasmon Street, Off Osolo Wy, Ikeja",6.54877,3.3337177,"lodging, point_of_interest, establishment",D
"Dees Hotels, Apartments and Suites","8, 10 Ati Okoye St, off Chivita Avenue, Lagos",6.541647,3.3252355,"lodging, point_of_interest, establishment",B
Residency Hotel Lagos Airport,"9 Asa Afariogun, off Int'l Airport Rd, Lagos",6.546678,3.3309656,"lodging, point_of_interest, establishment",B
Britannia Hotel & Suites Ltd,"18 Asa-Afariogun St, Lagos",6.546945,3.3302345,"lodging, point_of_interest, establishment",B
Linton Host Hotel,"19 Banana Cl, Lagos",6.546978,3.3278872,"lodging, point_of_interest, establishment",B
Terrace Green Hotel,Ikeja,6.548862,3.3330047,"lodging, point_of_interest, establishment",D
Isno Hotels Nigeria Limited,"24 Ajibade Oke St, Lagos",6.542817,3.3298983,"lodging, point_of_interest, establishment",B
Rollace Hotel Lagos Nigeria,"46/48 Awoniyi Elemo Street, Airport Rd, Lagos",6.548525,3.3272793,"lodging, point_of_interest, establishment",B
Signatious Hotel,"1/3 Lambert Imasuen, Off Robinson Gbagi, Lagos",6.544374,3.3252549,"lodging, point_of_interest, establishment",B
Cynarriso Hotel,"4 Kaara St, Lagos",6.545605,3.3320938,"lodging, point_of_interest, establishment",B
Sena Hotel,"Ahanor Dr, Ikeja",6.542772,3.3212257,"lodging, point_of_interest, establishment",B
Sena Hotel,"43 Olutosin Ajayi St, Lagos",6.546425,3.3281596,"lodging, point_of_interest, establishment",B
Heritage House Square,"Kolex Avenue, Ikeja",6.541629,3.3251382,"lodging, point_of_interest, establishment",B
Coronia HOTEL,"2B Nwabueze Cl, Ajao Estate",6.546198,3.3241489,"lodging, point_of_interest, establishment",B
Encore Lagos Hotels & Suites,"1 Ahanor Dr, Lagos",6.542495,3.3212921,"lodging, point_of_interest, establishment",B
Prime16 hotel & suites,"16 Kaara St, Ikeja",6.544738,3.3310365,"lodging, point_of_interest, establishment",B
Chamcce Hotel & Suites Ikeja,"Airport Rd, Ikeja",6.547278,3.3313269,"lodging, point_of_interest, establishment",B
HeritageHouse Hotel,"20 Asa-Afariogun St, Lagos",6.546986,3.3298992,"lodging, point_of_interest, establishment",B
Dulwich Hotels & Suites,"27, Kaara Street, Off Osolo Way, Ajao Estate, Lagos",6.545484,3.3318954,"lodging, point_of_interest, establishment",B
Golden Tulip - Alaba Oniru Avenue,"Alaba Oniru Ave, Ikeja",6.544394,3.3252498,"lodging, point_of_interest, establishment",B
Richanthonio Suites,"2 Richanthonio Avenue off, Ibe Ogugua Close, Lagos",6.538066,3.3211982,"lodging, point_of_interest, establishment",B
Modex Guest House,"34 Olakunle Selesi Cres, Lagos",6.547949,3.3298175,"lodging, point_of_interest, establishment",B
Hotel & Event Center,"Ire-Akari Estate Rd, Lagos",6.524723,3.3220796,"lodging, point_of_interest, establishment",B
Blue Nest Hotel,"9 Osolo Wy, Lagos",6.541588,3.3337141,"lodging, point_of_interest, establishment",B
The Habitat suites interntional ltd,"4 Asa-Afariogun St, Lagos",6.547536,3.3319913,"lodging, point_of_interest, establishment",B
Cameo's Suites,"29 Ibeh Rd, Lagos",6.519632,3.3213829,"lodging, point_of_interest, establishment",B
Feligold Royal Hotel Lagos,"Beside Eleganza, 6 Nwobodo Eze St, Lagos",6.54595,3.3256507,"lodging, point_of_interest, establishment",B
Sesgull Suites and Hotel,"Chief, Dele Ashiru St, Ikeja",6.523681,3.3185283,"lodging, point_of_interest, establishment",B
New World Inn,"G8JM+MV8, Isolo Rd, Lagos",6.531667,3.3347119,"lodging, point_of_interest, establishment",B
Job and Joy Hotel (Mushin),"33, Moshalashi Street, Lagos",6.530144,3.3232303,"lodging, point_of_interest, establishment",B
Hymax Grace Hotel & Suite Ltd,"51 Isolo Rd, Lagos",6.525761,3.3220761,"lodging, point_of_interest, establishment",B
Remsal Hotel Limited,"8/10 Oludegun St, Lagos",6.521503,3.3209196,"lodging, point_of_interest, establishment",B
Neniv Hotels,"Alhaji Adekunle Bisi St, Ikeja",6.537263,3.3302267,"lodging, point_of_interest, establishment",B
LV-21 Apartments,"21 Adewunmi Abudu St, off Osolo Way, Lagos",6.543174,3.3319877,"lodging, point_of_interest, establishment",B
OGA 789 Hotel Neniv,"37 Alabe Street, Lagos",6.536291,3.330283,"lodging, point_of_interest, establishment",B
Phoenix Imperial Hotels & Apartments,"7 Ibiyemi St, off Osolo Way, Lagos",6.545757,3.3344726,"lodging, point_of_interest, establishment",D
Domino Guest House,"2 Oludegun Street Off Airport Road Mafoluku, Oshodi Isolo",6.521779,3.321508,"lodging, point_of_interest, establishment",B
Jopathera Hotel,"G8QR+MMR, Lagos",6.539218,3.3416549,"lodging, point_of_interest, establishment",D
The Signature Apartment,"60, Olasonde Street, Lagos",6.536475,3.340294,"lodging, point_of_interest, establishment",B
Wood Marble Hotel,"93 Shipeolu St, Lagos",6.544901,3.3683535,"lodging, point_of_interest, establishment",D
"Adun Suites, Gbagada, Lagos","9, Igbeyin Adun Street Off Pedro, Gbagada Phase I, Lagos",6.547057,3.3766261,"lodging, point_of_interest, establishment",D
"Waje Hotel, Gbagada","7 Sunday Ogunyade St, Lagos",6.547882,3.3895515,"lodging, point_of_interest, establishment",D
Ocean Suite Hotel,"Asimonu Street, Lagos",6.54839,3.392935,"lodging, point_of_interest, establishment",D
Celina International Hotel,"Lanre Awolokun St, Lagos",6.544088,3.3924586,"lodging, point_of_interest, establishment",D
Elegance Suites Hotels,"1, 3 Safuratu Sekoni St, Lagos",6.548262,3.3926859,"lodging, point_of_interest, establishment",D
Sylva Link,"29 Lanre Awolokun St, Lagos",6.547257,3.3877833,"lodging, point_of_interest, establishment",D
Splendour Hotel and Suites,"1, Adefowope Street, off Association Ave, Lagos",6.547685,3.3638958,"lodging, point_of_interest, establishment",D
GreenHouse Service Apartment Gbagada,"36 Lanre Awolokun Street, by Charley Boy Bustop, Lagos",6.546907,3.3857639,"lodging, point_of_interest, establishment",D
House 8,"8 Ajayi St, Lagos",6.545887,3.3773018,"lodging, point_of_interest, establishment",D
Larex Hotel International,"75 Shipeolu St, Lagos",6.543541,3.3683171,"lodging, point_of_interest, establishment",D
ibis Lagos Airport,"Airport Rd, Lagos",6.550975,3.3297012,"lodging, point_of_interest, establishment",A
JOYGATE HOTEL & SUITES,"1, Lateef Salami Street, off Muritala, Airport Rd, Lagos",6.551769,3.3284649,"lodging, point_of_interest, establishment",A
Hotel Romeneo,"19 Victor Nnadozie Street, Richfield Ave, Lagos",6.552768,3.3207537,"lodging, point_of_interest, establishment",A
"Greenpoint Hotel Ajao, Lagos","20 Fatai Irawo St, Ikeja",6.551667,3.3264504,"lodging, point_of_interest, establishment",A
Airport Golden Tulip Hotel,"Int'l Airport Rd, Ikeja",6.552272,3.3297706,"lodging, point_of_interest, establishment",A
Presken Hotel @ International Airport,"H82H+XRG, opposite Ibis Hotel Royale, Ikeja",6.552434,3.3295892,"lodging, point_of_interest, establishment",A
West View Hotel,"Int'l Airport Rd, Ikeja",6.553297,3.3250708,"lodging, point_of_interest, establishment",A
Royal Crest Hotel & Suites,"7&8 bus stop, 9 Osolo Wy, Lagos",6.54954,3.3320854,"lodging, point_of_interest, establishment",D
Royal View Hotel and Suitesroyal Welcome Awaits all Guest,"H83H+V42, Adeola Ajayi Cres, Lagos",6.554626,3.3277758,"lodging, point_of_interest, establishment",A
T. Tivol Residence And Hotel,"9 Fatai Irawo St, Lagos",6.551099,3.3277169,"lodging, point_of_interest, establishment",A
Excel Oriental Hotel & Suites,"16/18 Airport Rd, Oshodi/Isolo",6.550953,3.3333552,"lodging, point_of_interest, establishment",D
De Boss Garden Hotel,"18/20 Adekunle Akala Street, Lagos",6.549669,3.3252397,"lodging, point_of_interest, establishment",B
El Elyon Hotel and Suites,"3A Awoniyi Elemo St, Ikeja",6.549918,3.3310833,"lodging, point_of_interest, establishment",D
Hotel Ibis Royale,"Junction, Lagos",6.551696,3.3289601,"lodging, point_of_interest, establishment",A
Choppers Cook Hotel & Suites,"40 Boladale St, Lagos",6.555884,3.346762,"lodging, point_of_interest, establishment",D
Golden Destiny Hotels,"6 Awoniyi Elemo St, Lagos",6.550404,3.331256,"lodging, point_of_interest, establishment",D
MarbleField Hotels Suites & Resorts,"Charity, Off Apapa Oshodi express Way Oshodi, 35 Seinde Calisto Cres, Lagos",6.5546,3.343184,"lodging, point_of_interest, establishment",D
Humble view hotel,"16 Boladale St, Lagos",6.555864,3.3449169,"lodging, point_of_interest, establishment",D
Best Connection Hotel Limited,"Mafoluku Rd, Ikeja",6.556516,3.3360675,"lodging, point_of_interest, establishment",A
Formula 2 Hotel Ajao,"9 Oredola Olojo St, Oloja Street, Ajao Estate",6.551931,3.3258128,"lodging, point_of_interest, establishment",A
Jolie Suites,"Estate Lagos NG, 3 Kunle Ogunade Cl",6.553335,3.3233089,"lodging, point_of_interest, establishment",A
DE'BLISS HOTEL & SUITS,"19 Banana close, Airport Rd, Lagos",6.549435,3.3285029,"lodging, point_of_interest, establishment",B
Hotel Padelia and Apartment,"1 alhaji rafiu street, Int'l Airport Rd, Lagos",6.550076,3.3350782,"lodging, point_of_interest, establishment",D
Maria Suites Ltd,"25, Fatai Irawo Street, Off Airport Road, Ajao Estate, Apapa, Lagos, Lagos, Lagos",6.55386,3.34665,"lodging, point_of_interest, establishment",D
LUMIERE POINT HOTEL,"Fatai Irawo St, Lagos",6.551224,3.3284444,"lodging, point_of_interest, establishment",A
The Cocoon Luxury Suites,"Phase 1, 6 Oguntona Cresent, Lagos",6.550675,3.3756464,"lodging, point_of_interest, establishment",D
Ifycious Lodge,"odi-olowo, 13 Gbolade Adebanjo St, off Coker Road, Lagos",6.549605,3.3620171,"lodging, point_of_interest, establishment",D
Million Dollars Imperial Hotel,"5 Gbala St, Lagos",6.558004,3.3853779,"lodging, point_of_interest, establishment",D
Kristabel Hotel And Suites,"No. 28 Ayodele Oke-Owo Rd, Lagos",6.557619,3.3865832,"lodging, point_of_interest, establishment",D
Jonsland Castle,"11/13 Oludele Fakunle St, Lagos",6.556352,3.3940722,"lodging, point_of_interest, establishment",D
Witsspring Suites,"4 Fred Omojole Cres, Lagos",6.557425,3.3890614,"lodging, point_of_interest, establishment",D
Ivory Exclusive Hotel and Suites,"Plot B General Hospital Rd, Lagos",6.550565,3.3900446,"lodging, point_of_interest, establishment",D
Starexx Luxury Apartment,"House 10, Ora Ekpen Crescent, Ifako Gbagada Starexx Anex) House 21, Ora Ekpen Crescent, Ifako Gbagada Kosofe, Local, Lagos",6.552126,3.3902939,"lodging, point_of_interest, establishment",D
Bestend International Luxury Hotel and suites,"Atunrase Estate, 4 Emeka Osuorji Close, off Nze Njoku Street, Lagos",6.553061,3.3842435,"lodging, point_of_interest, establishment",D
Kreastol luxury suite,"13 Alh. Toyibat Yussuf Adenji St, Lagos",6.556044,3.3818728,"lodging, point_of_interest, establishment",D
Urban Metro Inn,"Plot 293 Gbagada - Oworonshoki Expy, Lagos",6.548401,3.387181,"lodging, point_of_interest, establishment",D
Russellinn,"141d, Gbagada Rd, Lagos Gbagada Oworonshoki Expressway, Phase 1 Obanikoro, Lagos",6.55693,3.3701439,"lodging, point_of_interest, establishment",D
First View Luxury Hotel,"H92W+WQH, Adeniran, Bamishile Street, Lagos",6.552324,3.3969697,"lodging, point_of_interest, establishment",D
Gentle Tower Hotel and Suites,"23 Adekunle St, Mabayoje St, off Daudu, Lagos",6.558641,3.3407062,"lodging, point_of_interest, establishment",A
The colony hotel and suites,"Iju-Market bus stop, 64 Baba-Ode St, Ota",6.564389,3.3385029,"lodging, point_of_interest, establishment",A
Gregory University Guest House,"110b Old Ewu Rd, Lagos",6.556217,3.3269776,"lodging, point_of_interest, establishment",A
VINCHEE SUITES,"H84G+PC9, Airport Rd, Lagos",6.556812,3.3260625,"lodging, point_of_interest, establishment",A
Grace Paradise Hotel Ltd.,"20 Akinpelu St, opposite Akinpelu Police Station, Lagos",6.561984,3.3472995,"lodging, point_of_interest, establishment",A
Demadera Hotel,"21 Eniola Adesanya St, Lagos",6.566054,3.3327163,"lodging, point_of_interest, establishment",A
Creme Suites And Hotel,"2B Iya Oloye Crescent, Idiroko Est, Lagos",6.563665,3.3654519,"lodging, point_of_interest, establishment",A
Diamond Hotel,"5 Okunfolami St, Lagos",6.565714,3.3714101,"lodging, point_of_interest, establishment",A
Pholax Hotel & Suites,"60 Olorunlogbon St, Lagos",6.564212,3.3703106,"lodging, point_of_interest, establishment",D
Banex Hotel And Suites,"Vom Estate, 60 Olorunlogbon St, Lagos",6.564268,3.3703366,"lodging, point_of_interest, establishment",D
Bolad Hotel,"38 Stephen Osunlalu Street, Lagos",6.559668,3.386525,"lodging, point_of_interest, establishment",D
"Legend Hotel Lagos Airport, Curio Collection by Hilton","Quits Aviation Services Free Zone, Airport Rd, Ikeja",6.573224,3.3245278,"lodging, point_of_interest, establishment",A
God’s Touch Apartments Signatures,"75 Oduduwa Cres, Ikeja",6.574554,3.3474368,"lodging, point_of_interest, establishment",A
Smridu Hotel,"address, 39 Adekunle Fajuyi Way, Ikeja",6.570904,3.3482558,"lodging, point_of_interest, establishment",A
Favourite Hotel,"16 Aina St, Lagos",6.571636,3.3419715,"lodging, point_of_interest, establishment",A
SSCFG Luxury Apartments & Suites,"8-10 Andy Offor Street/Lawrence Daniel Close, Off Airport Rd, Lagos",6.553424,3.3219091,"lodging, point_of_interest, establishment",A
Msquare Hotel Ikeja,"34A Remi Fani-Kayode Ave, Ikeja",6.575706,3.3547459,"lodging, point_of_interest, establishment",A
Bleu Ivy Hotel and Suites GRA Ikeja,"64 Oduduwa Way, off Isaac John Street, Ikeja",6.571018,3.3512688,"lodging, point_of_interest, establishment",A
皇庭酒店 (The Cromwell Courtyard Hotel),"29 Sobo Arobiodu St, Ikeja",6.576056,3.3533768,"lodging, point_of_interest, establishment",A
Adna Hotel Limited.,"28 Oladipo Bateye Rd, Ikeja",6.576159,3.3455664,"lodging, point_of_interest, establishment",A
Posh Apartments Business Hotel,"24A Adekunle Fajuyi Way, Lagos",6.570787,3.353971,"lodging, point_of_interest, establishment",A
Sapphire Residences by Crystal,"4c Eso Cl, Ikeja",6.573824,3.3540604,"lodging, point_of_interest, establishment",A
Montana Residence,"16 Oduduwa Way, Lagos",6.573926,3.3586115,"lodging, point_of_interest, establishment",A
Sky Suites,"24a Oduduwa Way, Ikeja",6.573539,3.3574774,"lodging, point_of_interest, establishment",A
Reli-On Hotels,"37 Oduduwa Cres, Ikeja",6.573797,3.3531486,"lodging, point_of_interest, establishment",A
LANTANO COTTAGE,"Lagos NG, 4 Oduduwa Cres, Ikeja",6.574097,3.3569037,"lodging, point_of_interest, establishment",A
House of Splendor Boutique Hotel and Spa,"11 Sobo Arobiodu St, Ikeja",6.575696,3.3498665,"lodging, point_of_interest, establishment",A
The W Hotel,"1 Oduduwa Cres, Lagos",6.574183,3.3576523,"lodging, point_of_interest, establishment",A
"Ringruby Hotel, Eso Close Ikeja GRA","4B Eso Cl, off Oduduwa Crescent, Ikeja",6.573963,3.354311,"lodging, point_of_interest, establishment",A
L'Eola Hotel,"1 Mogambo Close Maryland Ikeja, Lagos",6.573392,3.366781,"lodging, point_of_interest, establishment",A
Elomaz Hotels Maryland Ikeja,"3/5 Emmanuel St, Lagos",6.573619,3.3670244,"lodging, point_of_interest, establishment",A
Planet One Hotel,"5 Mobolaj, Mobolaji Bank Anthony Way, Lagos",6.573428,3.3671529,"lodging, point_of_interest, establishment",A
"Ringruby Hotel, Oduduwa Way Ikeja GRA","7 Sade Onigbajo Close, off Oduduwa Way, Ikeja",6.572631,3.3551323,"lodging, point_of_interest, establishment",A
Trendy Inn Limited,"13/15 Adebowale Tade Street, Lagos",6.571314,3.3710885,"lodging, point_of_interest, establishment",A
Mississippi Hotel,"2 Sunmola Street, Lagos",6.568628,3.3728253,"lodging, point_of_interest, establishment",A
Sylva Link Hotel Limited,"Faramobi Ajike St, Lagos",6.565785,3.3690302,"lodging, point_of_interest, establishment",A
Serendipity Anchotel,"1A Abiodun close, Ikeja",6.563796,3.3477152,"lodging, point_of_interest, establishment",A
Bedrock Residencies - Oduduwa Residence,"53 Oduduwa Way, Lagos",6.57108,3.3528592,"lodging, point_of_interest, establishment",A
Trendy Inn,"13 Kunle Adebowale St, Lagos",6.560782,3.3718921,"lodging, point_of_interest, establishment",D
"Atlantic Hotels And Suites ,Ikeja, Lagos","84 Oduduwa Cres, Lagos",6.573768,3.347376,"lodging, point_of_interest, establishment",A
Maxton Suites,"50b Ajose St, Lagos",6.575226,3.3739912,"lodging, point_of_interest, establishment",A
House 2 Guest House,"4 Obalodu St, Lagos",6.550951,3.3588552,"lodging, point_of_interest, establishment",D
American Hotel,"10 Adekoya St, Lagos",6.560155,3.3488835,"lodging, point_of_interest, establishment",A
WhiteGold Hotel,"N 0, 17b Oladipo Bateye Rd, Ikeja",6.575027,3.3455083,"lodging, point_of_interest, establishment",A
Mayors And Diplomats Suites Ikeja,"18 Oduduwa Way, Ikeja",6.57379,3.3583939,"lodging, point_of_interest, establishment",A
Chatwell Hotel,"1, Ben Ohale Close, Lagos",6.573387,3.3769951,"lodging, point_of_interest, establishment",A
Crestview Hotel & Suites,"4, Abudu street, Ogudu Road, by Alhaja Bus-Stop, Ogudu,, Lagos. Lagos, Nigeria, Lagos",6.571997,3.3925354,"lodging, point_of_interest, establishment",D
Class Suites Ogudu,"36, Buari Street, Off Ogudu Rd, Lagos",6.57123,3.3939688,"lodging, point_of_interest, establishment",D
7th Heaven Hotel & Suite,"36 Bamidele Adebule St, Lagos",6.564074,3.3795297,"lodging, point_of_interest, establishment",D
Unique Didis Royal Hotel & Suites,"10 Unity Drive, Idimu Rd, Lagos",6.566524,3.2972629,"lodging, point_of_interest, establishment",A
Maingate Hotel and Suites,"Orisunbare Rd Shasha Via Akowonjo or Ajao Estate, Lagos",6.573563,3.3061224,"lodging, point_of_interest, establishment",A
Marriot Airport Hotel,"MM Int'l Airport Road, 1 Kunle Ogunade Cl, behind Conoil, Lagos",6.553869,3.3241858,"lodging, point_of_interest, establishment",A
Truthkey Hotels,"7 Ilare St, Lagos",6.560758,3.33054,"lodging, point_of_interest, establishment",A
Tivoli Residence,"12 Fatai Irawo St, Lagos",6.551658,3.3276642,"lodging, point_of_interest, establishment",A
Hotel 1960 Limited,"27 Oyedele Ogunniyi St, Lagos",6.561188,3.3706808,"lodging, point_of_interest, establishment",D
Elicri's Apartment,"86 Oduduwa crescent Ikeja, Lagos",6.574254,3.3472452,"lodging, point_of_interest, establishment",A
New Moon Hotel LTD,"11 Coker Rd, near NAF Base, Akowonjo",6.57885,3.3019031,"lodging, point_of_interest, establishment",A
Midway Best Hotel,"4/6 Kayode Adeoba Close, off Ajilekege St, Lagos",6.575932,3.2943087,"lodging, point_of_interest, establishment",A
Dana hotel and Apartments,"7 Emmanuel Osakwe St, Lagos",6.583278,3.2910108,"lodging, point_of_interest, establishment",A
DownTown Royal Hotel GRA Ikeja,"G.R.A, 58b Oladipo Bateye Street, off Works Road, Ikeja",6.580613,3.3443775,"lodging, point_of_interest, establishment",A
Presken Residence Annex.,"9 Rev.Ogunbiyi St, Lagos",6.58182,3.3461179,"lodging, point_of_interest, establishment",A
Presken Hotel @ Residence,"8 Rev.Ogunbiyi Street, Lagos, Ikeja",6.581058,3.3476092,"lodging, point_of_interest, establishment",A
StoneSide Hotel & Apartment,"Chief Oborokumo Close, 3 Sobo Arobiodu St, Ikeja",6.578008,3.3489868,"lodging, point_of_interest, establishment",A
The Safron Hotel Ikeja,"57 Joel Ogunnaike St, Ikeja",6.583613,3.3487318,"lodging, point_of_interest, establishment",A
Lagos Marriott Hotel Ikeja,"122 Joel Ogunnaike St, Lagos",6.58459,3.3494207,"lodging, point_of_interest, establishment",A
Savoy Summerset Hotel,"43 Isaac John St, Lagos",6.584228,3.3571507,"lodging, point_of_interest, establishment",A
Ivy Hotel Emerald Court GRA,"36 Ladoke Akintola Rd, Ikeja",6.579381,3.3555605,"lodging, point_of_interest, establishment",A
The Colossus Lagos,"4 Sheraton Link Rd, Lagos",6.584421,3.3620117,"lodging, point_of_interest, establishment",A
Sheraton Lagos Hotel,"30 Mobolaji Bank Anthony Way Ikeja, Lagos",6.583553,3.3601337,"lodging, point_of_interest, establishment",A
LimeRIDGE SIGNATURE HOTEL,"Plot 30 Ladoke Akintola Rd, Ikeja",6.580841,3.3550881,"lodging, point_of_interest, establishment",A
The Sojourner By Genesis Ikeja GRA,"16 Oba Akinjobi Way, Street",6.579275,3.3508445,"lodging, point_of_interest, establishment",A
Amber Residence Ikeja GRA Lagos,"16 Esugbayi St, Ikeja",6.581108,3.3528484,"lodging, point_of_interest, establishment",A
BON Hotel Ikeja Residence,"51 Sobo Arobiodu St, Ikeja",6.577883,3.3581844,"lodging, point_of_interest, establishment",A
God's Touch Apartments GRA 2,"4 Remi Fani-Kayode Ave, Ikeja",6.577683,3.3482347,"lodging, point_of_interest, establishment",A
Primal Hotel,"46B Isaac John St, Ikeja",6.583821,3.3579883,"lodging, point_of_interest, establishment",A
"Radisson Blu Hotel, Lagos Ikeja","38-40 Isaac John St, Lagos",6.581967,3.3586158,"lodging, point_of_interest, establishment",A
BWStarfire Hotel,"128 Joel Ogunnaike St, Ikeja",6.583899,3.3480031,"lodging, point_of_interest, establishment",A
Presken Hotel @Villa GRA,"6 Remi Fani-Kayode Ave, Lagos",6.577388,3.348357,"lodging, point_of_interest, establishment",A
The Berkeley Hotel,"G.R.A, 9 Isaac John St, Lagos",6.576529,3.3600368,"lodging, point_of_interest, establishment",A
Grandbee Apartment and Residence,"8A/B Adeyemo Alakija Street, Ikeja, Lagos",6.57812,3.35114,"lodging, point_of_interest, establishment",A
Protea Hotel Ikeja,"Plot 42, G.R.A, 44 Isaac John St, Lagos",6.583724,3.358001,"lodging, point_of_interest, establishment",A
Radisson Hotel Lagos Ikeja,"42/44 Isaac John St, Lagos",6.582511,3.3583605,"lodging, point_of_interest, establishment",A
Suru Express Plus GRA Ikeja,"49A Joel Ogunnaike St, Lagos",6.584114,3.349846,"lodging, point_of_interest, establishment",A
African Sun Amber,"16 Esugbayi Street, GRA, close to Protea Hotel, close to Nitel, Lagos",6.58092,3.3519197,"lodging, point_of_interest, establishment",A
Paramount Luxury Apartments,"8 Ajisafe St, off Isaac John Street, Ikeja",6.584156,3.3555659,"lodging, point_of_interest, establishment",A
Beij Inn And Suites,"26 Emmanuel High St, Lagos",6.57861,3.3809864,"lodging, point_of_interest, establishment",A
Aotel DawnCarrington Hotels & Suites,"6 Emmanuel Street Ojota, Lagos",6.580279,3.3820828,"lodging, point_of_interest, establishment",A
C-class Hotel and Suites,"Ogudu Rd, Lagos",6.581036,3.3856017,"lodging, point_of_interest, establishment",A
CLEARVIEW SUITE,"5 Ojolowo Ojuko Crescent, Lagos",6.591461,3.2953501,"lodging, point_of_interest, establishment",A
FORT ROSS HOTEL,"45 Shasha Rd, Lagos",6.589217,3.30695,"lodging, point_of_interest, establishment",A
"The Genesis Sojourner, is a Premier Luxury Hotel","H8RV+9W7, Oba Akinjobi Way, Lagos",6.590921,3.344793,"lodging, point_of_interest, establishment",A
Apartment 79 Hotel & Suite,"79 Mobolaji Bank Anthony Way, Ikeja",6.593282,3.3430338,"lodging, point_of_interest, establishment",A
GrandBee Suites Hotel,"31A Joel Ogunnaike St, Ikeja",6.58549,3.3530481,"lodging, point_of_interest, establishment",A
Shoregate Hotels Limited,"29 Joel Ogunnaike St, Ikeja",6.585359,3.3533336,"lodging, point_of_interest, establishment",A
White House Hotel GRA,"31 Joel Ogunnaike St, Ikeja",6.585307,3.3528235,"lodging, point_of_interest, establishment",A
Amazon Msquare Apartment Hotel,"4 Sir Michael Otedola Cres, off Joel Ogunnaike Street, Ikeja",6.586521,3.3537983,"lodging, point_of_interest, establishment",A
Presken Hotels Kone,"Close To The International Airport, Mobolaji Bank Anthony Way, Ikeja",6.589146,3.3576214,"lodging, point_of_interest, establishment",A
CITIHEIGHT Hotel Lagos,"6 Sheraton Link Rd, Ikeja",6.584853,3.3615192,"lodging, point_of_interest, establishment",A
Joshesther Olive Hotels,"11b Samuel Awoniyi St, off Salvation Road, Ikeja",6.591292,3.3622582,"lodging, point_of_interest, establishment",A
Elicris Place,"17a Church St, Lagos",6.591614,3.360795,"lodging, point_of_interest, establishment",A
H53 SUITES,"Sir Michael Otedola Cres, Ikeja",6.586316,3.3529257,"lodging, point_of_interest, establishment",A
CHOICE GRANDE LAGOS,"4 Adeyeri Cl, Ikeja",6.589706,3.3600981,"lodging, point_of_interest, establishment",A
Presken Castle,"9 Alfred Olaiya St, Lagos",6.588078,3.3657681,"lodging, point_of_interest, establishment",A
Sun On Hotel,"93B Opebi Rd, Lagos",6.585743,3.3648584,"lodging, point_of_interest, establishment",A
Erith Apartments and Suites Ltd.,"5 Aderoju Adewuyi St, Ikeja",6.58641,3.3665818,"lodging, point_of_interest, establishment",A
Dennis,"17abel oreniyi street salvation road Ikeja Lagos Ikeja, Ondo",6.590521,3.3629467,"lodging, point_of_interest, establishment",A
Villa palazzo hotel and Apartment,"12 Gafari Balogun St, Ikeja",6.592162,3.3636091,"lodging, point_of_interest, establishment",A
Top Rank Hotels Galaxy,"17 Olayeni Abiola St, Lagos",6.592547,3.3642469,"lodging, point_of_interest, establishment",A
Shuallson Villa [Hotel Apartment],"12 Gafari Balogun Street, Off Salvation Rd, Ikeja",6.592162,3.3635301,"lodging, point_of_interest, establishment",A
Voyage Inn Hotel And Bar,"Block2a Guesstimate Avenue behind Citadel Church Off Etal Avenue behind Etal hotel Onigbongbo Ikeja, Lagos",6.59253,3.3688334,"lodging, point_of_interest, establishment",A
Jeromes Garden and suites,"29 Oroleye Cres, Ikeja",6.591227,3.3647082,"lodging, point_of_interest, establishment",A
Class Suites @ Chruch Street,"17A Church Street, Off Salvation Rd, Ikeja",6.593231,3.3627955,"lodging, point_of_interest, establishment",A
Ree Danielles Hotels And Suites,"G.R.A, 6 Emmanuel Street Ojota, Lagos",6.583664,3.3837958,"lodging, point_of_interest, establishment",A
Le Curve Hotels,"98 Opebi Rd, Ikeja",6.584367,3.3652242,"lodging, point_of_interest, establishment",A
N'Joy Hotel And Suites,"6 Gafari Balogun St, Ikeja",6.591886,3.3629792,"lodging, point_of_interest, establishment",A
White Chase Hotel & Suites,"9, church street, off Vulcanizer bus stop Akowonjo, Egbeda, Lagos",6.600043,3.3020292,"lodging, point_of_interest, establishment",A
White Court View Hotel,"2/3 Ajimotokan St, off Akowonjo Rd, behind De Dems Night Club, Ikeja",6.601358,3.304867,"lodging, point_of_interest, establishment",A
ZIGI HOTELS /CLUB ZIGI,"1 Zukada Cl, off Shasha Road, Ikeja",6.601538,3.3100249,"lodging, point_of_interest, establishment",A
Villas Hotel,"A.G.O.Ajimotokan St, Ikeja",6.601838,3.3044054,"lodging, point_of_interest, establishment",A
Richvilla Apartments and Hotels,"local govt, 28 Omu-Aran street Unity Estate Egbeda Lagos Ikotun, Lagos",6.586043,3.2906019,"lodging, point_of_interest, establishment",A
RONEKS ROYAL HOTELS & SUITES LIMITED,"28, Olufemi Ojo Street, By Shasha Rd, Lagos",6.600771,3.3030754,"lodging, point_of_interest, establishment",A
Thapunchline Apartments and Hotels,"14 Independence St, Ikeja",6.599706,3.3365018,"lodging, point_of_interest, establishment",A
D'Godfather Lounge & Suites Ltd,"22 Oduyemi St, Lagos",6.597831,3.3355208,"lodging, point_of_interest, establishment",A
R&A City Hotel Opebi | Hotel In Ikeja,"Oshope Plaza, 2 Majekodunmi St, Allen Ave, Lagos",6.598704,3.352864,"lodging, point_of_interest, establishment",A
SIX DIAMOND HOTEL,"3 Allen Lane, off Allen Ave, Ikeja",6.600047,3.3535907,"lodging, point_of_interest, establishment",A
GTA Hotel,"3 Amore Street, off Toyin Street, Ikeja",6.596893,3.3496362,"lodging, point_of_interest, establishment",A
Choice Suites Signature,"3a Allen Lane, off Allen Ave, Ikeja",6.599689,3.3537399,"lodging, point_of_interest, establishment",A
PRESKEN HOTELS @ FAJODD-4,"7, Omotayo Ojo street, Off Majekodunmi Street, Allen Ave, Ikeja",6.59835,3.3514689,"lodging, point_of_interest, establishment",A
Alluring View Hotel @ Toyin Street,"24, Olufunmilayo Okikiolu Street, Off Toyin St, Ikeja",6.597948,3.347982,"lodging, point_of_interest, establishment",A
ibis Lagos Ikeja,"23 Toyin St, Lagos",6.596395,3.3516847,"lodging, point_of_interest, establishment",A
Tega's Hotel & Suites,"4 Mojidi Street, off Toyin St, Ikeja",6.599008,3.3474183,"lodging, point_of_interest, establishment",A
Imperial Garden Hotel,"35 Unity Rd, Ikeja",6.595334,3.3459696,"lodging, point_of_interest, establishment",A
Suite 29 Hotel,"29 Oluwaleimu St, Off Ladipo Kuku St, off Allen, Ikeja",6.600195,3.3484398,"lodging, point_of_interest, establishment",A
De Rembrandt Classic Hotel,"26b Emina Creascent, Off Toyin Street, Ikeja",6.59662,3.3537884,"lodging, point_of_interest, establishment",A
APPLEVILLE SUITES HOTEL IN IKEJA LAGOS,"4 Ajoke Akinbami St, off Unity Road, Ikeja",6.594641,3.3464875,"lodging, point_of_interest, establishment",A
The Nest Hotel,"No 5, M.K.O. Abiola Crescent, Off Toyin Street, Ikeja",6.594078,3.3530976,"lodging, point_of_interest, establishment",A
Presken hotel Mojidi,"16 Mojidi St, Ikeja",6.597909,3.3473806,"lodging, point_of_interest, establishment",A
Whitehouse Msquare Hotel,"23A Toyin St, Ikeja",6.596178,3.3511664,"lodging, point_of_interest, establishment",A
Presken Hotels @ Reliance’s Place,"15 - 21 Majekodunmi Street, Off Allen Ave, Ikeja",6.597315,3.3510301,"lodging, point_of_interest, establishment",A
Baylis Suites,"58 Toyin St, Ikeja",6.595468,3.3532593,"lodging, point_of_interest, establishment",A
Hotel K One Hotel And Suites,"23 Shogunle Street, Off Mobolaji Bank Anthony Way, Abule-Onigbagbo Estate, Behind Etiebet Place",6.601832,3.3510692,"lodging, point_of_interest, establishment",A
Serendipity Anchotel Ltd.,"Abiodun Oshowole Cl, Ikeja",6.600593,3.3500135,"lodging, point_of_interest, establishment",A
Knightsbridge hotel,"5b Emina Cres, Ikeja",6.597151,3.3515338,"lodging, point_of_interest, establishment",A
Ikeja Budget Hotel,"1 Folawewo, Ogundana St, Ikeja",6.601274,3.3529871,"lodging, point_of_interest, establishment",A
AOTEL HOTEL IKEJA,"2 Owodunni St, Amore Street, Ikeja",6.599296,3.3501002,"lodging, point_of_interest, establishment",A
Blumerrit Hotel & Suites,"40 Toyin St, Lagos",6.595778,3.3515522,"lodging, point_of_interest, establishment",A
God's Touch Apartments Hotel,"3 Amore Street, Ikeja",6.596605,3.3497217,"lodging, point_of_interest, establishment",A
Apartment Royale,"4 Wole Ogunjimi St, Ikeja",6.596311,3.359647,"lodging, point_of_interest, establishment",A
Choice Suites II,"5 Tiwalade Closeoff Bamisile, off Allen Avenue, Ikeja",6.598938,3.356396,"lodging, point_of_interest, establishment",A
"Class Suites Signature, Opebi, Ikeja","17 Agbaoku St, Ikeja",6.596176,3.3587938,"lodging, point_of_interest, establishment",A
ZAAZ HOTELS LIMITED,"4 Allen Ave, Ikeja",6.596534,3.3550986,"lodging, point_of_interest, establishment",A
De Partners,"5, Tiwalade close, Allen Ave, Ikeja",6.598593,3.3550416,"lodging, point_of_interest, establishment",A
Crown Cottage Hotel,"H9X5+X4H, Ikeja",6.599925,3.3578519,"lodging, point_of_interest, establishment",A
De Ritz Premier Hotel,"4 Tiwalade Cl, Ikeja",6.599114,3.3564808,"lodging, point_of_interest, establishment",A
Class Suites Cottage,"3 Anuoluwapo Cl, off Agbaoku Street, Ikeja",6.594813,3.357462,"lodging, point_of_interest, establishment",A
Stop Over Hotel,"J924+CJF, Ikeja",6.601069,3.35656,"lodging, point_of_interest, establishment",A
Alexia’s Place,"9 Regina Omolara St, Ikeja",6.595716,3.357606,"lodging, point_of_interest, establishment",A
Kelsey Greene Villa,"Julie Estate Lagos, 16 Olaniiji St, Ikeja",6.601729,3.3606013,"lodging, point_of_interest, establishment",A
ETAL HOTELS AND HALLS,"Plot 30 Kudirat Abiola Way, Ikeja",6.59501,3.369333,"lodging, point_of_interest, establishment",A
The Panache Luxury Apartment,"1 Oremeta St, Ikeja",6.59875,3.3648916,"lodging, point_of_interest, establishment",A
Choice Luxe Lagos,"30A Felicia Koleoso Str Off Agbaoku Street Off Opebi Road Ikeja, Lagos",6.597474,3.3576409,"lodging, point_of_interest, establishment",A
Sunnyside Hotel & Suites,"494 Ikorodu Rd, Lagos",6.599496,3.3883471,"lodging, point_of_interest, establishment",A
number eleven,"11, Sanyaolou street, Off Kudirat Abiola Way, Ikeja",6.602694,3.3643554,"lodging, point_of_interest, establishment",A
Spanish Hotel,"4 Obajimi Cl, Lagos",6.601195,3.3872631,"lodging, point_of_interest, establishment",A
West Brom Hotel,"Idofian St, Ikeja",6.596279,3.3917622,"lodging, point_of_interest, establishment",A
Alinta's luxury Apartment suite.,"6 Association Cl, Lagos",6.575916,3.396482,"lodging, point_of_interest, establishment",A
Erico Bellisima Hotel,"6, Olowologbon Stree, Lagos",6.603749,3.3075418,"lodging, point_of_interest, establishment",A
DCM Hotel & Suites,"15, Oke Street off Shobo bus stop Akowonjo Road Egbeda Alimosho, Local, Lagos",6.603988,3.3055591,"lodging, point_of_interest, establishment",A
"De Santos Hotel, Lagos","7 Shasha Rd, Lagos",6.605416,3.3107285,"lodging, point_of_interest, establishment",A
DE CARIBBEAN LUXURY HOTEL AND SUITES,"411 E close, Lagos",6.60901,3.2917715,"lodging, point_of_interest, establishment",A
Queens Court Hotel Lagos,"27 Benesther Street Akowonjo, Road, off Egbeda, Lagos",6.604194,3.3040725,"lodging, point_of_interest, establishment",A
Ben Auto Guest House Idi Mangoro Lagos,"18 Oladipupo Fafore St, Lagos",6.604816,3.3124351,"lodging, point_of_interest, establishment",A
Place2be Hotel and Suites,"Moshalashi Roundabout, Ipaja Rd, Lagos",6.61071,3.2943343,"lodging, point_of_interest, establishment",A
B & S hotels,"40 Adebise Awosoga St, Lagos",6.608776,3.3184874,"lodging, point_of_interest, establishment",A
Time View Hotel & Suites,"1 Ijeun St, Lagos",6.609212,3.3208167,"lodging, point_of_interest, establishment",A
Marble Brand Hotel,"35 Oritshe St, off Obafemi Awolowo Wy, Ikeja",6.603125,3.3457329,"lodging, point_of_interest, establishment",A
Quietlane Residence,"1 Olu Akerele Street off Lagoon Hospital, Obafemi Awolowo Wy, Ikeja",6.603196,3.3428154,"lodging, point_of_interest, establishment",A
Lagos Airport Hotel Ikeja,"111 Obafemi Awolowo Wy, Ikeja",6.606293,3.3467292,"lodging, point_of_interest, establishment",A
Glandov Hotel,"3 Itohan Ave, Ikeja 101233, Lagos, Ikeja",6.602795,3.3422565,"lodging, point_of_interest, establishment",A
Sese Cottage,"45, Olu Akrerele Street, Off Kofo Crescent, Off Balogun St, Lagos",6.604433,3.3444242,"lodging, point_of_interest, establishment",A
Presken Hotel @ Awolowo Way,"131 Obafemi Awolowo Wy, Ikeja",6.608356,3.3501362,"lodging, point_of_interest, establishment",A
Ivy hotel ikeja,"13, Aromire avenue Off Adeniyi Jones, By Allen Ave, Ikeja",6.60827,3.3475741,"lodging, point_of_interest, establishment",A
Belfem International Suites,"13 Ogunsiji close behind alade market allen ikeja, Lagos",6.604516,3.3533406,"lodging, point_of_interest, establishment",A
Toprano Hotel,"42, Oritshe Street, Off Balogun Bus Stop, Obafemi Awolowo Wy, Ikeja",6.60384,3.3468777,"lodging, point_of_interest, establishment",A
Premiership Suites,"11 Akin Osiyemi St, Ikeja",6.602558,3.3531067,"lodging, point_of_interest, establishment",A
"Presken Hotels, Alade Ave","17 Alade Ave, Ikeja",6.603599,3.3480673,"lodging, point_of_interest, establishment",A
Purple Crown Hotel,"20 Fadeyi Aladura St, Ikeja",6.602318,3.3466856,"lodging, point_of_interest, establishment",A
Treasureland Cottage,"1, Gbajobi Street off Fadeyi Aladura Street off Awolowo Way Ikeja, Lagos",6.602749,3.3471505,"lodging, point_of_interest, establishment",A
Purple Crown Hotel Gold,"110 Obafemi Awolowo Wy, Ikeja",6.60225,3.3447046,"lodging, point_of_interest, establishment",A
亚朵酒店 YADUO HOTEL Nigeria,"8 ayodele lane Akora estate Adeniyi jones ikeja Lagos Ikeja, Lagos",6.608802,3.3493706,"lodging, point_of_interest, establishment",A
Foramot suites,"22B Akin Osiyemi St, Ikeja",6.603544,3.3535474,"lodging, point_of_interest, establishment",A
Watercress Hotelsboutique Executive and Luxurious Hotel in Ikeja,"J83W+24X, Oritshe St, Lagos",6.602629,3.3453467,"lodging, point_of_interest, establishment",A
Alluring View Hotel @ Allen Avenue,"25 Ogundana street, Off Allen Avenue, Ikeja",6.602679,3.3547283,"lodging, point_of_interest, establishment",A
Koko Hotels & Suite @ Lagos Hilton,"2 Ajayi Str off Allen Avenue Lagos Ikeja, Off Allen Ave, Lagos",6.603449,3.3548236,"lodging, point_of_interest, establishment",A
BSM Msquare,"35 Ogundana St, Lagos",6.603257,3.3556072,"lodging, point_of_interest, establishment",A
"Oakland Hotel & Suites N14,000","31 Ogundana St, off Allen Avenue, Ikeja",6.603028,3.3553272,"lodging, point_of_interest, establishment",A
45966,"Mr Biggs Bus Stop, 23, Ogundana Street, Off Allen Ave, Ikeja",6.602452,3.3544555,"lodging, point_of_interest, establishment",A
Juliet's Place Residence & Hotels,"Lagos NG, 5 Uwa Cl, Ikeja",6.603734,3.3642234,"lodging, point_of_interest, establishment",A
CITI CENTER HOTEL AND SUITES,"9 Akin Osiyemi St, Ikeja",6.602471,3.3529537,"lodging, point_of_interest, establishment",A
"4th apartments & suites @ bridgelink, Opebi","bridge, 8 Asenuga Street, off Opebi Link Rd, Ikeja",6.593945,3.3610779,"lodging, point_of_interest, establishment",A
Doj World Suites,"13B Bamishile Street, off Allen Avenue, Ikeja",6.599505,3.3564314,"lodging, point_of_interest, establishment",A
First Colony Creek Hotel,"13 Alh.Yekini Aromolate St, Lagos",6.610683,3.3761411,"lodging, point_of_interest, establishment",A
ROYAL CREST HOTEL,"7, 8 Ajao Estate, Lagos",6.604356,3.3886804,"lodging, point_of_interest, establishment",A
Hotel Paulson Plaza,"8 Anibaba Street, Off Ikorodu Rd, Lagos",6.606011,3.3891733,"lodging, point_of_interest, establishment",A
Mayors & Diplomats Suites,"15 Asenuga St, Ikeja",6.593703,3.3614872,"lodging, point_of_interest, establishment",A
New Travellers Lodge& Suites,Lagos,6.616195,3.3032604,"lodging, point_of_interest, establishment",A
Ehi guest house,Lagos,6.596269,3.2990622,"lodging, point_of_interest, establishment",A
Valhalla Hotel & Suites,"27 Igbehinadun St, Lagos",6.596412,3.3075206,"lodging, point_of_interest, establishment",A
Greenbelt Hotel & Suites,"5 Mathew Street, off Ogba Rd, Lagos",6.617656,3.3318283,"lodging, point_of_interest, establishment",A
Airlines Transit Hotel & Suites,"Otubu Bus-stop, 58 Ogba Rd, off Ikeja Guinness Roundabout, Agege",6.619809,3.3305559,"lodging, point_of_interest, establishment",A
Triedent Suites,"14A Ladipo Oluwole St, Ikeja",6.61521,3.3420474,"lodging, point_of_interest, establishment",A
Thoak Royal Suite,"5 Odegbami St, Adeniyi Jones, off Talabi Street, Ikeja",6.618082,3.3461131,"lodging, point_of_interest, establishment",A
House9Royale,"16 Ladipo Oluwole St, Ikeja",6.615175,3.34231,"lodging, point_of_interest, establishment",A
Trendor Hotel Ikeja,"4 Fadeyi Aladura St, Ikeja",6.602294,3.3455862,"lodging, point_of_interest, establishment",A
De Picadelli Int'l Hotel,"2 Oliyide St, off Unity Road, Ikeja",6.59474,3.3457262,"lodging, point_of_interest, establishment",A
Humble Star Hotel,"Alfa Nla Rd, Ikeja",6.615451,3.323108,"lodging, point_of_interest, establishment",A
luxol homes and suites,"BOET Estate Gate, 7 Odegbami Close, Adeniyi Jones, Ikeja",6.617437,3.3486578,"lodging, point_of_interest, establishment",A
Posh Apartments Metro,73 Abba Johnston Crescent Off Adeniyi Jones Avenue Ikeja Lagos,6.611889,3.3472182,"lodging, point_of_interest, establishment",A
Anjiez Royal Suite Limited,"3 Olugbesan Cl, Ikeja",6.605541,3.3518003,"lodging, point_of_interest, establishment",A
Haute Aparthotel,"9 Alade Ave, Ikeja",6.604232,3.3478547,"lodging, point_of_interest, establishment",A
Esporta Suites Agidingbi.,"Off Lateef Jakande Rd, beside FIRS, By Anchor Event Center, Ikeja",6.618381,3.3550774,"lodging, point_of_interest, establishment",A
Protea Hotel Ikeja Select,"Plot 2 Assibifi Road, Ikeja, Lagos",6.616702,3.3570052,"lodging, point_of_interest, establishment",A
Swisscottage Suites,"18 Sunday Adigun St, Ikeja",6.611748,3.3571211,"lodging, point_of_interest, establishment",A
De Meros Hotel & Suites Annex,"Plot 9, 11 C M D Rd, Ikeja",6.615426,3.3671089,"lodging, point_of_interest, establishment",A
FADARS PLACE,"2 Sebastian Street Off Adekunle Banjo Avenue, Magodo, Lagos",6.613535,3.3728449,"lodging, point_of_interest, establishment",A
FBM Place,"J965+427, Kudirat Abiola Way, Ikeja",6.610296,3.3575521,"lodging, point_of_interest, establishment",A
Ambience Hotel and Suite,"23 Adekunle Banjo Ave, Lagos",6.618586,3.3724069,"lodging, point_of_interest, establishment",A
Sicily Luxury Suites,"1 Parkers Cl, Lagos",6.618728,3.3810543,"lodging, point_of_interest, establishment",A
Landmark Villa Suites,"77A C M D Rd, Lagos",6.617594,3.3661425,"lodging, point_of_interest, establishment",A
THE AUTOGRAPH EXECUTIVE HOTEL,"24 Iyalla Street, Beside Ikeja City Mall, Alausa, Lagos, Ikeja",6.612673,3.3576209,"lodging, point_of_interest, establishment",A
Jolac Suites,"4 Akin Osiyemi St, Ikeja",6.602821,3.353558,"lodging, point_of_interest, establishment",A
The Place Hotel Alausa,"Secretariat, 2 Kafi St, beside Shoprite Gate, Ikeja",6.61397,3.3565781,"lodging, point_of_interest, establishment",A
Primal Hotel and Resort Services Lt,"5 MKO Abiola Cres, Ikeja",6.594257,3.3531156,"lodging, point_of_interest, establishment",A
David Royal Apartment,"Plot 2, Block 51, Adetoro Adelaja Street, Magodo Phase 2, Magodo",6.618482,3.3857041,"lodging, point_of_interest, establishment",A
House B Guest House Annex,"34, Adeyemi Odukomaya Street, Shangisha, Magodo",6.615122,3.3724303,"lodging, point_of_interest, establishment",A
Day By Day Hotel,"280 Ipaja Rd, Lagos",6.622096,3.30181,"lodging, point_of_interest, establishment",A
Mr Bay Hotel,"J8F7+WQQ, Dopemu Rd, Lagos",6.624825,3.3144727,"lodging, point_of_interest, establishment",A
City Hotel,"J8G6+8V2, Agbotikuyo, Dopemu, Lagos",6.625763,3.3121399,"lodging, point_of_interest, establishment",A
Unilia Hotel and Suites,"J892+XPJ, Ipaja Rd, Lagos",6.619953,3.3017716,"lodging, point_of_interest, establishment",A
La REGIA AIRPORT HOTEL,"52/54 Alimosho Rd, Ipaja Rd, Lagos",6.611909,3.3006992,"lodging, point_of_interest, establishment",A
Solochus Hotel & Suites,"Pen Cinema, 5 Sunmonu St, Lagos",6.627173,3.3236778,"lodging, point_of_interest, establishment",A
"Class Suites, Agege-Ogba","3, Emiloju Street, Behind Agege Stadium, 1 Emiloju St, Lagos",6.622814,3.3306679,"lodging, point_of_interest, establishment",A
Blue Sea Hotel & Lounge,"1, Cocoa Industry Ltd, Via, Akilo Rd, Ojodu",6.62146,3.3359279,"lodging, point_of_interest, establishment",A
Terris Hotel,"J8CH+CMR, Lagos",6.621103,3.329151,"lodging, point_of_interest, establishment",A
Grand Hyatt Hotel,"21 Talabi St, off Adeniyi Jones, Lagos",6.621185,3.3482438,"lodging, point_of_interest, establishment",A
The Dover Hotel,"14, Aromire street off Adeniyi Jones, by Allen Ave, Lagos",6.60886,3.3477104,"lodging, point_of_interest, establishment",A
Galpin Suites,"1 Jafac Close, Adeniyi Jones Avenue, Alh. Jimoh St, Ikeja",6.614567,3.3499274,"lodging, point_of_interest, establishment",A
CHUKZIE HOME SUITE,"13 Alhaja Kofoworola St, Ikeja",6.614182,3.3490908,"lodging, point_of_interest, establishment",A
De Meros Hotel & Suites LTD,"By Alhaji, Plot 4A Celestial Church Street, Off Amara Olu Street, Lateef Jakande Rd, Ikeja",6.626675,3.3569767,"lodging, point_of_interest, establishment",A
Pearlwort Hotel and Suites,"7 Impressive Close Behind NECA House & Opposite LASPARK, Off L.J DOSUNMU STREET, Central Business District, Ikeja",6.626188,3.35844,"lodging, point_of_interest, establishment",A
Martinos' Events Centre and Hotel Suites Agidingbi Ikeja,"1 Otunba Jobi Fele Way, Ikeja",6.624966,3.3615781,"lodging, point_of_interest, establishment",A
Rt24 Hotel,"24 Abiodun Sobajo St, Ikeja",6.623933,3.3552679,"lodging, point_of_interest, establishment",A
House 5 Royal Comfort,"Plot 6 Lateef Jakande Rd, Ikeja",6.627715,3.3562156,"lodging, point_of_interest, establishment",A
Hadmof Hotel and Suites,"8 Kafi St, Lagos",6.613037,3.3573392,"lodging, point_of_interest, establishment",A
Ostra Hotels,"Block K, 3 Jobi-Fele Way, Ikeja",6.626845,3.3623434,"lodging, point_of_interest, establishment",A
Esporta Suites Magodo,"8B C M D Rd, Lagos",6.62599,3.3653203,"lodging, point_of_interest, establishment",A
Volantis Gold Hotel & Apartments,"16 Akinola Erinoluwa St, Lagos",6.622206,3.3739208,"lodging, point_of_interest, establishment",A
De Grandeur Tower Apartments,"Plot 5A, Celestial Church Street, Amara Olu St, Ikeja",6.629477,3.3570521,"lodging, point_of_interest, establishment",A
Lion House Nigeria,"Shangisha, 5 Kola Amodu crescent, Ikosi Street, Lagos",6.621482,3.3686892,"lodging, point_of_interest, establishment",A
DFS Luxury Apartment,"11 Sadiku St, Ikeja",6.626021,3.3551276,"lodging, point_of_interest, establishment",A
Geza Luxury Apartment Magodo,"Windsor Park, 25A Alh. Basheer Shittu Ave, Lagos",6.620498,3.3684115,"lodging, point_of_interest, establishment",A
Deen Apartments,"15a Iyalla St, Ikeja",6.612828,3.3567641,"lodging, point_of_interest, establishment",A
Home Inn Hotel And Suites,"3/5 Morenike Carena Cl, Lagos",6.635812,3.304043,"lodging, point_of_interest, establishment",A
House U Hotel,"Bus Stop, 1/13 Banjo Alaran(Adebayo Johnson) Stoff, Abeokuta Expy, Lagos",6.61075,3.3076424,"lodging, point_of_interest, establishment",A
Bentley Hotel and Suites,"L G À, 1, Oba, Ajiboye Cres, Ojokoro",6.630983,3.3037854,"lodging, point_of_interest, establishment",A
Blitz Hotels and Suites,"Off Oyemekun, 2 Omomo Street, by College Rd, Lagos",6.634848,3.3261504,"lodging, point_of_interest, establishment",A
Blue iris hotel & suites,"1, Odumosu close, Iju Rd, Lagos",6.636405,3.322162,"lodging, point_of_interest, establishment",A
New generation hotel,"4 Kolawole St, Lagos",6.634354,3.3318677,"lodging, point_of_interest, establishment",A
Paradise Hotel & Suites,"Cinema B/Stop, 6/8 Alimi Ogunyemi Street, Off College Rd, Lagos",6.637613,3.3321848,"lodging, point_of_interest, establishment",A
ARIFLAD HOTEL & SUITES,"Off Haruna B/Stop, 17 Emmanuel Olurunfemi St, College Rd, Lagos",6.639019,3.3310518,"lodging, point_of_interest, establishment",A
Excellence Hotel Ogba,"Lateef Jakande Rd, Ikeja",6.635122,3.3448389,"lodging, point_of_interest, establishment",A
Double One Suites,"hotel bus-stop, Omole, 11 Bamako St, Ikeja",6.638876,3.3533847,"lodging, point_of_interest, establishment",A
Terris Hotel,"J8PX+7HG, Ojodu",6.6357,3.3489609,"lodging, point_of_interest, establishment",A
AY Hotel,"33a Adeniji St, off Odusami Street, Ikeja",6.631615,3.3476106,"lodging, point_of_interest, establishment",A
Hotel Capitol Ikeja,"Gate Akiode bus stop, 6 Animashaun Cl, opposite JustRite Supermarket, opposite Omole phase 1, Ikeja",6.638541,3.3554136,"lodging, point_of_interest, establishment",A
Ademola Hearts Hotel,"No 30, 32 Adedoyin St, opposite Zenith Bank, Lagos",6.637868,3.3464695,"lodging, point_of_interest, establishment",A
De Niche Hotel,"4A Omofade Cres, Lagos",6.632546,3.3542733,"lodging, point_of_interest, establishment",A
JCB HOTEL & HALL,"4, Noble Close, Omole Phase 1",6.636786,3.3539785,"lodging, point_of_interest, establishment",A
First World Hotel,"10Adeyemo, Adeyemo Akapo St, Ikeja",6.636404,3.3569373,"lodging, point_of_interest, establishment",A
Governors Hotel,"Governor's Hotels, Omole Phase 1 Plot 294 Adeyemo Akapo Ojodu, Ikeja",6.632876,3.3617808,"lodging, point_of_interest, establishment",A
Governors Apartments,"Governor's Apartments, 3 Omole Phase 1, Norus Cl, Ojodu",6.635516,3.3565644,"lodging, point_of_interest, establishment",A
The Atrium Lagos,"Plot 18, Block, 1a Agoro St, Ikeja",6.636162,3.3594289,"lodging, point_of_interest, establishment",A
Posh Apartments and Hotel,"477A Omotunde Akinsola St, Lagos",6.631047,3.3624939,"lodging, point_of_interest, establishment",A
Dreamland Hotel,"J9M6+82Q, Mofoluke Denton St, Lagos",6.633334,3.3601043,"lodging, point_of_interest, establishment",A
Rexona Hotel,"J9M4+FWC, Ojodu",6.6337,3.3572725,"lodging, point_of_interest, establishment",A
Property International Limited,"2 Lateef Jakande Rd, Lagos",6.627783,3.3548335,"lodging, point_of_interest, establishment",A
Martinos Hotel,"Plot1, Otunba Jobi-Fele Way, Business, Lagos",6.6169,3.35932,"lodging, point_of_interest, establishment",A
"Whitelights Serviced Apartment, Ogba, Lagos State","Merit Residence, Plot 5 Fatai Doherty Cl, Adeniyi Jones, off Mobolade Okoya Thomas Street, Lagos",6.619861,3.3471648,"lodging, point_of_interest, establishment",A
Tucos Palace Hotel,"379 Ademola Ajasa St, Ikeja",6.63401,3.356552,"lodging, point_of_interest, establishment",A
Meros Villa Luxury Apartment,"12 Titilayo Adedoyin St, off Isheri Road, Ikeja",6.633573,3.3582475,"lodging, point_of_interest, establishment",A
Beulah Land Hotels,"6 Ayo-Alabi St, Lagos",6.635114,3.3448947,"lodging, point_of_interest, establishment",A
AY RELOADED HOTEL,"349 Odusami St, Ikeja",6.631522,3.346503,"lodging, point_of_interest, establishment",A
House 30 hotels suites and apartments,"30a Abba Johnson Crescent Akora, Adeniyi Jones, Ikeja",6.612559,3.3478185,"lodging, point_of_interest, establishment",A
De Renaissance Hotel - Ikeja,"172 Obafemi Awolowo Wy, Lagos",6.613638,3.3556824,"lodging, point_of_interest, establishment",A
Executive Hotel & Suites,"4 Awofisayo Close, Ikeja",6.616721,3.3335329,"lodging, point_of_interest, establishment",A
Peace Hotels,"171 Obadina St, Ikeja",6.637197,3.3652834,"lodging, point_of_interest, establishment",A
Darrell Suites,"No 17 Olufemi Ojo St, Lagos",6.634066,3.3777735,"lodging, point_of_interest, establishment",A
Hotel Royal Olowora Lagos,"18 Wilmer St, Ojodu Berger",6.637968,3.3798825,"lodging, point_of_interest, establishment",A
Topflight Royale Hotel and Suites,"5-7, Oyegunle Close, Pipeline Bus Stop Oke Odo, Lagos",6.641364,3.2948662,"lodging, point_of_interest, establishment",A
K and C hotels and suite,"26 Ogundele St, Lagos",6.64371,3.3070709,"lodging, point_of_interest, establishment",A
K & C Events Place And Suites,"24 Ogundele St, Lagos",6.642997,3.3070174,"lodging, point_of_interest, establishment",A
Henod Luxury Hotels,"14 Akinola St, Lagos",6.647211,3.3003479,"lodging, point_of_interest, establishment",A
Offshore Roomz Hotel,"1, Odumosu Street, Off Iju Road, Lagos",6.641521,3.323492,"lodging, point_of_interest, establishment",A
Ben Jacks Paradise Hotel,"Ipaja Rd, Ikeja",6.623394,3.3201726,"lodging, point_of_interest, establishment",A
B K Hotels,"10 Adejobi St, Lagos",6.627349,3.3211634,"lodging, point_of_interest, establishment",A
Adesuwa Royal Guest House,"10, Ahmed Muhammed Way, Oja-Oba B/Stop, Abule-Egba, Lagos, Abule-Egba, Lagos",6.646619,3.3046092,"lodging, point_of_interest, establishment",A
De Genesix Hotel and Suites,"10A-C Abo-Aba St, Lagos",6.644407,3.344524,"lodging, point_of_interest, establishment",A
Bay View Hotel,"42 Ajayi Rd, Lagos",6.642307,3.3431715,"lodging, point_of_interest, establishment",A
White Villa hotel & suite,"62 Olatunde Cl, Lagos",6.641228,3.3451831,"lodging, point_of_interest, establishment",A
Hollywood Hotel,"68 Ajayi Rd, Ikeja",6.643112,3.3431654,"lodging, point_of_interest, establishment",A
Barlocini Hotel,"Showonuola St, Lagos",6.62217,3.3308471,"lodging, point_of_interest, establishment",A
Mountain Top Suites and Apartments,"23 Olaleke Taiwo St, Ojodu Berger",6.644971,3.359448,"lodging, point_of_interest, establishment",A
MountainTop Hotel Lagos,"Grammar School Bus Stop, 16 Olaleke Taiwo St, off Aina Rd, Ojodu Berger",6.644677,3.3599487,"lodging, point_of_interest, establishment",A
Global Signature Hotel,"local government, 20, Oladipupo Oduwole Street, By Bovas Filling Station, Ojodu Berger, Lagos",6.641677,3.3616311,"lodging, point_of_interest, establishment",A
QUBEST ROYAL HOTEL,"PLOT 74 Oba Babinton Ashaye Cres, Lagos",6.639034,3.3575211,"lodging, point_of_interest, establishment",A
Greywood Hotel and Apartments Ikeja,"20 Tijani Bello St, opp. Colors Store, beside Chicken Republic, Ikeja",6.641385,3.360789,"lodging, point_of_interest, establishment",A
Brimuyo Hotel,"11 Abiodun Adeyemi St, Lagos",6.645489,3.3614169,"lodging, point_of_interest, establishment",A
Apollo Hotel,"No 23, Oyediran Estate, Industrial Ave, Lagos",6.64433,3.3498536,"lodging, point_of_interest, establishment",A
Heaven's Court Hotel and Suites,"1 Isheri Holiday Inn, Ojodu Berger",6.641906,3.3579446,"lodging, point_of_interest, establishment",A
Senators Suites and Towers Ltd,"2, Alli Adesanya Street, Isheri Rd, Ogunnusi Rd, opp. Mr Biggs, Ojodu Berger",6.641499,3.3625289,"lodging, point_of_interest, establishment",A
Glonik Hotels Ltd.,"118/120 Adenjii Jones Avenue ikeja Central ikeja business district By vulcanzer bus stop, Ikeja",6.620588,3.3460572,"lodging, point_of_interest, establishment",A
Greensland International Hotel & Resort Ltd,"43 Adedoyin St, Ikeja",6.634919,3.3415196,"lodging, point_of_interest, establishment",A
Light Spring Hotel,"20 Odozi St, Ojodu Berger",6.646914,3.3666103,"lodging, point_of_interest, establishment",A
Ellis Suites Limited,"Ojodu Berger, 22/ 26 Oremeta Street, Ikeja",6.642673,3.3676006,"lodging, point_of_interest, establishment",A
Hotel Royale,"18 Ogun River Road, Ojodu Berger",6.645954,3.3738419,"lodging, point_of_interest, establishment",A
Londonian Hotel & Suites,"56 Aina St, Ikeja",6.644759,3.3655452,"lodging, point_of_interest, establishment",A
Candys Exquisite Hotel,"Opp RCCG, River valley estate, 14/16 Olutayo Alao St, Ojodu Berger",6.644236,3.3716108,"lodging, point_of_interest, establishment",A
"Check-Inn Hotel, Ojodu Berger Lagos","10 Oremeta Street, Ikeja",6.641634,3.3675552,"lodging, point_of_interest, establishment",A
Spray Park Hotels,"7 Limson Rd, Ojodu Berger",6.644804,3.3774512,"lodging, point_of_interest, establishment",A
Villa Sofia Courts,"J9J6+JXM, Titilayo Adedoyin St, Ikeja",6.631596,3.3624293,"lodging, point_of_interest, establishment",A
CCISE Court Hotel,"308Titilayo, Adedoyin St, Ikeja",6.632598,3.3612817,"lodging, point_of_interest, establishment",A
Maxton Suites Annex Magodo,"51 Association Ave, Lagos",6.618027,3.3755141,"lodging, point_of_interest, establishment",A
Square Castle Residence,"Plot 178 Lola Holloway St, Ikeja",6.636493,3.3640443,"lodging, point_of_interest, establishment",A
Epic Homes Apartments,"Tawaliyu Bello Aromire St, Ikeja",6.631243,3.3698639,"lodging, point_of_interest, establishment",A
SANTRIC HOTEL,"J9VR+P69, Agege",6.644278,3.3904624,"lodging, point_of_interest, establishment",A
Ritas Events and Suites,"12/14 Charity Rd, Agege",6.649972,3.3091621,"lodging, point_of_interest, establishment",A
Cresthill Suites,"33 Akinwunmi St, New Oko",6.65235,3.3123342,"lodging, point_of_interest, establishment",A
Grand Diamond Hotel,"Chief Nwafor St, Lagos",6.655232,3.3346694,"lodging, point_of_interest, establishment",A
Farmhouse Hotel and Suite,"35 TE Williams St, Road",6.656543,3.3440337,"lodging, point_of_interest, establishment",A
PROTOCOL COURT AND SUITES,"16 Apode Street, before Bridge, Alagbole Rd, Lagos",6.654413,3.3537272,"lodging, point_of_interest, establishment",A
Food Union Hotel & Suites,"40 Yakoyo Rd, Ojodu",6.651517,3.3590689,"lodging, point_of_interest, establishment",A
Dapson Hotel,"11/13, Dapson Street, Ogo oluwa bus stop, Oke-ira, Ogba., Lagos",6.65164,3.3470933,"lodging, point_of_interest, establishment",A
Baai Serviced Apartments,"20 Ashaye Street Off Obawole Bridge Off Haruna, Off College Road Ifako Ogba/Ijaiye, Lagos",6.650302,3.3347071,"lodging, point_of_interest, establishment",A
Kemsmat Suites and Residence Hotel,"3 Adebisi Adebambo St, Lagos",6.650659,3.3561078,"lodging, point_of_interest, establishment",A
Nucfam,"Plot 105, Isheri-Ogunnusi Road, Ojodu-Berger, Lagos, Ojodu-Berger",6.638867,3.3623986,"lodging, point_of_interest, establishment",A
Singapore Hotel,"5 Ogunnusi Rd, Ojodu Berger",6.636799,3.3548364,"lodging, point_of_interest, establishment",A
Queens Park International Hotel,"14 Plot 335Adeyemo, Adeyemo Akapo St, Ikeja",6.636095,3.3574986,"lodging, point_of_interest, establishment",A
50-50 Hotel,"18 Abdullahi St, Lagos",6.645454,3.3478008,"lodging, point_of_interest, establishment",A
Star Diamond Guest & Suites,"16, Bisi Olatunji Street Abiodun,, Murtala Muhammed St, Ojodu",6.654059,3.3710988,"lodging, point_of_interest, establishment",A
Dubangold Club and Suite,"63-65 Isheri Rd, Ikeja",6.640112,3.3667799,"lodging, point_of_interest, establishment",A
Harry Washington Hotel,"J9W6+938, Ojodu",6.645928,3.360287,"lodging, point_of_interest, establishment",A
Okin Apartment,"Olutoye, Adeniyi Jones, Ikeja",6.61963,3.3442673,"lodging, real_estate_agency, point_of_interest, establishment",A
"Shezat Restaurant, Bar and Guest House","25b, 27 Ogunbekun St, Lagos",6.539535,3.3826685,"lodging, restaurant, food, point_of_interest, establishment",D
Chadon Kitchen And Lodging,"10 Tiamiyu Olushile St, Lagos",6.569482,3.3728636,"lodging, restaurant, food, point_of_interest, establishment",A
ROCKWELL SUITES,"1 Gbeto Street Yaba, Lagos",6.504728,3.3870355,"lodging, restaurant, food, point_of_interest, establishment",D
Standard Hotel,"Isolo Rd, Ikeja",6.530368,3.3439582,"lodging, restaurant, food, point_of_interest, establishment",B
4 Seasons Hotel,"Chukwudi Otigba Cl, Lagos",6.543371,3.3198373,"lodging, restaurant, food, point_of_interest, establishment",B
The Cocoon Luxury Suites Ilupeju,"16 Aina George St, Lagos",6.550913,3.3651155,"lodging, restaurant, food, point_of_interest, establishment",D
Presken Hotel @Maryland,"Shonny Hwy, Lagos",6.575645,3.3632046,"lodging, restaurant, food, point_of_interest, establishment",A
La Christine Suites,"By Mr Biggs/ Mobil Filling Station, Off Emmanuel Street, 4 Aderibigbe Shitta St, Ikeja",6.576186,3.3678163,"lodging, restaurant, food, point_of_interest, establishment",A
"The Regent Luxury Suites Ikeja, Lagos Nigeria.","25 Joel Ogunnaike St, Ikeja",6.585671,3.3538938,"lodging, restaurant, food, point_of_interest, establishment",A
Hotel Rialto,"6 Alh. Amoo St, Lagos",6.585572,3.3835023,"lodging, restaurant, food, point_of_interest, establishment",A
Best Western Plus Lagos Ikeja Hotel,"12 Allen Ave, Ikeja",6.5974,3.3548715,"lodging, restaurant, food, point_of_interest, establishment",A
La'Avril Hotels and Suits,"4 Taqwa Crescent, Iju Rd, Lagos",6.640595,3.3236883,"lodging, restaurant, food, point_of_interest, establishment",A
Atlantic Hotels and Suites/Bayleaf Restaurant,"20A Musa Yar' Adua St, Lagos",6.431877,3.4173841,"lodging, restaurant, food, point_of_interest, establishment",E
Famad Guest House & Restaurant,"19 Eleshin St, Lagos",6.448364,3.4108282,"lodging, restaurant, food, point_of_interest, establishment",E
Green House Hotel And Suites,"26 Adisa Bashua St, Lagos",6.498321,3.3527955,"lodging, restaurant, point_of_interest, food, establishment",B
Hotel Newcastle,"11 Adebayo Mokuolu St, Lagos",6.557727,3.3710642,"lodging, restaurant, point_of_interest, food, establishment",D
Koots Events & Suites,"Lagos, 5 Etal Ave, Ikeja",6.592375,3.3671274,"lodging, restaurant, point_of_interest, food, establishment",A
Crownedge Hotels Limited,"13 Afolabi Aina St, Allen Ave, behind old Alade market, Ikeja",6.605078,3.3511198,"lodging, restaurant, point_of_interest, food, establishment",A
Placebo Restaurant and Bar,"51, Basheer Shittu Avenue, Magodo, Lagos",6.622348,3.3724001,"meal_delivery, bar, meal_takeaway, restaurant, food, point_of_interest, establishment",A
O'jez Hotels & Suits,"43b Jones St, Lagos",6.482692,3.3798961,"meal_delivery, lodging, restaurant, food, point_of_interest, establishment",B
Magrellos Fast Food & Bakery,"169 Ogudu Rd, Lagos",6.57443,3.3939012,"meal_delivery, meal_takeaway, bakery, store, restaurant, food, point_of_interest, establishment",A
Romeo's Pizza Surulere,"28 Adeniran Ogunsanya St, Lagos",6.496908,3.3576738,"meal_delivery, meal_takeaway, restaurant, food, point_of_interest, establishment",B
Romeo's Pizza Ajao,"22 Lateef Salami St, Lagos",6.548286,3.3286741,"meal_delivery, meal_takeaway, restaurant, food, point_of_interest, establishment",B
BAMBOO HOUSE IKOYI,"15 Glover Rd, Eti Osa",6.455181,3.4288637,"meal_delivery, meal_takeaway, restaurant, food, point_of_interest, establishment",E
Green Vault Restaurant & Lounge,"Micom bus stop, 1 Dosu Ogundele St, Lagos",6.599508,3.2961786,"meal_delivery, night_club, bar, restaurant, food, point_of_interest, establishment",A
Tasty Treat,"74 Ilaje Rd, Lagos",6.529841,3.3957975,"meal_delivery, restaurant, food, point_of_interest, establishment",D
Freesiafoodies Restaurant,"21 Salvation Rd, Lagos",6.591435,3.363267,"meal_delivery, restaurant, food, point_of_interest, establishment",A
Pizze-Riah restaurant,"13 Musa Yar' Adua St, Lagos",6.43247,3.417012,"meal_delivery, restaurant, food, point_of_interest, establishment",E
500chow,"36a Rasheed Alaba Williams Street, Lagos",6.440702,3.4622503,"meal_delivery, restaurant, food, point_of_interest, establishment",E
"More Than Grills, Lagos","35 Norman Williams St, Lagos",6.443625,3.4174846,"meal_delivery, restaurant, food, point_of_interest, establishment",E
Chef Jessy's Cuisines,"local government, Unilag akoka, Lagos",6.516299,3.3894985,"meal_delivery, store, restaurant, food, point_of_interest, establishment",D
DFT DELIGHTS BAKERY AND FASTFOODS,"1A, IJERO/AFOLABI DADA STREET, OFF NNOBI RIGHT, IKATE, SURULERE, LAGOS 17, Anjorin street off Total filling station, Lawanson, Lagos",6.510561,3.346525,"meal_takeaway, bakery, restaurant, food, point_of_interest, store, establishment",B
Delicasia foods,"55 Shogbamu St, Lagos",6.549539,3.3934183,"meal_takeaway, bakery, store, restaurant, food, point_of_interest, establishment",D
Daddy 1 Shawarma,"St 53, Yaya Abatan Rd, Lagos",6.635686,3.3381479,"meal_takeaway, bar, restaurant, food, point_of_interest, establishment",A
Meenah’s unique food,"Saka alao close ijora, Lagos state Comfort busstop beside CAC church, Apat yakuba, ilorin, kwara state, Lagos",6.473953,3.356525,"meal_takeaway, restaurant, food, point_of_interest, establishment",B
SomedChin&Chips,"49,Coates Street,Ebute Metta, Lagos, Unilorin, Tanke, okeodo, Ilorin, Ebute-Metta",6.482935,3.3864698,"meal_takeaway, restaurant, food, point_of_interest, establishment",B
Eat-N-Go Restaurant,"Ojuwoye Kekki, Lagos",6.52703,3.3566731,"meal_takeaway, restaurant, food, point_of_interest, establishment",D
HelloNfoodz,"4 Sadiku St, Lagos",6.522851,3.3364362,"meal_takeaway, restaurant, food, point_of_interest, establishment",B
God Is Able Restaurant,"33 Lagos, Lagos",6.537398,3.3248464,"meal_takeaway, restaurant, food, point_of_interest, establishment",B
Zaika Indian & Chinese Food (Ilupeju),"1st floor 2 Obanle Aro Avenue Coker Road Round About, opp. Fidelity Bank Plc, Lagos",6.551822,3.3622567,"meal_takeaway, restaurant, food, point_of_interest, establishment",D
Fanio crunchy snacks,"Yah lateef agura gberigbe ikorodu, Salami St, Oworo Rd, off Olorunfunmi Street, Lagos",6.551096,3.3997772,"meal_takeaway, restaurant, food, point_of_interest, establishment",D
CHEF TASTY,"No1 samota street faola ikeja, Lagos",6.591137,3.3406885,"meal_takeaway, restaurant, food, point_of_interest, establishment",A
Emperor's Restaurant G.R.A,"Adebola Shopping Mall, 53 Isaac John St, Lagos",6.5858,3.356298,"meal_takeaway, restaurant, food, point_of_interest, establishment",A
Workcity Restaurant,Lagos,6.596846,3.3437907,"meal_takeaway, restaurant, food, point_of_interest, establishment",A
Zaika Indian & Chinese Food (Ikeja),"31B, Aromire Avenue Lagos NG, Off Adeniyi Jones, Ikeja",6.609807,3.3453275,"meal_takeaway, restaurant, food, point_of_interest, establishment",A
Foxtreats,"Olatunji Adetutu Odunlami Cl, Lagos",6.63678,3.3722959,"meal_takeaway, restaurant, food, point_of_interest, establishment",A
KYRSTAL BOWLS TASTEE KITCHEN,"13b Femi Ajayi Ave, Agbado",6.63876,3.3432229,"meal_takeaway, restaurant, food, point_of_interest, establishment",A
Lim QUALITY food,"River valley estate, Lagos",6.642629,3.3705501,"meal_takeaway, restaurant, food, point_of_interest, establishment",A
Divine Favour Chicken,Igbogila,6.648369,3.3083195,"meal_takeaway, restaurant, food, point_of_interest, establishment",A
Surprise Meal,"5 Daddy Savage Rd, Lagos",6.657076,3.3242239,"meal_takeaway, restaurant, food, point_of_interest, establishment",A
Perezsnacks,"Yakoyo Rd, Ikeja",6.653373,3.3663354,"meal_takeaway, restaurant, food, point_of_interest, establishment",A
Funmeal,"52 Onaiwamimo Street, Lagos",6.544552,3.2887905,"meal_takeaway, restaurant, point_of_interest, food, establishment",B
FIRST CLASS SHAWARMA,"10, Balogun street ikeja lagos ikeja, Lagos",6.603254,3.346758,"meal_takeaway, restaurant, point_of_interest, food, establishment",A
kalakuta museum,"7 Gbemisola St, Ikeja",6.602965,3.3485867,"museum, lodging, point_of_interest, establishment",A
House 36,"36 Ebinpejo St, Lagos",6.546374,3.3729627,"night_club, bar, lodging, point_of_interest, establishment",D
SwankySuites in Grandview,"Block 46 Plot, 1 Emmanuel Keshi St, Lagos",6.618844,3.3748653,"night_club, bar, lodging, point_of_interest, establishment",A
BOSS Hotels & Suites,"14/18 Oseni Agoro St, Lagos",6.513658,3.3252381,"night_club, bar, lodging, restaurant, food, point_of_interest, establishment",B
Daltior International,"18 Association Ave, Lagos",6.547403,3.3636621,"night_club, bar, lodging, restaurant, food, point_of_interest, establishment",D
StayCation Suites & Apartment,"12A Bode Peters St, Lagos",6.561834,3.3735739,"night_club, bar, lodging, restaurant, food, point_of_interest, establishment",D
"Cora Shortlet, Lounge and Restaurant","102 Adeniyi Jones, Ikeja Ikeja, Lagos",6.61942,3.3457316,"night_club, bar, lodging, restaurant, food, point_of_interest, establishment",A
Black Dice Lounge,"Community OPIC Estate, 29 Channels TV Ave, Lagos",6.640543,3.3962355,"night_club, bar, lodging, restaurant, food, point_of_interest, establishment",A
"Rightgate Hotel, Ikeja","Omoyemi Adesoga Cl, Ikeja",6.59537,3.3452037,"night_club, bar, lodging, restaurant, food, point_of_interest, establishment",A
Quince Garden Hotel Ajao,"1, Lakan Ogunyemi Street, Ajao Estate Lagos NG, Ikeja",6.550245,3.3212718,"night_club, bar, lodging, spa, point_of_interest, establishment",A
The Cabin,"114 Bode Thomas St, Lagos",6.488938,3.3583568,"night_club, bar, restaurant, food, point_of_interest, establishment",B
The Nest Lounge,"1A Hughes Ave, Lagos",6.499311,3.3766457,"night_club, bar, restaurant, food, point_of_interest, establishment",B
"G51 NightClub, Lounge & Rooftop Restaurant","51 Akerele St, Lagos",6.505281,3.355247,"night_club, bar, restaurant, food, point_of_interest, establishment",B
Liberte Cafe & Lounge,"2 Alhaji Awoyejo Street, Lagos",6.529322,3.3602603,"night_club, bar, restaurant, food, point_of_interest, establishment",D
Wow! Bar Lounge Restaurant,"Lagos NG, 16 Samuel Awoniyi St, off Salvation, Ikeja",6.591609,3.3617617,"night_club, bar, restaurant, food, point_of_interest, establishment",A
Westgate Lounge and bar,"1 The Apostolic Church Cl, Lagos",6.635099,3.3748859,"night_club, bar, restaurant, food, point_of_interest, establishment",A
Backroom Cafe,"1 Parkers Cl, Lagos",6.618289,3.3807485,"night_club, bar, restaurant, food, point_of_interest, establishment",A
Paradox Bar and Lounge,"Bayo Adesina Street, Magodo, Lagos",6.633624,3.3827159,"night_club, bar, restaurant, food, point_of_interest, establishment",A
Vellvett Grill & Lounge Victoria Island Lagos,"19B Idejo St, Lagos",6.426541,3.4140719,"night_club, bar, restaurant, food, point_of_interest, establishment",E
Prive Restaurant and Lounge,"Akin Adesola St, Lekki",6.42606,3.4249631,"night_club, bar, restaurant, food, point_of_interest, establishment",E
The Deck at The Library,"82 Adetokunbo Ademola Street, Lagos",6.425834,3.4283968,"night_club, bar, restaurant, food, point_of_interest, establishment",E
THE HOUSE Lagos,"4 A.J. Marinho Dr, Lagos",6.427412,3.432003,"night_club, bar, restaurant, food, point_of_interest, establishment",E
17th Avenue Lagos,"8 Rafiat Ayinke Tinubu Cl, Lekki",6.429952,3.4595874,"night_club, bar, restaurant, food, point_of_interest, establishment",E
Smalliez restaurant,"181b Moshood Olugbani St, Lagos",6.42751,3.4386826,"night_club, bar, restaurant, food, point_of_interest, establishment",E
"Sankofa Lounge and Bar | Restaurant | Surulere, Lagos","62 Adeniran Ogunsanya St, Lagos",6.494164,3.3571805,"night_club, bar, store, restaurant, food, point_of_interest, establishment",B
Bluelodge Hotel and Restaurant,"Catholic Church Of The Ascension, 9a Service Road, By, Airport Rd, opposite NCAA Headquaters, Ikeja",6.571336,3.323358,"night_club, lodging, bar, restaurant, food, point_of_interest, establishment",A
Jobady Hotels Maryland,"1 Ajayi Street, off Sunmola Street, Lagos",6.570774,3.3763989,"night_club, lodging, bar, restaurant, food, point_of_interest, establishment",A
Villa Maxili Hotel & Apartments,"91 Isiba Oluwo street, off Orelope St, Lagos",6.583446,3.2898891,"night_club, lodging, bar, restaurant, food, point_of_interest, establishment",A
Twist Hotels And Lounge,"42 Budland St, Ikeja",6.640246,3.3573906,"night_club, lodging, bar, restaurant, food, point_of_interest, establishment",A
Duban International Hotel,"63 Ogunnusi Rd, Lagos",6.63429,3.3526399,"night_club, lodging, bar, restaurant, food, point_of_interest, establishment",A
Legendary Hotel And Lounge,"47 Oritshe street off Obafemi Awolowo way Ikeja ground floor, Lagos",6.603976,3.3465483,"night_club, real_estate_agency, bar, lodging, point_of_interest, establishment",A
Shmood by Soka,Lagos,6.554413,3.3771061,"restaurant, bakery, food, point_of_interest, store, establishment",D
"B.L. Restaurant, Bar and Cafe","147 Younis Bashorun Street, Lagos",6.428232,3.4369632,"restaurant, bakery, food, point_of_interest, store, establishment",E
Cactus Restaurant,"20/24 Ozumba Mbadiwe Ave, Lagos",6.439012,3.4378511,"restaurant, bakery, store, food, point_of_interest, establishment",E
Amazing Mobile Kitchen,"37 Simpson St, off Ladipo Street, Lagos",6.491695,3.380594,"restaurant, bar, food, point_of_interest, establishment",B
Taste & Smile Bar & Restaurant,"21 Ishaga Rd, Lagos",6.519273,3.3468382,"restaurant, bar, food, point_of_interest, establishment",B
Milk & Honey Restaurant,"80 Mushin Rd, Lagos",6.528593,3.3242987,"restaurant, bar, food, point_of_interest, establishment",B
"Wise Ken Limited (Bar, Restaurant Leisure)","21 Fola Jinadu Cres, Lagos",6.548902,3.3773882,"restaurant, bar, food, point_of_interest, establishment",D
Pat Restaurant & Bar,"55 Olaiya St, Lagos",6.556442,3.3334635,"restaurant, bar, food, point_of_interest, establishment",A
Lizzy Bar,"27 Lateef Salami St, Lagos",6.547537,3.3284115,"restaurant, bar, food, point_of_interest, establishment",B
Rhapsody's GRA Ikeja,"53-55 Sobo Arobiodu St, Ikeja",6.578306,3.3593016,"restaurant, bar, food, point_of_interest, establishment",A
Truffles,"H9G4+WH5, Ikeja",6.577312,3.3564526,"restaurant, bar, food, point_of_interest, establishment",A
Amato Kitchen And Bar,"Adedotun Dina Cres, Lagos",6.573458,3.3710453,"restaurant, bar, food, point_of_interest, establishment",A
Unwind Restaurant & Bar,"Anuoluwapo Cl, Ikeja",6.595786,3.3563085,"restaurant, bar, food, point_of_interest, establishment",A
Qlinary Restaurant and Bar,"Off Allen Avenue, 12 Adeboye Solanke Ave, Ikeja",6.602995,3.35285,"restaurant, bar, food, point_of_interest, establishment",A
"B & B, Restaurant and Bar","1, Aga street, Elliot bus stop, Iju-Ishaga, Lagos, Nigeria 81, Dopemu road, Trust in God bus stop, Dopemu, Lagos state, Nigeria 1, Powerline street, Salolo bus stop, Meiran, Lagos state, Nigeria Alimosho, Iju Ishaga Rd, Lagos",6.620563,3.3123136,"restaurant, bar, food, point_of_interest, establishment",A
Double Delight Restaurant & Bar,"Computer Village, 10 Oremeji Street, Ikeja",6.593329,3.3394929,"restaurant, bar, food, point_of_interest, establishment",A
Mama J Restaurant,"Agbotikuyo, 11 Alh Olaiya St, Lagos",6.624934,3.3120005,"restaurant, bar, food, point_of_interest, establishment",A
Eno's Place,"62 Old Abeokuta Rd, Lagos",6.624104,3.3237558,"restaurant, bar, food, point_of_interest, establishment",A
Legacy Restaurant & Bar,"24 Obafuwa Street, Lagos",6.620764,3.3306363,"restaurant, bar, food, point_of_interest, establishment",A
THE RM PLACE,"Plot 5 Block 8b CMD Road, Jubilee Road 73, opposite Magodo Brooks Gate, Lagos",6.624797,3.3651156,"restaurant, bar, food, point_of_interest, establishment",A
The New Sharp'ner Bar,"J9G7+P6V, Otunba Jobi Fele Way, Ikeja",6.6269,3.3630208,"restaurant, bar, food, point_of_interest, establishment",A
Feedwell Resturant And Bar,"12 Thomas Salako St, Ikeja",6.633514,3.3404147,"restaurant, bar, food, point_of_interest, establishment",A
Emva Kitchen,"Grammar School, Ojodu Berger, 117 Aina St, Ikeja",6.641733,3.3594716,"restaurant, bar, food, point_of_interest, establishment",A
Hearth Restaurant and Bar,"141 Ahmadu Bello Wy, opposite Silverbird, Lagos",6.428346,3.4091606,"restaurant, bar, food, point_of_interest, establishment",E
Ox restaurant & lounge,"31 Kofo Abayomi St, Lagos",6.436042,3.4202622,"restaurant, bar, food, point_of_interest, establishment",E
Natives Restaurant,"19 Furo Ezimora St, Eti Osa",6.432642,3.4669972,"restaurant, bar, food, point_of_interest, establishment",E
La' Vee Rooftop,"Remi Olowude St, Lagos",6.430094,3.4683848,"restaurant, bar, food, point_of_interest, establishment",E
"La Damme Restaurant, Bar And Lounge","41 Adebayo Doherty Rd, inside Lupees Supermarket, Lagos",6.440101,3.4643465,"restaurant, bar, food, point_of_interest, establishment",E
Chorppyz Ventures,"Obalende, Catholic Mission St, Lagos",6.45072,3.3959832,"restaurant, bar, food, point_of_interest, establishment",E
Skybox Restaurant & Bar,"36 Rasheed Alaba Williams Street, Lagos",6.446318,3.4619486,"restaurant, bar, food, point_of_interest, establishment",E
Utazi kitchen & bar,"Block 74, Plot 15b Emma Abimbola Cole Street, Lekki, Lagos",6.442858,3.4733059,"restaurant, bar, food, point_of_interest, establishment",E
BarBar Cutz and Cocktails,"15 Victoria Arobieke St, Lagos",6.446889,3.4720387,"restaurant, bar, food, point_of_interest, establishment",E
Cynthiana Africana Restaurant & Bar,"77 Awolowo Rd, Lagos",6.443147,3.4193524,"restaurant, bar, food, point_of_interest, establishment",E
Danfo Bistro & Dives,"2 Alexander Ave, Lagos",6.456473,3.4457666,"restaurant, bar, food, point_of_interest, establishment",E
SUGARLAND RESTAURANT,"2 Ajisafe St, Isaac John St, Ikeja",6.582815,3.356315,"restaurant, bar, lodging, food, point_of_interest, establishment",A
Indigo Bar Restaurant & Suites,"242B Muri Okunola St, Lagos",6.431895,3.4354178,"restaurant, bar, lodging, food, point_of_interest, establishment",E
The Grill by Yanna,"1B Adeyemi Lawson St, Lagos",6.445741,3.4437135,"restaurant, bar, meal_takeaway, food, point_of_interest, establishment",E
Sunlight Restaurant & Bar,"7 Ijaoye St, Lagos",6.521042,3.3699387,"restaurant, bar, point_of_interest, food, establishment",D
Maradine Restaurant,"34 Coker St, Lagos",6.530461,3.3590291,"restaurant, bar, point_of_interest, food, establishment",D
Blackrock Restaurant and Bar,"11 Ajao Rd, Ikeja",6.604433,3.3399018,"restaurant, bar, point_of_interest, food, establishment",A
The Wine Lab,"11a, Goriola Street, Off Adeola Odeku Victoria Island, Lagos, LGA, Victoria Island",6.431965,3.4137135,"restaurant, bar, point_of_interest, food, establishment",E
411 Restaurant & Lounge,"5 Amodu Tijani Cl, Lagos",6.432433,3.4283277,"restaurant, bar, point_of_interest, food, establishment",E
Noir Lagos,"Noir Restaurant, 4A Akin Olugbade St, Lagos",6.430988,3.4201689,"restaurant, bar, point_of_interest, food, store, establishment",E
Eric Kayser - Victoria Island,"864a Bishop Aboyade Cole St, Lagos",6.434055,3.4317389,"restaurant, cafe, bakery, meal_delivery, point_of_interest, food, store, establishment",E
tsboi cafe,"1-11 Commercial Ave, Lagos",6.506338,3.3743698,"restaurant, cafe, food, point_of_interest, establishment",D
Nipost Canteen,"11 Oshodi Post Office Road, Lagos",6.55709,3.3491315,"restaurant, cafe, food, point_of_interest, establishment",D
Indomie Cafe - Murtala Muhammed International Airport,"Murtala Muhammed International Airport Ikeja, Lagos",6.577074,3.3214049,"restaurant, cafe, food, point_of_interest, establishment",A
T - Joint Canteen,"27 Irewole St, Ikeja",6.591651,3.3606938,"restaurant, cafe, food, point_of_interest, establishment",A
Oyinlola Food Canteen,"Shop No. 8, Ashade Market, Ikeja",6.613708,3.3290703,"restaurant, cafe, food, point_of_interest, establishment",A
"Sao Cafe, Lagos","4 Chris Efuyemi Onanuga St, off The Providence Street, Lagos",6.43523,3.4586748,"restaurant, cafe, food, point_of_interest, establishment",E
Bon Beignet,"9b Prince Adelowo Adedeji St, Lekki",6.442347,3.4568268,"restaurant, cafe, food, point_of_interest, establishment",E
MyYa's Cafe,"Myya's Cafe, Plot 6 Muiz Banire St, Lagos",6.438055,3.4708626,"restaurant, cafe, night_club, bar, store, food, point_of_interest, establishment",E
Eat With Ayinke Restaurant Shomolu Lagos,"3 Sunday St, Shipeolu St, Lagos",6.539098,3.368409,"restaurant, cafe, point_of_interest, food, establishment",D
Glamour Xpression,"35 Adegboyega St, Lagos",6.537179,3.3625786,"restaurant, cafe, store, food, point_of_interest, establishment",D
XAMORE SUPERSTORE & RESTAURANT,"19 Oladire Street, haruna, inside bridge, Lagos",6.648516,3.3379181,"restaurant, convenience_store, shopping_mall, supermarket, meal_delivery, grocery_or_supermarket, point_of_interest, food, store, establishment",A
MÜM B Restaurant,"4 Dispensary Street, Lagos",6.465618,3.3416755,"restaurant, food, point_of_interest, establishment",B
GBL Restaurant & Bar,"Olatunde Onimole St, Lagos",6.491756,3.3480155,"restaurant, food, point_of_interest, establishment",B
Jekaplay Orile,"15 Kekere-Ekun St, Lagos",6.477557,3.341178,"restaurant, food, point_of_interest, establishment",B
Go Fresh Exotic(Parfait and Shawarma),"8 Ramlat Timson St, Lagos",6.492904,3.3435228,"restaurant, food, point_of_interest, establishment",B
officallydbfoods,"ITIRE BUS STOP, Lagos",6.465813,3.3329694,"restaurant, food, point_of_interest, establishment",B
Eby kitchen,"43 Sanya St, Lagos",6.48618,3.3310955,"restaurant, food, point_of_interest, establishment",B
The Meal Plan Guru,"5 Babatope St, Lagos",6.486376,3.3381291,"restaurant, food, point_of_interest, establishment",B
Aladun Food & Cuisine,"30 Adeshina St, local, Lagos",6.493205,3.3254522,"restaurant, food, point_of_interest, establishment",B
YUMMIE DELITE,"11 Babs Animashaun Rd, Lagos",6.489611,3.3485571,"restaurant, food, point_of_interest, establishment",B
Food Centre,"89 Baale St, Lagos",6.479669,3.3382854,"restaurant, food, point_of_interest, establishment",B
Eleojo Jumal Restaurant,"66 Olatunji St, Lagos",6.466011,3.3373565,"restaurant, food, point_of_interest, establishment",B
Anyanwu Restaurant,"F87M+M5C, Awope St, Lagos",6.464188,3.3328969,"restaurant, food, point_of_interest, establishment",B
Shawarma Bread,"9 Atanda St, Lagos",6.475108,3.3461245,"restaurant, food, point_of_interest, establishment",B
Iya Alade Restaurant,"Aratumi Market, Orile Iganmu, Lagos Line, Lagos",6.471379,3.3479322,"restaurant, food, point_of_interest, establishment",B
Dex Food n Events,"42 Adetola St, Lagos",6.479985,3.3320438,"restaurant, food, point_of_interest, establishment",B
Amoke Oge(Surulere),"Babs Animashaun Rd, Lagos",6.489739,3.3485389,"restaurant, food, point_of_interest, establishment",B
Ofada Heaven | Restaurant in Surulere Lagos,"62 Adeniran Ogunsanya St, opposite Glo Office, beside Lotus Bank, Lagos",6.494294,3.3568904,"restaurant, food, point_of_interest, establishment",B
City-fast@food,"F9V4+PXH, Adeniran Ogunsanya St, Lagos",6.494318,3.3574689,"restaurant, food, point_of_interest, establishment",B
CHINA GARDEN SURULERE,"96-100 Adeniran Ogunsanya St, Lagos",6.491141,3.3563318,"restaurant, food, point_of_interest, establishment",B
Tami's Restaurant,"Immam Dauda St, Lagos",6.485789,3.3543423,"restaurant, food, point_of_interest, establishment",B
Eyin Gold Food Canteen,"Ali Dogo Street Badia Ijora, Lagos",6.467121,3.3523897,"restaurant, food, point_of_interest, establishment",B
"Oak House Rooftop Restaurant, Bar & Lounge","85 Bode Thomas St, Lagos",6.489714,3.3572031,"restaurant, food, point_of_interest, establishment",B
African Soup Market,"F8VX+3G5, Lagos",6.492635,3.3488706,"restaurant, food, point_of_interest, establishment",B
Ejanla Lagos,"37 Bode Thomas St, Lagos",6.489553,3.3522637,"restaurant, food, point_of_interest, establishment",B
My Padi Kitchen/ PVN SURULERE LGA MEET,"17 Modupe Johnson Cresent, Lagos",6.491883,3.3578176,"restaurant, food, point_of_interest, establishment",B
Food Canteen,"Razaq, Rasaq Balogun St",6.494325,3.3612349,"restaurant, food, point_of_interest, establishment",B
Jaiye spot,"1b Oke Olu Street, Lagos",6.487476,3.3651098,"restaurant, food, point_of_interest, establishment",B
Chinese Resturant,"7 Chief Onitana St, Lagos",6.494559,3.3611004,"restaurant, food, point_of_interest, establishment",B
TakeFood Apapa Road,"91 Apapa Rd, Lagos",6.481506,3.3764576,"restaurant, food, point_of_interest, establishment",B
YSM cafeteria,"Shop eb9a,iponri shopping center,iponri,Surulere, Lagos",6.48438,3.3640182,"restaurant, food, point_of_interest, establishment",B
Hanky Panky Restaurant & Lounge,"Railway Compound, Club 1919 Road, opposite Allied Energy Filing Station, Ebute Meta",6.48401,3.3773205,"restaurant, food, point_of_interest, establishment",B
Delish Comfort,"50 Carter St, Lagos",6.491063,3.3831546,"restaurant, food, point_of_interest, establishment",B
De Food Base Golden Kitchen,"81 Apapa Rd, Lagos",6.481487,3.3770186,"restaurant, food, point_of_interest, establishment",B
Mainland Jollof,"5 Ibadan Street Ebute meta west, Lagos",6.48313,3.3779677,"restaurant, food, point_of_interest, establishment",B
MenuMenu,"25 Coates St, Lagos",6.482438,3.3853521,"restaurant, food, point_of_interest, establishment",B
"Omoroy Cuisine Restaurant, Yaba","273, Borno way Adekunle, Lagos",6.494401,3.3785854,"restaurant, food, point_of_interest, establishment",B
MottyBim Catering Services,"143 Borno Way, Lagos",6.487841,3.3817036,"restaurant, food, point_of_interest, establishment",B
Ashandy Restaurant,"East, Church St, Lagos",6.485256,3.384643,"restaurant, food, point_of_interest, establishment",B
Bistro 183,"183 Herbert Macaulay Wy, Lagos",6.493687,3.3812318,"restaurant, food, point_of_interest, establishment",B
Grills and foods,"63, Wright street, Oyingbo Rd, Lagos",6.491149,3.3823323,"restaurant, food, point_of_interest, establishment",B
Delta kitchen,"123 Bode Thomas St, Lagos",6.488879,3.3600974,"restaurant, food, point_of_interest, establishment",B
Dundu Nation Surulere,"94 Adeniran Ogunsanya St, Lagos",6.491576,3.3564225,"restaurant, food, point_of_interest, establishment",B
Feedwell Restaurant,"F9JH+72C, Brickfield Rd, Lagos",6.480679,3.377519,"restaurant, food, point_of_interest, establishment",B
Domino's Pizza Surulere,"86 Bode Thomas St, Lagos",6.489645,3.3561968,"restaurant, food, point_of_interest, establishment",B
Mojeunayo Food Canteen,Ikeja,6.482222,3.3743822,"restaurant, food, point_of_interest, establishment",B
Breakfast King,"4 Ladipo Labinjo Cres, Lagos",6.488007,3.359603,"restaurant, food, point_of_interest, establishment",B
Emilagba Food Palace,"107 Herbert Macaulay Wy, Lagos",6.487662,3.3837477,"restaurant, food, point_of_interest, establishment",B
Fiesta Food Court,"94 Adeniran Ogunsanya St, Lagos",6.491432,3.3563199,"restaurant, food, point_of_interest, establishment",B
Oluwafemi Restaurant,"57 OLD YABA RD ADEKUNLE lagos mainland, Lagos",6.494203,3.3803495,"restaurant, food, point_of_interest, establishment",B
Evri Healthy Foods,"BodeThomas, Eric Manuel Cres, Lagos",6.488531,3.360738,"restaurant, food, point_of_interest, establishment",B
Bukka Hut,"77 Bode Thomas St, Lagos",6.489936,3.3564426,"restaurant, food, point_of_interest, establishment",B
Mosu Fast Food,"16 Atitebi St, Lagos",6.481746,3.3808145,"restaurant, food, point_of_interest, establishment",B
0330.foods,"Shop22, lsdpc estate, Mainland, Lagos",6.49138,3.3855311,"restaurant, food, point_of_interest, establishment",B
Ma’leemah kitchen,"Moshalashi street ebute metta west, Iponri Rd, Lagos",6.487731,3.3651647,"restaurant, food, point_of_interest, establishment",B
Vineyskitchen,"125 Apapa Rd, Lagos",6.481585,3.372675,"restaurant, food, point_of_interest, establishment",B
Flex Grills,"48 Simpson St, Lagos",6.492903,3.3802565,"restaurant, food, point_of_interest, establishment",B
Shainagrills,"Apapa Rd, Lagos",6.481029,3.3769364,"restaurant, food, point_of_interest, establishment",B
LaBella lounge,"Bola St, Glover St, Ebute-Metta",6.489329,3.3852904,"restaurant, food, point_of_interest, establishment",B
Billgold finger foods,"133 Abeokuta St, Lagos",6.489155,3.3885353,"restaurant, food, point_of_interest, establishment",B
Chef smart,"44 Abeokuta St, Lagos",6.48749,3.3844565,"restaurant, food, point_of_interest, establishment",B
Belly Dieners Restaurant,"53 Abeokuta St, Lagos",6.487659,3.3850799,"restaurant, food, point_of_interest, establishment",B
Eni Afe lamo restaurant.,"39 Old Yaba Rd, Lagos",6.493342,3.3806471,"restaurant, food, point_of_interest, establishment",B
O' Tomi Maxim Restaurant,"155 Borno Way, Lagos",6.488983,3.3809096,"restaurant, food, point_of_interest, establishment",B
Canada Restaurant,"70 Cemetery St, Lagos",6.485403,3.3860019,"restaurant, food, point_of_interest, establishment",B
Tb Glamour Foods,"103 Apapa Rd, Lagos",6.481633,3.3747193,"restaurant, food, point_of_interest, establishment",B
KaKem Chelsea Foods,"Glover St, Ebute-Metta",6.488413,3.3819847,"restaurant, food, point_of_interest, establishment",B
EIMAS BAR,"44 Cemetry St, Lagos",6.483582,3.3867437,"restaurant, food, point_of_interest, establishment",B
The Food Factory,"8 African Restaurant way, Lagos",6.479242,3.3857686,"restaurant, food, point_of_interest, establishment",B
Cavern Menu,"66 Cemetery Street, Mainland, Lagos",6.484957,3.3861224,"restaurant, food, point_of_interest, establishment",B
Teesans Wellness Hub Yogurt/ Healthy food,"218 Borno Way, Lagos",6.491886,3.379954,"restaurant, food, point_of_interest, establishment",B
El-hanan_ent,"3 Alaoba street off apapa road, east, Lagos",6.483474,3.3732313,"restaurant, food, point_of_interest, establishment",B
Monapepper,"28 Bola St, Lagos",6.483287,3.3880195,"restaurant, food, point_of_interest, establishment",B
De Honey Fast Food,"F9QR+5CF, Okobaba St, Lagos",6.487972,3.3910382,"restaurant, food, point_of_interest, establishment",D
ONEWORLD MULTICUISINE RESTAURANT,"Plot 14 Ogun St, Lagos",6.466607,3.4279068,"restaurant, food, point_of_interest, establishment",E
Eastern Court Chinese Restaurant,"No 12, T.B.S.Lagos, Lagos",6.465931,3.4230309,"restaurant, food, point_of_interest, establishment",E
Home Made Kitchen,"F8VR+CH2, Lagos",6.49351,3.3413983,"restaurant, food, point_of_interest, establishment",B
Lounge Thirty 8 Restaurant,"F8WV+F5F, Lagos",6.496124,3.3428665,"restaurant, food, point_of_interest, establishment",B
Oluwaseun Wemimo,"53 Ejire Street, off cele ijeshatedo, Lagos",6.501157,3.3381188,"restaurant, food, point_of_interest, establishment",B
Mummy Wale Restaurant,Ikeja,6.496974,3.3338969,"restaurant, food, point_of_interest, establishment",B
Chop Better Restaurant,"Lateef Sanni Street, Ijesha Rd, Ikorodu",6.500816,3.3255063,"restaurant, food, point_of_interest, establishment",B
B & T Restaurant,"6 Oduduwa St, Lagos",6.50117,3.344058,"restaurant, food, point_of_interest, establishment",B
Idimu Road Mexican Restaurant,"Silva Estate, Ayo, Ogunlana St, Lagos",6.499964,3.3411633,"restaurant, food, point_of_interest, establishment",B
Mumzeeskitchen,"21 Alh. Adeyemi St, Lagos",6.499159,3.3235897,"restaurant, food, point_of_interest, establishment",B
Debby delicious kitchen,"1a Oduduwa Street,Kilo, Lagos",6.500626,3.3444604,"restaurant, food, point_of_interest, establishment",B
Ebedi Kitchen,"2 Enitan St, opposite AccessBank, Lagos",6.496292,3.3419444,"restaurant, food, point_of_interest, establishment",B
THE VIAND BISTRO (STREET FOOD IN SURULERE LAGOS ),"2/4 Ikenne St, off Oduduwa Street, Lagos",6.499467,3.3435494,"restaurant, food, point_of_interest, establishment",B
229 Finger Food and Grills,"16A Bank Olemoh St, Lagos",6.502988,3.3572726,"restaurant, food, point_of_interest, establishment",B
"The Place Restaurant, Surulere","36 Adeniran Ogunsanya St, Lagos",6.496262,3.357612,"restaurant, food, point_of_interest, establishment",B
Benestar Restaurant & Bar,"34 Tafawa Balewa Cres, Lagos",6.495875,3.3547705,"restaurant, food, point_of_interest, establishment",B
Pakpoint,"27 Adeniran Ogunsanya St, Lagos",6.49549,3.3578361,"restaurant, food, point_of_interest, establishment",B
Food Convee Mart,"By Masha Roundabout, 147B Ogunlana Dr, Lagos",6.50226,3.35095,"restaurant, food, point_of_interest, establishment",B
Ofadaboy,"1 Mba St, Lagos",6.496937,3.3567297,"restaurant, food, point_of_interest, establishment",B
Ojohncuisine DOMTOM FOOD TRUCK,"by Oyediran street, Bode Thomas Street, Lagos",6.496681,3.3524189,"restaurant, food, point_of_interest, establishment",B
Rutz Restaurant,"107 Tafawa Balewa Cres, Lagos",6.497484,3.3569732,"restaurant, food, point_of_interest, establishment",B
Dreams Restaurant,"30 Adelabu St, Lagos",6.499174,3.3498466,"restaurant, food, point_of_interest, establishment",B
Emems Haven,"13b Ilorin Street, Off Adelabu St, Lagos",6.497422,3.349039,"restaurant, food, point_of_interest, establishment",B
Iya Blessing food canteen,"Olaseni Diyaolu St, Lagos",6.499721,3.3451727,"restaurant, food, point_of_interest, establishment",B
Remebistrolagos,"53 Iyun Rd, Lagos",6.502453,3.3654452,"restaurant, food, point_of_interest, establishment",B
DMC Restaurant & Bar,"53 Iyun Rd, beside Stadium Hotel, Lagos",6.502446,3.3654421,"restaurant, food, point_of_interest, establishment",B
Iya Ayo Food Cateen,"80-92 Olonode St, Lagos",6.502026,3.3768215,"restaurant, food, point_of_interest, establishment",B
Olaiya Foods & Catering Services,"109 Akerele St, Lagos",6.503543,3.358134,"restaurant, food, point_of_interest, establishment",B
Eazychop,"55 Queen St, Lagos",6.501709,3.3787358,"restaurant, food, point_of_interest, establishment",D
Mholly's Place,"45 Adeniran Ogunsanya St, Lagos",6.49401,3.3575683,"restaurant, food, point_of_interest, establishment",B
"Sweet Sensation (Alagomeji, Yaba)","Herbert Macaulay Wy, Ondo",6.499871,3.3784578,"restaurant, food, point_of_interest, establishment",B
Niwig_Kitchen_Asun,"301, Bornoway alagomeji Yaba, Lagos",6.495871,3.3780833,"restaurant, food, point_of_interest, establishment",B
Ile Play (House Of Play),"F9XJ+W5F, Akinwunmi St, Lagos",6.499792,3.3803877,"restaurant, food, point_of_interest, establishment",D
Chef Lu’s Suya and Sides,"270 Herbert Macaulay Wy, Lagos",6.502052,3.3776682,"restaurant, food, point_of_interest, establishment",D
Bukka Hut,"271 Herbert Macaulay Wy, Lagos",6.500081,3.3779051,"restaurant, food, point_of_interest, establishment",B
Iya Food,"6°30'01. 3°22'45.7""E 3rd gate, Lagos",6.500452,3.3793888,"restaurant, food, point_of_interest, establishment",D
Nuli,"G92G+FXQ, Herbert Macaulay Wy, Lagos",6.501201,3.3774735,"restaurant, food, point_of_interest, establishment",B
Waakye Express,"19 shodipe St, Lagos",6.499958,3.3824949,"restaurant, food, point_of_interest, establishment",D
Nanville Cuisine,"adetia Olulu Street makoko yaba Adetia Olulu Street makoko, Lagos",6.496803,3.3884461,"restaurant, food, point_of_interest, establishment",D
ABENì FOOD OF LAGOS,"25 Onadeko St, Lagos",6.509852,3.3459553,"restaurant, food, point_of_interest, establishment",B
EMIE Restaurant and Bar,"G84Q+XRJ, Ashimowu Bakare St, Lagos",6.507475,3.3395144,"restaurant, food, point_of_interest, establishment",B
Grub Junkie,"Akinkunmi St, Lagos",6.505665,3.3390704,"restaurant, food, point_of_interest, establishment",B
NYMAR EXPRESSMEAL,"14 Adekoya St, Lagos",6.509938,3.3396259,"restaurant, food, point_of_interest, establishment",B
Ghana main Spots,"14 Yaru St, Lagos",6.508515,3.339638,"restaurant, food, point_of_interest, establishment",B
unique taste food,"10Araromi street itire itire surulere, Lagos",6.509474,3.3328105,"restaurant, food, point_of_interest, establishment",B
Asajeun Restaurant,"240 Itire St, Lagos",6.511727,3.3391289,"restaurant, food, point_of_interest, establishment",B
ChopLife Bukka,"94 Akerele St, Lagos",6.504028,3.3564417,"restaurant, food, point_of_interest, establishment",B
Chow Haven Meals,"14 Dipo Olubi St, Lagos",6.500937,3.3407383,"restaurant, food, point_of_interest, establishment",B
BiaLiveWell,"84 Adeniran Ogunsanya St, Lagos",6.492159,3.3564611,"restaurant, food, point_of_interest, establishment",B
Flames By Lacibo,"59 Ogunlana Dr, Lagos",6.508099,3.352923,"restaurant, food, point_of_interest, establishment",B
Foody's Restaurant,"17 Adegoke St, Lagos",6.505798,3.3505937,"restaurant, food, point_of_interest, establishment",B
Yomeez Food,"63 Ogunlana Dr, Lagos",6.50785,3.3528837,"restaurant, food, point_of_interest, establishment",B
Phoebe Food,"Off Lawanson Street, 27 Anjorin St, Lagos",6.509903,3.3465231,"restaurant, food, point_of_interest, establishment",B
Afis Restaurant,"5 Olufemi Rd, Lagos",6.505965,3.3514408,"restaurant, food, point_of_interest, establishment",B
Commint Buka Surulere Lagos,"Municipal B/Stop, 26 Itire St, Lagos",6.512475,3.3572962,"restaurant, food, point_of_interest, establishment",B
Rubels & Angels,"52 Ogunlana Dr, Lagos",6.508477,3.35249,"restaurant, food, point_of_interest, establishment",B
Monic Onyeka Restaurant And Bar,"28 Okanlawon Ajayi St, Lagos",6.502852,3.3485226,"restaurant, food, point_of_interest, establishment",B
Chioma Restaurant,"F8WJ+Q2V, Agbebi St, Lagos",6.496991,3.3300377,"restaurant, food, point_of_interest, establishment",B
Idioma Food Canteen,"5 Jimoh Agunbiade St, Lagos",6.498671,3.3277348,"restaurant, food, point_of_interest, establishment",B
Good Meal Great Taste,"By Ojulegba Bus Stop, 108 Westren Avenue, Lagos",6.510679,3.3629536,"restaurant, food, point_of_interest, establishment",B
Exquisite Bluestar Restaurant,"G957+JX3, Clegg St, Lagos",6.509007,3.3649369,"restaurant, food, point_of_interest, establishment",B
BELLEFULL RESTAURANT,"52 Tejuosho Rd, Lagos",6.506158,3.3665147,"restaurant, food, point_of_interest, establishment",B
SISI CALABAR RESTAURANT,"14 Itire St, opposite First Bank, Lagos",6.511759,3.358442,"restaurant, food, point_of_interest, establishment",B
The Great Foods,"9 Thorborn Ave, Lagos",6.507459,3.3750019,"restaurant, food, point_of_interest, establishment",D
Eatalia Nigeria | Quick Service Restaurant in Yaba,"30 Commercial Ave, Lagos",6.505864,3.3763504,"restaurant, food, point_of_interest, establishment",D
Iya Filomina Restaurant,"19 Salawu St, Lagos",6.509222,3.3589546,"restaurant, food, point_of_interest, establishment",B
Panda Restaurant and Bar,"112 Commercial Ave, Lagos",6.503986,3.383604,"restaurant, food, point_of_interest, establishment",D
Master Lee,"Shop 9 Onike Round About, Lagos",6.509974,3.383746,"restaurant, food, point_of_interest, establishment",D
OAK AND SPYCEE RESTAULOUNGE,"314 Herbert Macaulay Wy, Lagos",6.506696,3.3784649,"restaurant, food, point_of_interest, establishment",D
The Place Restaurant Yaba,"393 Herbert Macaulay Wy, Lagos",6.510667,3.3775755,"restaurant, food, point_of_interest, establishment",D
Hotspot Restaurant & Bar,"44 Commercial Ave, Lagos",6.505251,3.3806641,"restaurant, food, point_of_interest, establishment",D
King's Fast Food,Ikeja,6.509318,3.3658307,"restaurant, food, point_of_interest, establishment",B
Madam Ngozi Restaurant,"G956+5F8, Akintan St, Lagos",6.50792,3.3612,"restaurant, food, point_of_interest, establishment",B
265 HIGHWAY YARD,"46 Commercial Ave, Lagos",6.505317,3.3810131,"restaurant, food, point_of_interest, establishment",D
Jummycooks,"16 Pedro St, Lagos",6.508294,3.3910084,"restaurant, food, point_of_interest, establishment",D
Kehinde Restaurant,"41 /43 AUDU BALE STR IWAYA lagos mainland, Lagos",6.509829,3.391686,"restaurant, food, point_of_interest, establishment",D
Humble City Restaurant And Bars,"no:7, Aborishade Rd, Lagos",6.51399,3.347736,"restaurant, food, point_of_interest, establishment",B
Iya Wale Food Canteen,"Baale St, Lagos",6.517868,3.3328371,"restaurant, food, point_of_interest, establishment",B
Viva's Kitchen,"24 Ogunbowale St, off Akanro Street, Lagos",6.519398,3.3385374,"restaurant, food, point_of_interest, establishment",B
Food Is Ready Restaurant,"Isolo, Ilasamaja, 27 Aje St, Lagos",6.520048,3.3318977,"restaurant, food, point_of_interest, establishment",B
Mama Jumoke Restaurant,"G89H+MR5, Ogunbowale St, Lagos",6.519144,3.3296302,"restaurant, food, point_of_interest, establishment",B
TJ Foods,"Ilasa, Oyinkan St, Lagos",6.518589,3.3416444,"restaurant, food, point_of_interest, establishment",B
Joy Food sturf Store,"12 Abiola alao ijesha Street, Lagos",6.502884,3.3247275,"restaurant, food, point_of_interest, establishment",B
SHIFUWOK RESTAURANT,"3, Oladele Odusanya street, Off Ademulegun, Godwin Omonua, Ire-Akari Estate Rd, Lagos",6.520269,3.3223661,"restaurant, food, point_of_interest, establishment",B
Feel At Home Restaurant,"Shop No. 4, Royal Plaza, Okota, Okota Rd, Lagos",6.508757,3.3214612,"restaurant, food, point_of_interest, establishment",B
First Class Food,Ikeja,6.495011,3.3306568,"restaurant, food, point_of_interest, establishment",B
Commit Restaurant,"11 Itire St, Lagos",6.516239,3.3436029,"restaurant, food, point_of_interest, establishment",B
Calabar Food Restaurant,"3 Ajana St, off Ogunlana Street, Lagos",6.503236,3.3274016,"restaurant, food, point_of_interest, establishment",B
Masterclass Food Canteen,"G889+FVH, Round About, Okota Rd, Lagos",6.516183,3.3197563,"restaurant, food, point_of_interest, establishment",B
Eka Bee Food,"G87W+JJW, Lagos",6.514148,3.3465669,"restaurant, food, point_of_interest, establishment",B
Chi Tasty Restaurant,"Durojaiye St, Lagos",6.513021,3.3525186,"restaurant, food, point_of_interest, establishment",B
madam original Restaurant,"G8CR+J37, Anifowoshe St, Lagos",6.521533,3.3401269,"restaurant, food, point_of_interest, establishment",B
La Cib Restaurant,"33 Ogunlana Dr, Lagos",6.509888,3.3529776,"restaurant, food, point_of_interest, establishment",B
Glory Restaurant,"14 Brown Rd, Lagos",6.493157,3.3414324,"restaurant, food, point_of_interest, establishment",B
Chefvys Fast Food,"7 Enitan St, Lagos",6.496055,3.3410611,"restaurant, food, point_of_interest, establishment",B
Global Sir Vic Restaurant & Bar,"78 Nnobi St, Lagos",6.504192,3.3440643,"restaurant, food, point_of_interest, establishment",B
Food Arena,"Ojuelegba, 107 Ibidun St, Lagos",6.515387,3.3637927,"restaurant, food, point_of_interest, establishment",B
Blue Blaze Restaurant,"1 Fashoro St, Lagos",6.518875,3.3624283,"restaurant, food, point_of_interest, establishment",D
Amalatohsure,"2 Onayade St, Lagos",6.519956,3.3691324,"restaurant, food, point_of_interest, establishment",D
My Mumsy' Kitchen,"11 Igbobi St, Lagos",6.520294,3.3689827,"restaurant, food, point_of_interest, establishment",D
Mimi___cuisine,"G96M+XV9, Araromi Street Onike, Lagos",6.512384,3.3847583,"restaurant, food, point_of_interest, establishment",D
Hearty Meal Place,"Beside CITS Complex, off Masaba Close, Lagos",6.517549,3.3950379,"restaurant, food, point_of_interest, establishment",D
BFF Lagos,"4 Jibowu St, Lagos",6.518768,3.3687201,"restaurant, food, point_of_interest, establishment",D
Korede Spaghetti,"UNILAG, Amphi Theatre, Lagos",6.514982,3.3864743,"restaurant, food, point_of_interest, establishment",D
No3 Restobar Lagos,"3 University Rd, Lagos",6.517164,3.3816791,"restaurant, food, point_of_interest, establishment",D
Toy's Fada,"26/28 Lawani St, Lagos",6.514932,3.3834559,"restaurant, food, point_of_interest, establishment",D
Chopsandpops Bistro,"8 Monsuro Rd, Lagos",6.519173,3.3815462,"restaurant, food, point_of_interest, establishment",D
Chop Chop Marlene,"Mirabelle Hostel, 25 Abule Oja, Akoka, University Rd, Mainland, Lagos",6.517545,3.3833981,"restaurant, food, point_of_interest, establishment",D
Red Bricks,"Red Bricks, Tafawa Balewa Way, Lagos",6.516726,3.3983297,"restaurant, food, point_of_interest, establishment",D
Unilag Guest House Restaurant,"G99X+V85 Unilag Guest house, Lagos",6.519632,3.3983531,"restaurant, food, point_of_interest, establishment",D
Abula Village,"Jaja complex, opposite jaja hall, Lagos",6.516174,3.3971805,"restaurant, food, point_of_interest, establishment",D
Glamos Rare Bits,"shop 10, faculty of science, University of, Lagos",6.516699,3.3984121,"restaurant, food, point_of_interest, establishment",D
Ijay’s bistro,"2001 cafeteria unilag, Lagos",6.51934,3.3917475,"restaurant, food, point_of_interest, establishment",D
First Fast food,"University Of Lagos, University Rd, Lagos",6.51097,3.3924298,"restaurant, food, point_of_interest, establishment",D
Mavise Catering Services,"G99R+VP7, Newhall Path, Lagos",6.519651,3.3917928,"restaurant, food, point_of_interest, establishment",D
Faculty of Science Cafeteria,"Faculty of Science, University of Lagos, Lagos",6.515244,3.4000589,"restaurant, food, point_of_interest, establishment",D
Molabat Kitchen Isolo,"29 Mushin Rd, Lagos",6.528781,3.3209704,"restaurant, food, point_of_interest, establishment",B
FoodStep,"G8HR+W6Q, Lagos",6.529929,3.3406248,"restaurant, food, point_of_interest, establishment",B
Joyful Moment Food,"National Youth Secretarial Cooperation Complex, Lagos",6.521806,3.3381598,"restaurant, food, point_of_interest, establishment",B
Food canteen,"24 Olufunmilayo St, Lagos",6.529395,3.3486306,"restaurant, food, point_of_interest, establishment",B
Chicken Republic - Ire Akari,"32 Ire-Akari Estate Rd, Lagos",6.524876,3.3219705,"restaurant, food, point_of_interest, establishment",B
Mama Teko Food Canteen,"Ilasamaja, Isolo, 1 Gbadamosi Commercial, Lagos",6.522874,3.3327957,"restaurant, food, point_of_interest, establishment",B
Modupe Oluwa Food Canteen,"Isolo, Mushin, 30 Goloba St, Lagos",6.52893,3.3239188,"restaurant, food, point_of_interest, establishment",B
DISHES_BY_LISA RESTAURANT,"DIAMOND PLAZA, Mushin Rd, Lagos",6.528867,3.323344,"restaurant, food, point_of_interest, establishment",B
Favour Food Restaurant,"9 Panada St, off Oria Bus Stop, Lagos",6.530049,3.321579,"restaurant, food, point_of_interest, establishment",B
Iya Ijebu Food Canteen,"kelani St, Lagos",6.526196,3.3558264,"restaurant, food, point_of_interest, establishment",D
New Galili Restaurant,"Ilasa, 4 Moshalashi St, Lagos",6.522896,3.3326294,"restaurant, food, point_of_interest, establishment",B
Lady T Food Canteen,"Off Post Office Road, 2 Omotayo Street, Lagos",6.530304,3.3549475,"restaurant, food, point_of_interest, establishment",D
Pentagon Restaurant,"No 15 Martins St, Lagos",6.524503,3.3573664,"restaurant, food, point_of_interest, establishment",D
God's Time Restaurant,"65 Agege Motor Rd, Lagos",6.522508,3.3632884,"restaurant, food, point_of_interest, establishment",D
Caramel Foodie,"14 Jacob St, Lagos",6.528961,3.3639859,"restaurant, food, point_of_interest, establishment",D
Food Horizon,"By Olosha, 63 Ogunmokun St, Lagos",6.529299,3.3593901,"restaurant, food, point_of_interest, establishment",D
Food headquaters,"76 Ikorodu Rd, Lagos",6.526364,3.3675448,"restaurant, food, point_of_interest, establishment",D
Chef Mo's kitchen,"3 Post Office Rd, Lagos",6.530929,3.3537509,"restaurant, food, point_of_interest, establishment",D
Bottom Pot,"No. 5 Ishaga Rd, Lagos",6.512721,3.358541,"restaurant, food, point_of_interest, establishment",B
01mandarin Chinese Takeaway Surulere,"22, Mabo street, off Ishaga road, surulere Surulere Local Government, Lagos",6.51276,3.3587262,"restaurant, food, point_of_interest, establishment",B
Foodgies,"Ijesha Lagos NG, 18 Bailey St",6.5249,3.3768238,"restaurant, food, point_of_interest, establishment",D
Bukola Restaurant,"G99F+Q97, Lagos",6.519408,3.3734097,"restaurant, food, point_of_interest, establishment",D
Food Profiles,"Military Hospital, Hussey Rd, near Yabatec and WAEC, Lagos",6.520046,3.3732455,"restaurant, food, point_of_interest, establishment",D
Fantastic meal,"1 Fatai Kadiri St, Lagos",6.526345,3.3807615,"restaurant, food, point_of_interest, establishment",D
Soul Food Restaurant,"51 St Finbarr's College Rd, Lagos",6.527577,3.3864258,"restaurant, food, point_of_interest, establishment",D
Puzzle Restaurant & Lounge Akoka,"1 Chief Bright Oridami St, Lagos",6.524563,3.3857785,"restaurant, food, point_of_interest, establishment",D
fruitifybyrose,"5 Bailey St, Lagos",6.524268,3.3775724,"restaurant, food, point_of_interest, establishment",D
Lakrimfoodies,"Iyiola Olawale St, Lagos",6.524628,3.3878174,"restaurant, food, point_of_interest, establishment",D
Chizzygold fast food,"G9HH+367, Sabo Ojo, Lagos",6.527654,3.378045,"restaurant, food, point_of_interest, establishment",D
Excel Food Services,"1 Opere St, Lagos",6.529006,3.378742,"restaurant, food, point_of_interest, establishment",D
Sufficient God's Grace Food,"47 Fola Agoro St, Lagos",6.52635,3.3811005,"restaurant, food, point_of_interest, establishment",D
Gimmee foods,"No1 bright Oridami str off pako bustop akoka yaba, Lagos",6.524678,3.3858304,"restaurant, food, point_of_interest, establishment",D
CHICKEN AND SPICY,"G9FQ+W7M Local Government, St Finbarr's College Rd, Lagos",6.52483,3.3881652,"restaurant, food, point_of_interest, establishment",D
OMIENMIEN FOODS,"Ibukun Olu St, Lagos",6.526663,3.3849593,"restaurant, food, point_of_interest, establishment",D
Rentachefng,"35 Tunde Bello St, Lagos",6.527657,3.3911701,"restaurant, food, point_of_interest, establishment",D
SusyFoods,"18 alhaji taiwo avenue palmwill estate, Lagos",6.529369,3.3980973,"restaurant, food, point_of_interest, establishment",D
Dammysan’s kitchen,"13 Ogungbamila St, Ilaje Rd, Lagos",6.530453,3.392888,"restaurant, food, point_of_interest, establishment",D
OfadaEtc,"Lateef Fagbemi St, Ilaje Rd, Lagos",6.527836,3.3948105,"restaurant, food, point_of_interest, establishment",D
Jekaplay,"MAN O WAR TRAINING GROUNDS, Newhall Path, Lagos",6.519238,3.391766,"restaurant, food, point_of_interest, establishment",D
Uzy Restaurant & Catering Services,"2 Ehingbeti St, Lagos",6.533421,3.3226848,"restaurant, food, point_of_interest, establishment",B
Real Food Dot Com,"119 Palm Avenue, Lagos",6.532001,3.3439884,"restaurant, food, point_of_interest, establishment",B
Home Food Far Away,"Off Bola Ademuyiwa Street, 1 Christ Disciple St, beside St. Emmanuel Hospital, Lagos",6.53864,3.3284384,"restaurant, food, point_of_interest, establishment",B
Olorunseun Food Canteen,"Off Mushin Road, College Bus Stop, Isolo, 4 Akinbaiye St, Lagos",6.529387,3.3270159,"restaurant, food, point_of_interest, establishment",B
Adeyemi Food Canteen,"Sule Shado St, Lagos",6.53061,3.3420188,"restaurant, food, point_of_interest, establishment",B
Iya Luku Foods,"12 Folarin St, Lagos",6.533083,3.3483441,"restaurant, food, point_of_interest, establishment",D
Ola ola food canteen,"G8MR+3MF, Dada St, Lagos",6.532669,3.3416472,"restaurant, food, point_of_interest, establishment",B
Iya Sunday Food Canteen,"22 Akande Odebiyi St, Lagos",6.533617,3.3272695,"restaurant, food, point_of_interest, establishment",B
Yes Mello Food Canteen,"G8JJ+9VQ, Mushin Rd, opposite SOS children vilage, Lagos",6.530982,3.3322357,"restaurant, food, point_of_interest, establishment",B
Iya Amala Food Canteen,"Isolo, 11 Tire Road, Lagos",6.531029,3.3463274,"restaurant, food, point_of_interest, establishment",B
Prestige Restaurant,"9 Lafenwa St, Lagos",6.531629,3.322376,"restaurant, food, point_of_interest, establishment",B
Lopez Food,"8, metropolitan college, Ire-Akari Estate Rd, Lagos",6.526392,3.3211824,"restaurant, food, point_of_interest, establishment",B
Destiny foodie court,"G8JW+XWG, Folarin St, Lagos",6.532382,3.3473622,"restaurant, food, point_of_interest, establishment",D
The Bukka Cuisine Limited,"127. Itire road, Lawanson Bus stop, Surulere, Lagos",6.512494,3.3491148,"restaurant, food, point_of_interest, establishment",B
Pizza Lounge,"4 Okeho St, Lagos",6.523985,3.3229345,"restaurant, food, point_of_interest, establishment",B
Mama Ibeji Food Shop,"Omodunni St, Lagos",6.511111,3.3427176,"restaurant, food, point_of_interest, establishment",B
Kingstine-Jo Foods,"KingstineJO , 36, 38 Ire-Akari Estate Rd, Lagos",6.52455,3.3220814,"restaurant, food, point_of_interest, establishment",B
Mama D Restaurant,"G8HW+GJC, Isolo Rd, Lagos",6.528819,3.3465306,"restaurant, food, point_of_interest, establishment",B
Araromi Food Canteen,"62 Shotinoye St, Lagos",6.539855,3.343922,"restaurant, food, point_of_interest, establishment",D
Temple hill food court.,"1 Oludegun St, Lagos",6.521674,3.3220492,"restaurant, food, point_of_interest, establishment",B
Oyinbo Food Canteen,"19 Bale St, Lagos",6.518783,3.3332449,"restaurant, food, point_of_interest, establishment",B
Amoke Restaurant,"G8FC+4RV, Ire-Akari Estate Rd, Lagos",6.52287,3.3220482,"restaurant, food, point_of_interest, establishment",B
Chima Restaurant,"Hire Shopping Plaza, Itire St, Lagos",6.514306,3.3343908,"restaurant, food, point_of_interest, establishment",B
Chicken Republic - Jibowu,"10 Ikorodu Rd, Lagos",6.518277,3.3682634,"restaurant, food, point_of_interest, establishment",D
KETTTY RESTURANT,"6,Igbehinadun Street, Okuneye Ave, Lagos",6.538164,3.3823446,"restaurant, food, point_of_interest, establishment",D
tosyno kitchen,"50 Balogun St, Lagos",6.537296,3.3785475,"restaurant, food, point_of_interest, establishment",D
OFADAHAVEN,"9 Osanyipeju street akoka, Lagos",6.525497,3.3830028,"restaurant, food, point_of_interest, establishment",D
Deel's Food Court,"29 Fakorede St, Lagos",6.531979,3.3816161,"restaurant, food, point_of_interest, establishment",D
Tina's Kitchen Restaurant,"Market St, Lagos",6.53303,3.379222,"restaurant, food, point_of_interest, establishment",D
Iya Sola Food Canteen (Amala Joint),"Adebiyi St, Lagos",6.531492,3.3757147,"restaurant, food, point_of_interest, establishment",D
Ninimi Restaurant & Catering Services,"20 Olarewaju street, street, Ilaje Rd, opposite Majok filling station, Lagos",6.534201,3.3917896,"restaurant, food, point_of_interest, establishment",D
G-Mama SPAG+INDOMIE,"10 Abudu St, Lagos",6.517598,3.3815849,"restaurant, food, point_of_interest, establishment",D
Phemat Pasta & Grill,"29B Anuoluwapo St, Lagos",6.531209,3.3900241,"restaurant, food, point_of_interest, establishment",D
LOSFOODS,"19 Popoola St, Lagos",6.538533,3.3802092,"restaurant, food, point_of_interest, establishment",D
Labake Foods,"3 Ilaje Rd, Lagos",6.533915,3.3917103,"restaurant, food, point_of_interest, establishment",D
TRANQUIL - Restaurant & Lounge in Lagos,"27 Olusoji St, Lagos",6.53917,3.3898108,"restaurant, food, point_of_interest, establishment",D
Ayomis Cuisine Bukka,"27 Odunsi St, Shomolu",6.536076,3.3941547,"restaurant, food, point_of_interest, establishment",D
Bakanle Food Canteen,"Okesuna St, Lagos",6.533727,3.3800699,"restaurant, food, point_of_interest, establishment",D
Fundeat,"3 Femi Adebule Street, Fola Agoro St, Lagos",6.529558,3.3826324,"restaurant, food, point_of_interest, establishment",D
Efontree's SmokeHouse,"13 Olanrewaju St, Lagos",6.534661,3.3923544,"restaurant, food, point_of_interest, establishment",D
MAX SHAWARMA AND GRILLS,"16 Baale Shekoni St, Lagos",6.5365,3.3217913,"restaurant, food, point_of_interest, establishment",B
Dees Hotel restaurant,"10 Ati Okoye St, Lagos",6.541668,3.3253382,"restaurant, food, point_of_interest, establishment",B
Sabi Foods,"66 Ire-Akari Estate Rd, Lagos",6.521491,3.3219531,"restaurant, food, point_of_interest, establishment",B
Tastee Shawarma n grills,"113 Palm Avenue, Lagos",6.531603,3.3438358,"restaurant, food, point_of_interest, establishment",B
Newlook Calabar Kitchen,"7A Asa-Afariogun St, Lagos",6.546763,3.3306245,"restaurant, food, point_of_interest, establishment",B
Omoedafe Kitchen,"18/20 Osolo Wy, Lagos",6.548238,3.3321229,"restaurant, food, point_of_interest, establishment",D
Bisque Restaurant,"39 Osolo Wy, Lagos",6.545513,3.3330904,"restaurant, food, point_of_interest, establishment",B
Molabat Kitchen,"14 Osolo Wy, Lagos",6.5484,3.3320431,"restaurant, food, point_of_interest, establishment",D
Iya Kunle Food Shop,"10 Sadiku St, Lagos",6.523085,3.3359068,"restaurant, food, point_of_interest, establishment",B
Comfort restaurant,"22 Chivita Ave, Lagos",6.542241,3.3236394,"restaurant, food, point_of_interest, establishment",B
Lovely Sister Restaurant,"Araba Baptist Church St, Lagos",6.522461,3.3364168,"restaurant, food, point_of_interest, establishment",B
Edikang Restaurant,"1 Olundegun Street, Ire-Akari Estate Rd, Lagos",6.522017,3.3217492,"restaurant, food, point_of_interest, establishment",B
Meals Buddie Enterprises,"1 Ajalli St, off Alhaji Bashiru Street, Lagos",6.546756,3.3215204,"restaurant, food, point_of_interest, establishment",B
His Royal Food Canteen,"G8FR+3G8, Olayiwola Liasu St, Lagos",6.522726,3.3413133,"restaurant, food, point_of_interest, establishment",B
Chicken Republic - Osolo Way,"18 Osolo Wy, Lagos",6.548361,3.3320527,"restaurant, food, point_of_interest, establishment",D
Goodys Kammas Food Restaurant,"G8FQ+728, Ilasa, Ifelodun St, Lagos",6.523164,3.3375633,"restaurant, food, point_of_interest, establishment",B
One Love Restaurant,"12b Ajegunle St, Lagos",6.520777,3.349421,"restaurant, food, point_of_interest, establishment",B
Koudihs Diner,"21-9 Seriki Abass Cres, Lagos",6.543754,3.3315715,"restaurant, food, point_of_interest, establishment",B
Turning Point Restaurant,"34 Itile, Salamotu St, Lagos",6.518342,3.3342083,"restaurant, food, point_of_interest, establishment",B
Madam Ranti Restaurant,"G8FM+CRX, Anuoluwapo Street, Lagos",6.523619,3.33462,"restaurant, food, point_of_interest, establishment",B
BELLAS RESTAURANT,"182 Agege Motor Rd, Lagos",6.528,3.3542715,"restaurant, food, point_of_interest, establishment",D
Mummy Mistura Restaurant,"Off Agege Motor Road, Mushin, Ogunmokun St, Lagos",6.527078,3.3576645,"restaurant, food, point_of_interest, establishment",D
Alhaja Araokanmi Food Canteen,"G9V2+3VG, Akinyemi Way, Ibadan",6.542688,3.3522089,"restaurant, food, point_of_interest, establishment",D
Mama Put Food Canteen,"54 Post Office Rd, Lagos",6.532143,3.3581328,"restaurant, food, point_of_interest, establishment",D
"The Place Restaurant, Ilupeju","2 Michael Adekoya St, Lagos",6.545496,3.3590759,"restaurant, food, point_of_interest, establishment",D
SPEEDY DISH RESTAURANT & LOUNGE,"2 Coker Rd, Lagos",6.545019,3.3626353,"restaurant, food, point_of_interest, establishment",D
Ibile Dining,"Ilupeju Byepass, Lagos",6.545731,3.3596397,"restaurant, food, point_of_interest, establishment",D
Ibile Foods & Lounge Ilupeju | Best Restaurants in Lagos Nigeria,"9 Ilupeju Byepass, Lagos",6.545703,3.3595358,"restaurant, food, point_of_interest, establishment",D
Iya Champion Fast Food Restaurant,"7 Okusaga St, Lagos",6.542865,3.3614655,"restaurant, food, point_of_interest, establishment",D
BBQ Cottage,"Tinubu Cl, Ikeja",6.543854,3.3635492,"restaurant, food, point_of_interest, establishment",D
Iya Faruk Food Canteen,"Oziegbe Street, Lagos",6.542078,3.3605281,"restaurant, food, point_of_interest, establishment",D
Ifycious Restaurant,"4 Coker Rd, Lagos",6.545456,3.3625263,"restaurant, food, point_of_interest, establishment",D
Iya Sulaiman Food Canteen,"G9V6+G36, Igbaja St, Oworonshoki",6.543815,3.3601473,"restaurant, food, point_of_interest, establishment",D
Frany's Restaurant,"31, ilupeju bypass @hyden fueling station, Lagos",6.546248,3.3603746,"restaurant, food, point_of_interest, establishment",D
Meals-n-Grills,"1 Association Ave, Lagos",6.548399,3.362181,"restaurant, food, point_of_interest, establishment",D
Chicken Republic - Ilupeju,"12 Coker Rd, Lagos",6.546845,3.3623704,"restaurant, food, point_of_interest, establishment",D
Bites 'N' Cravings Restaurant | Best Restaurant in Lagos | Small Chops in Lagos | Small Chops | Grilled Chicken & Chips,"94 Shyllon Express, Shyllon St, Lagos",6.539255,3.3668206,"restaurant, food, point_of_interest, establishment",D
Food Champ Restaurant,"10 Ogunyemi St, Lagos",6.544386,3.3755812,"restaurant, food, point_of_interest, establishment",D
Kessington Restaurant and Lounge in Gbagada,"9 Igbeyin Adun St, Lagos",6.547042,3.3766259,"restaurant, food, point_of_interest, establishment",D
Amoke Oge Restaurant,"1 Bawala St, Lagos",6.545149,3.3745538,"restaurant, food, point_of_interest, establishment",D
Daily Meals,"G9WG+4F5, Igbeyin Adun St, Lagos",6.545256,3.3763258,"restaurant, food, point_of_interest, establishment",D
Food Haven,"Agunbiade St, Lagos",6.534871,3.3706323,"restaurant, food, point_of_interest, establishment",D
Awoof Berekete (Obanikoro),"250 Ikorodu Rd, Lagos",6.548178,3.367522,"restaurant, food, point_of_interest, establishment",D
Frecia Food and grills,"Powa Market, Shop 007 Kadupe Bus Stop, Eyiowuawi St, Lagos",6.544598,3.3740395,"restaurant, food, point_of_interest, establishment",D
Amala Kuseyi,"4 Kuseyi St, Lagos",6.526827,3.352869,"restaurant, food, point_of_interest, establishment",D
Mobile Food Delivery,"G9WG+7R9 chally boy, Ajayi St, Lagos",6.545653,3.3771147,"restaurant, food, point_of_interest, establishment",D
MP RESTAURANT,"18 Bawala St, Lagos",6.544844,3.3768754,"restaurant, food, point_of_interest, establishment",D
Lady T. Restaurant,"25 Bawala St, Lagos",6.545165,3.3764775,"restaurant, food, point_of_interest, establishment",D
Demeal foods,"phase 2, 8, Dahomey street, Via Gbagada, 8 Dahomey St, Lagos",6.544617,3.39299,"restaurant, food, point_of_interest, establishment",D
La Branco Restaurant,"Plot 293 Gbagada - Oworonshoki Expy, Lagos",6.54843,3.3872803,"restaurant, food, point_of_interest, establishment",D
Oakspring Restaurant,"5 Sunday Ogunyade St, Lagos",6.548253,3.3892495,"restaurant, food, point_of_interest, establishment",D
CHEF HOLINESS RESTAURANT AND BAR.,"Murtala bus stop, 25 Gbagada Rd, Lagos",6.54408,3.3921671,"restaurant, food, point_of_interest, establishment",D
HUNGER PILLS RESTAURANT,"70 shogbamu St, Abule Okuta, Ashimowu St",6.5489,3.3934062,"restaurant, food, point_of_interest, establishment",D
MSA FAST CROP FOOD,"5 Giwa Street IJEDODO, Lagos",6.530346,3.3656522,"restaurant, food, point_of_interest, establishment",D
"Gbagada, Lagos","5, Ekimogun street, Ashimowu St, Lagos",6.545312,3.3978421,"restaurant, food, point_of_interest, establishment",D
Okoro food restaurant,"Akinpelu St, Lagos",6.538312,3.3865047,"restaurant, food, point_of_interest, establishment",D
Chowbetafoods,"1c, olaoshebikan close, alhaji jimoh bus stop, Adeniyi Jones, ikeja, Lagos Ikeja, Lagos",6.542707,3.4050782,"restaurant, food, point_of_interest, establishment",D
"Ayola street oworosoki, Lagos Nigeria","22 Onabanjo St, Lagos",6.547539,3.4027667,"restaurant, food, point_of_interest, establishment",D
Jokky's Kitchen,Lagos,6.547295,3.4010277,"restaurant, food, point_of_interest, establishment",D
Bukka Hut,"Osolo Wy, Lagos",6.549453,3.3317327,"restaurant, food, point_of_interest, establishment",D
Shawarma Bistro,"3 Latest, Lateef Salami St, Lagos",6.551638,3.328718,"restaurant, food, point_of_interest, establishment",A
Iya Busayo food canteen,"11 Afari Ogun St, Lagos",6.554318,3.3403128,"restaurant, food, point_of_interest, establishment",A
Thirty8,"8 Okechukwu Anolue St, Lagos",6.555174,3.3248614,"restaurant, food, point_of_interest, establishment",A
iyaowo restaurant,"H83J+W75, Mafoluku Rd, Lagos",6.554806,3.3307398,"restaurant, food, point_of_interest, establishment",A
Ashabi food canteen,"H85M+72P, Makinde St, Lagos",6.5582,3.3325825,"restaurant, food, point_of_interest, establishment",A
Mama Sunday Kitchen,"53a Old Ewu Rd, Lagos",6.555329,3.3281618,"restaurant, food, point_of_interest, establishment",A
Jinma Kitchen,"12 Gogo Hassan Ave, Lagos",6.552408,3.3269526,"restaurant, food, point_of_interest, establishment",A
Okafor food canteen,"2 Jubril St, Lagos",6.554272,3.3398161,"restaurant, food, point_of_interest, establishment",A
Ayomide Store,"19 Afari Ogun St, off swollen, way, Ikeja",6.553741,3.3402776,"restaurant, food, point_of_interest, establishment",D
Fresh Alive Foods,"231 Mafoluku Rd, Lagos",6.554865,3.3309152,"restaurant, food, point_of_interest, establishment",A
iya Oyo restaurant,"4 Akin-Lawanson St, Lagos",6.551615,3.3340132,"restaurant, food, point_of_interest, establishment",D
Marrigold Restaurant,"136 Mafoluku Rd, Lagos",6.555878,3.3284453,"restaurant, food, point_of_interest, establishment",A
God's Grace Restaurant,"Akiode St, Lagos",6.552045,3.339088,"restaurant, food, point_of_interest, establishment",D
Lọlá Foods,"2 Sodehinde Cl, Lagos",6.557232,3.3406325,"restaurant, food, point_of_interest, establishment",A
Oyehma Restaurant,"Oshodi, 8 Araromi St, Lagos",6.558182,3.3479374,"restaurant, food, point_of_interest, establishment",A
magi restaurant and bar,"H84J+G4C, St Paul St, Lagos",6.556314,3.3303338,"restaurant, food, point_of_interest, establishment",A
Nwanyi Utuh Food Canteen,"G8PX+R53, Oduduwa St, Lagos",6.537022,3.3479302,"restaurant, food, point_of_interest, establishment",D
Enjoy Food Restaurant and Guest House,"4 Obanle Aro Cres, opposite Indian Legveg School, Ilupeju",6.552469,3.3636132,"restaurant, food, point_of_interest, establishment",D
Tamberma Restaurant & Bar Ilupeju,"6 Obanle Aro Ave, Lagos",6.551893,3.3626782,"restaurant, food, point_of_interest, establishment",D
Bargain PFC,"3 Coker Rd, Lagos",6.544977,3.3623331,"restaurant, food, point_of_interest, establishment",D
LadoramaSpice Food Cafe,"16 Olusoji Idowu St, opp. Temple Drive, Lagos",6.549976,3.3664072,"restaurant, food, point_of_interest, establishment",D
Labamba Restaurant,"9 Obanle Aro Cres, Ikeja",6.552962,3.3627153,"restaurant, food, point_of_interest, establishment",D
Cafe Potoba,"2 Olutunda St, Lagos",6.554885,3.3627784,"restaurant, food, point_of_interest, establishment",D
Gypsy’s Restaurant & Bar,"34 Gbolade Adebanjo St, Lagos",6.547936,3.3652115,"restaurant, food, point_of_interest, establishment",D
Toluwani restaurant,"G9Q6+WR4, Ibadan St, Lagos",6.539759,3.3620749,"restaurant, food, point_of_interest, establishment",D
Yakoyo Food Canteen,"Ikorodu Rd Service Ln, Lagos",6.550951,3.3665024,"restaurant, food, point_of_interest, establishment",D
Jully Restaurant,Ikeja,6.547721,3.366029,"restaurant, food, point_of_interest, establishment",D
IYA AJAO FOOD CANTEEN,"15 Ajegunle St, Lagos",6.540975,3.3605773,"restaurant, food, point_of_interest, establishment",D
Oluwapelumi Moi-Moi Place,"Bawala St, Lagos",6.54515,3.3744831,"restaurant, food, point_of_interest, establishment",D
Kaanubaru,"20 Fola Jinadu Cres, Lagos",6.548466,3.3774402,"restaurant, food, point_of_interest, establishment",D
Adeopemeji Food Canteen,"H94P+JGJ, Ogundare Awise St, Lagos",6.556563,3.3862785,"restaurant, food, point_of_interest, establishment",D
Oluwanifemi Food Canteen,"22 Alh. Opeodu St, Lagos",6.554297,3.391113,"restaurant, food, point_of_interest, establishment",D
Sweet Sensation,"8, Diya St, Gbagada, Lagos",6.55213,3.3923214,"restaurant, food, point_of_interest, establishment",D
Royal Foodie Cafe,"20 Idowu Ajayi St, Lagos",6.552243,3.3909663,"restaurant, food, point_of_interest, establishment",D
Mmaette restaurant.,"phase 2, 22 bariga Rd off Akinsola bustop sungas Rd 21alake Onile-Ere Crescent gbagada estate, Lagos",6.53417,3.38377,"restaurant, food, point_of_interest, establishment",D
Krusty King,"Gbagada - Oworonshoki Expy, Oshodi - Oworonshoki Expressway, Lagos",6.550281,3.3944637,"restaurant, food, point_of_interest, establishment",D
Crunches,"4 Ajayi Aina St, Lagos",6.555891,3.3889443,"restaurant, food, point_of_interest, establishment",D
Saudi Food Palace Limited,"51 Shogbamu St, Lagos",6.547983,3.394141,"restaurant, food, point_of_interest, establishment",D
Otide bukka,"5 Safuratu Sekoni St, Lagos",6.548076,3.3925136,"restaurant, food, point_of_interest, establishment",D
Momma's Bukka,"38 Ibadan St, Lagos",6.551434,3.4049117,"restaurant, food, point_of_interest, establishment",D
Gods Favour Resturant And Bar,"16 Oyegunle St, Oworonshoki",6.554497,3.4003932,"restaurant, food, point_of_interest, establishment",D
BJ foods,"23 Onabanjo St, Lagos",6.54764,3.4032492,"restaurant, food, point_of_interest, establishment",D
JESUS CARES FOOD,"5 Olatunji St, Lagos",6.565832,3.3422929,"restaurant, food, point_of_interest, establishment",A
Galaxy restaurant & bar,"29 Wahabi-Larinde St, Lagos",6.563181,3.336379,"restaurant, food, point_of_interest, establishment",A
Amoke Oge Food Centre,"39 Igbeyinadun St, Lagos",6.559718,3.347489,"restaurant, food, point_of_interest, establishment",A
Global Restaurant & Bar,Ikeja,6.559074,3.3473911,"restaurant, food, point_of_interest, establishment",A
IYA IRESI FOOD CANTEEN,"H85R+J4R, Lagos",6.559131,3.3402526,"restaurant, food, point_of_interest, establishment",A
Food Equation,Lagos,6.56654,3.332679,"restaurant, food, point_of_interest, establishment",A
Chayoma kitchen,"Traffic light ,asa-afariogun street,ajao estate Ajao estate off airport road Isolo local government area, Lagos",6.546215,3.3290311,"restaurant, food, point_of_interest, establishment",B
MASS MEAL,"29 Osundeyi St, Lagos",6.563315,3.332555,"restaurant, food, point_of_interest, establishment",A
Bee Restaurant,"No 15 Olorushola Mafuluku Oshodi, Lagos",6.559326,3.3313365,"restaurant, food, point_of_interest, establishment",A
Dee best shawarma,"church bus stop, 1 Rufai St, Lagos",6.55683,3.3398242,"restaurant, food, point_of_interest, establishment",A
Food foodies,"15 Sunday Solola St, Lagos",6.563926,3.3306506,"restaurant, food, point_of_interest, establishment",A
ADIZA FOOD,"16 Samuel St, Lagos",6.563222,3.3281034,"restaurant, food, point_of_interest, establishment",A
Gourmet Grind Cafe & Carwash,"42B Osolo Wy, opposite GIG Logistics, Lagos",6.544908,3.3330096,"restaurant, food, point_of_interest, establishment",B
Perfect Restaurant And Bar,"17 Adekunle St, Lagos",6.559223,3.3406533,"restaurant, food, point_of_interest, establishment",A
Iya Aliya Food Canteen,"Oshodi, Dipeolu St, Lagos",6.558838,3.3461298,"restaurant, food, point_of_interest, establishment",A
God's Time Restaurant,"5 Oshodi, Daodu St, Lagos",6.562901,3.3401983,"restaurant, food, point_of_interest, establishment",A
Boluwatife food Canteen,"14 Agbelekale St, Lagos",6.557772,3.3335928,"restaurant, food, point_of_interest, establishment",A
Iya Happiness Restaurant,"24 Olahinde Street, Lagos",6.560423,3.3361249,"restaurant, food, point_of_interest, establishment",A
Iya ada food and drinks,"28 Arowojobe Street, Lagos",6.563064,3.3422474,"restaurant, food, point_of_interest, establishment",A
Tobi's Buka,"3 Adeyemi St, off Mafoluku Road, Lagos",6.561055,3.3437893,"restaurant, food, point_of_interest, establishment",A
CALABA RESTAURANT,"24 Oladehinde St, Lagos",6.562587,3.3311947,"restaurant, food, point_of_interest, establishment",A
Shawarma fun to eat,"21 Arowojobe Street, Lagos",6.563735,3.3420303,"restaurant, food, point_of_interest, establishment",A
Onlytoyourtaste (Grill's & Fastfood),"6 Olorunlogbon St, Lagos",6.559257,3.3701432,"restaurant, food, point_of_interest, establishment",D
Yakoyo Food Canteen,"2 Odofin Oyero Dr, Lagos",6.559571,3.3696572,"restaurant, food, point_of_interest, establishment",D
Charlice restaurants,"1 Olorunlogbon St, Lagos",6.559365,3.3703328,"restaurant, food, point_of_interest, establishment",D
chow 16,"16 Adebayo Mokuolu St, Lagos",6.560068,3.3714898,"restaurant, food, point_of_interest, establishment",D
Sooyah Bistro Ilupeju,"31 Town Planning Way, Lagos",6.556734,3.3597441,"restaurant, food, point_of_interest, establishment",D
Menuroom,"1 Sab Ojewale Street-Gbagada Lagos NG Francis Oremeji Street Computer Village, Lagos",6.566831,3.3839993,"restaurant, food, point_of_interest, establishment",D
No Left-Overs Nigeria,"by Corona School, 7 Sawyer Cres, Lagos",6.556697,3.3682218,"restaurant, food, point_of_interest, establishment",D
Mutmeals,Lagos,6.558352,3.3914817,"restaurant, food, point_of_interest, establishment",D
Mummy T Food Canteen,"13 Ogundele St, Lagos",6.558447,3.3928035,"restaurant, food, point_of_interest, establishment",D
Onike Food Kitchen,"2 Estaport Ave, off Chevron Roundabout, Lagos",6.560443,3.3854888,"restaurant, food, point_of_interest, establishment",D
Smokey Jollof,"11A Oguntona Cresent, behind Charley Boy Bustop, Lagos",6.549688,3.3747275,"restaurant, food, point_of_interest, establishment",D
The Online Kitchen,"33, Olorunlogbon Street, LGA, Lagos",6.562951,3.3701844,"restaurant, food, point_of_interest, establishment",D
Shelaton Restaurant Araromi Lagos,"Adebayo Mokuolu St, Lagos",6.55793,3.3710868,"restaurant, food, point_of_interest, establishment",D
Domino's Pizza Gbagada,"1A Idowu Olaitan St, Lagos",6.548398,3.3882577,"restaurant, food, point_of_interest, establishment",D
Ogo Oluwa Food Canteen,Ikeja,6.557804,3.3863865,"restaurant, food, point_of_interest, establishment",D
MO's Grills,"H93Q+JWX, Diya St, Lagos",6.554104,3.3898394,"restaurant, food, point_of_interest, establishment",D
Food Is Ready,"St Finbarr's College Rd, Lagos",6.538913,3.3916872,"restaurant, food, point_of_interest, establishment",D
Adeola restaurant,"9 Adetoke St, Lagos",6.545876,3.394805,"restaurant, food, point_of_interest, establishment",D
"Chicken Republic - Diya, Gbagada","48 Diya St, Lagos",6.554817,3.3895866,"restaurant, food, point_of_interest, establishment",D
Mama Balkis Restaurant,"32 Ayodele Oke-Owo Rd, Lagos",6.558546,3.3859674,"restaurant, food, point_of_interest, establishment",D
Bukka Hut,"278 Gbagada - Oworonshoki Expy, Lagos",6.549378,3.3775647,"restaurant, food, point_of_interest, establishment",D
Iya Misi Food Canteen,"1 Julius Kadiri St, Lagos",6.555834,3.3919887,"restaurant, food, point_of_interest, establishment",D
Eatrite,"21 Folasade Ajayi Rd, Lagos",6.56466,3.3747227,"restaurant, food, point_of_interest, establishment",D
Favourite Restaurant,"H92X+PCQ, Oyenubi St, Lagos",6.551826,3.3986081,"restaurant, food, point_of_interest, establishment",D
Conny Foods & Restaurant,"5 Okeowo Shomorin St, Lagos",6.56098,3.3945333,"restaurant, food, point_of_interest, establishment",D
Bomfy Chops,"1 Ayodele Oke-Owo Rd, Lagos",6.554651,3.3872349,"restaurant, food, point_of_interest, establishment",D
Divine Food Canteen,Ikeja,6.546881,3.3959164,"restaurant, food, point_of_interest, establishment",D
D-Mayor Restaurant,"1 Ayodele Okeowo Street, Lagos",6.554665,3.387445,"restaurant, food, point_of_interest, establishment",D
Calabar Kitchen,"HC53+363, Lone St, Lagos",6.557646,3.4030435,"restaurant, food, point_of_interest, establishment",D
Mummy Tobi Food Canteen,"2 Olusoji Shofoluwe St, Lagos",6.567804,3.3358731,"restaurant, food, point_of_interest, establishment",A
Roczy Restaurant,"mamamamre1, Lagos",6.575299,3.341676,"restaurant, food, point_of_interest, establishment",A
Mandelo Shawarma,"47 Kalejaye St, Lagos",6.567625,3.3320981,"restaurant, food, point_of_interest, establishment",A
Ene Restaurant,"H8FR+2QQ, Lagos",6.572736,3.3419167,"restaurant, food, point_of_interest, establishment",A
Mama Nkechi Food Canteen,"Mangoro, 1 Shoneye St, Ikeja",6.558647,3.3432646,"restaurant, food, point_of_interest, establishment",A
De Bull Restaurant & Bar,"Quits Aviation Free Trade Zone Murtala Muhammed International Airport, Lagos",6.573079,3.3246441,"restaurant, food, point_of_interest, establishment",A
Wings Restaurant,"H8GG+C7R, EAN Jet Center, FAAN Transit Camp Road, Murtala Muhammed International Airport, Ikeja",6.576123,3.3256301,"restaurant, food, point_of_interest, establishment",A
Esporta Express (Food Delivery),"15 Adekunle Fajuyi Road Ikeja GRA Lagos, Ikeja",6.571842,3.3562326,"restaurant, food, point_of_interest, establishment",A
Food Corner Lagos,"45 Oduduwa Cres, Ikeja",6.573049,3.3527065,"restaurant, food, point_of_interest, establishment",A
Alice Garden Restaurant,"57 Oduduwa Way, Ikeja",6.570754,3.3523657,"restaurant, food, point_of_interest, establishment",A
Bungalow Restaurant Ikeja,"9 Adekunle Fajuyi Way, Ikeja",6.572882,3.3588576,"restaurant, food, point_of_interest, establishment",A
Dine Divine Restaurant,"20 Oduduwa Way, Ikeja",6.573662,3.3580892,"restaurant, food, point_of_interest, establishment",A
Vivi Restaurant,"H84J+3R8, Mafoluku Rd, Lagos",6.555139,3.3320843,"restaurant, food, point_of_interest, establishment",A
Essence By The Grid,"15a Sasegbon St, Ikeja",6.574612,3.3565202,"restaurant, food, point_of_interest, establishment",A
Omoibo Restaurant,"Oshodi, 10 Araromi St, Lagos",6.557527,3.3498257,"restaurant, food, point_of_interest, establishment",D
Kelma's place Restaurant,"52 Airport Rd, beside Presken Hotel, Ikeja",6.552156,3.329208,"restaurant, food, point_of_interest, establishment",A
Tilapia & tinz African Signature Restaurant,"11 Oduduwa Cres, Ikeja",6.574871,3.357332,"restaurant, food, point_of_interest, establishment",A
Chidex Restaurant,"Oshodi, Mafoluku, 23 Kalejaye St, Lagos",6.566096,3.3321669,"restaurant, food, point_of_interest, establishment",A
Ebony Restaurant,Lagos,6.54818,3.3558612,"restaurant, food, point_of_interest, establishment",D
Mama G Restaurant,"21 Akintunde Street, Ewutuntun, Lagos",6.56411,3.3309845,"restaurant, food, point_of_interest, establishment",A
Domino Restaurant,"H83H+FC7, Oludegun Ave, Lagos",6.553673,3.3285375,"restaurant, food, point_of_interest, establishment",A
Akwa Imah Restaurant & Bar,"Onigbongbo, 14 Mobolaji Bank Anthony Way, Lagos",6.574274,3.3632178,"restaurant, food, point_of_interest, establishment",A
Chop Bellehfull Restaurant,"6 Olaide Benson St, Lagos",6.570129,3.3651396,"restaurant, food, point_of_interest, establishment",A
Tina's Restaurant,"13 Olaide Benson St, Lagos",6.570173,3.3652354,"restaurant, food, point_of_interest, establishment",A
Kaffy's Restaurant,"12 Aina Eleko Ln, Lagos",6.56949,3.3651427,"restaurant, food, point_of_interest, establishment",A
Mummy 'D' Food Canteen,"12 Araromi St, Lagos",6.57098,3.3639367,"restaurant, food, point_of_interest, establishment",A
Triple J Chinese Resturant,"350-360 Ikorodu Rd, Lagos",6.567255,3.3673066,"restaurant, food, point_of_interest, establishment",A
Superfresh delicious Restaurant,"1 Atiba Osborne St, Lagos",6.571847,3.3748401,"restaurant, food, point_of_interest, establishment",A
Orient Express Chinese&Thai Takeaway,"175 Ogudu Rd, Lagos",6.573933,3.3944715,"restaurant, food, point_of_interest, establishment",A
Nkwobikitchen,"7 Roluga St, Lagos",6.567632,3.3849607,"restaurant, food, point_of_interest, establishment",D
EvaFresh Restaurant,"38 Gafari Balogun St, Lagos",6.570416,3.3956679,"restaurant, food, point_of_interest, establishment",D
Lick Fingers,"12 Unity St, Ikeja",6.567853,3.3975327,"restaurant, food, point_of_interest, establishment",D
Oeuvre Bistro,"Ogudu Mall Kosofe, Lagos",6.575825,3.3900247,"restaurant, food, point_of_interest, establishment",A
Home Foods,"Ogudu Rd, Lagos",6.572181,3.3969923,"restaurant, food, point_of_interest, establishment",D
13'03 Gourmet,"gbagada, 9a Tony Enyinna St, Lagos",6.566342,3.3923215,"restaurant, food, point_of_interest, establishment",D
Delta Delicious Meal,Ikeja,6.573063,3.3957707,"restaurant, food, point_of_interest, establishment",D
RedboxMax,"54 Diya St, Lagos",6.555174,3.3892209,"restaurant, food, point_of_interest, establishment",D
Chicken Republic - Ogudu GRA,"124 Ogudu Rd, Lagos",6.575328,3.3910974,"restaurant, food, point_of_interest, establishment",A
ATC CUISINE,"29,Agboyi road transformer round about, Agboyi Rd, Lagos",6.574627,3.4010916,"restaurant, food, point_of_interest, establishment",D
African Grills,"44 Agboyi Rd, Lagos",6.574083,3.4002945,"restaurant, food, point_of_interest, establishment",D
Premium Snack Foods,"1 Scout way, Lagos",6.57416,3.396606,"restaurant, food, point_of_interest, establishment",A
The Brut Café,"Shopping zone, Lagos",6.574357,3.4013821,"restaurant, food, point_of_interest, establishment",D
Obidie Kitchen,"H99W+X7C, Alhaji Balogun St, Lagos",6.569948,3.3956351,"restaurant, food, point_of_interest, establishment",D
Rhoda’s grill,"175 Ogudu Rd, Lagos",6.574151,3.3940558,"restaurant, food, point_of_interest, establishment",A
Grill_by_Moo,"Aviation Estate, 118 Old Ewu Rd, Lagos",6.5564,3.3267184,"restaurant, food, point_of_interest, establishment",A
Dimkpa Kitchen,"56 Awoniyi Elemo St, Lagos",6.548023,3.3267017,"restaurant, food, point_of_interest, establishment",B
Natural Kitchen,"54 Awoniyi Elemo St, Lagos",6.548268,3.3272276,"restaurant, food, point_of_interest, establishment",B
ILE-ALAMALA,"19 Osolo Wy, Lagos",6.547794,3.3325813,"restaurant, food, point_of_interest, establishment",D
NWANYI OWERRI'S KITCHEN,"7a Asa-Afariogun St, Lagos",6.546575,3.3300577,"restaurant, food, point_of_interest, establishment",B
ROASTEDRICE NG,"local government area, 44 Dosumu St, Lagos",6.562233,3.3337112,"restaurant, food, point_of_interest, establishment",A
Moboluwa Duro Food Canteen,Ikeja,6.562316,3.3299992,"restaurant, food, point_of_interest, establishment",A
BiG God food stomach care,"21 Abeni Bakare St, Lagos",6.562397,3.3301141,"restaurant, food, point_of_interest, establishment",A
BUKATERIOUS FOOD,"27 Awoniyi Elemo St, Lagos",6.548989,3.3293127,"restaurant, food, point_of_interest, establishment",B
Ona Opemipo Food Canteen,Ikeja,6.561721,3.3323221,"restaurant, food, point_of_interest, establishment",A
Amusa Food Canteen,"3 Ayinde St, Lagos",6.558179,3.3309262,"restaurant, food, point_of_interest, establishment",A
SHAWARMA & XTRAS,"No 1 Kalejaye St, Lagos",6.564562,3.3320812,"restaurant, food, point_of_interest, establishment",A
Perps Jessy Restaurant,"2,Jayeola, Ajata St, Lagos",6.551488,3.3253095,"restaurant, food, point_of_interest, establishment",A
African Kitchen,"Ladipo B/Stop, 4A Ajisegiri St, Lagos",6.571699,3.3447509,"restaurant, food, point_of_interest, establishment",A
Akassa Restaurant and Bar Mafoluku,"2 Oludegun Ave, Lagos",6.554999,3.3287745,"restaurant, food, point_of_interest, establishment",A
Eni's Restaurant and Lounge,"37 Ajose St, Lagos",6.573439,3.3716501,"restaurant, food, point_of_interest, establishment",A
Henchiz Food,"8 Abbi St, Lagos",6.57225,3.3718745,"restaurant, food, point_of_interest, establishment",A
Pepper Rice,"10 Igbile St, Lagos",6.570096,3.3743,"restaurant, food, point_of_interest, establishment",A
Mr Krums,"2 Bamidele Adebule St, Lagos",6.568245,3.379278,"restaurant, food, point_of_interest, establishment",A
CCC Restaurant (Iya Beji),"16 Abbi St, Lagos",6.571863,3.37248,"restaurant, food, point_of_interest, establishment",A
eNoCh Restaurant,"6, Godwin Ediale Close Abiofrank Street Idimu, Lagos",6.56397,3.2947522,"restaurant, food, point_of_interest, establishment",A
Mama Ray Kitchen,"H7CX+QXQ, Foursquare Ave, Lagos",6.571952,3.2999982,"restaurant, food, point_of_interest, establishment",A
Robo's Kitchen,"Unity Estate, 30 Emmanuel Osakwe St, Lagos",6.582691,3.2917655,"restaurant, food, point_of_interest, establishment",A
Juaf kitchen,"1 Jaiyeoba Rd, Lagos",6.582649,3.3069053,"restaurant, food, point_of_interest, establishment",A
3TS food restaurant,"50 Jaiyeoba Rd, Lagos",6.580841,3.306765,"restaurant, food, point_of_interest, establishment",A
Mariellasmenu,"liberty street 17 Coker Estate, Lagos",6.577047,3.3050766,"restaurant, food, point_of_interest, establishment",A
Eleha Food Restaurant,"Local Government, 8 Ojo St, Lagos",6.580238,3.3037754,"restaurant, food, point_of_interest, establishment",A
Mammy's buffet,"38 Oguntade Rd, Lagos",6.583603,3.3052042,"restaurant, food, point_of_interest, establishment",A
Majik Finger Restaurant & Catering Services,"Maternity b/stop, 30 Oguntade Rd, Lagos",6.582489,3.3043832,"restaurant, food, point_of_interest, establishment",A
EATMORE TM DOT XPRESS,"11 Kalejaiye Street, beesam, mafoluku Lagos NG",6.565347,3.3321301,"restaurant, food, point_of_interest, establishment",A
Village Cuisine,Ikeja,6.557431,3.3276822,"restaurant, food, point_of_interest, establishment",A
Kilimanjaro Restaurant MMIA,"Departure Lounge Lagos Muritala Mohammed International Airport, Lagos",6.578636,3.321704,"restaurant, food, point_of_interest, establishment",A
Boojay Grill,Ikeja,6.562547,3.3278538,"restaurant, food, point_of_interest, establishment",A
Tade foods,"19 Arowojobe Street, Lagos",6.563729,3.3422856,"restaurant, food, point_of_interest, establishment",A
Zoe Chops,"21 Tiwalade St, Lagos",6.573316,3.343877,"restaurant, food, point_of_interest, establishment",A
Country Guest House & Restaurant,"12 Works Rd, Ikeja",6.581731,3.3451036,"restaurant, food, point_of_interest, establishment",A
Golden tulip,"62 Adekunle Fajuyi Way, Ikeja",6.579734,3.3429255,"restaurant, food, point_of_interest, establishment",A
1064 Shyne Prestige Restaurant & Bar,"4 Bello Owosho St, Lagos",6.577221,3.3421778,"restaurant, food, point_of_interest, establishment",A
Wild Charcoal Restaurant & Bar,"37 Oba Akinjobi Way, Ikeja",6.58015,3.3525155,"restaurant, food, point_of_interest, establishment",A
Fiora' Garden,"9 Sasegbon St, Lagos",6.577742,3.3555149,"restaurant, food, point_of_interest, establishment",A
La Giara Restaurant,"30 Mobolaji Bank Anthony Way, Ikeja",6.583317,3.3600047,"restaurant, food, point_of_interest, establishment",A
Babes Dine Restaurant,"Suite 313, Opic Plaza, Mobolaji Bank Anthony Way, Ikeja Ikeja, Lagos",6.582449,3.3601402,"restaurant, food, point_of_interest, establishment",A
Iyeru Okin Restaurant,"38/40 Isaac John St, Lagos",6.580642,3.3588962,"restaurant, food, point_of_interest, establishment",A
Kobis (GRA),"23 Isaac John St, Ikeja",6.580445,3.3585313,"restaurant, food, point_of_interest, establishment",A
Jevinik Place,"21 Isaac John St, Ikeja",6.58018,3.3587844,"restaurant, food, point_of_interest, establishment",A
La Bamba Restaurant & Lounge,"45a Sobo Arobiodu St, Ikeja",6.577561,3.3565495,"restaurant, food, point_of_interest, establishment",A
HUA HAN Korean/Chinese Restaurant,"45c Sobo Arobiodu St, Ikeja",6.576866,3.3563752,"restaurant, food, point_of_interest, establishment",A
"The Place Restaurant, Ikeja GRA","Lagos NG, 45 Isaac John St, Ikeja",6.584322,3.35698,"restaurant, food, point_of_interest, establishment",A
Murphis Shawarma,"31, Isaac John Street, Off Abule-Onigbagbo Bus-Stop, Ikeja, Lagos, Lagos, Lagos",6.581807,3.3581608,"restaurant, food, point_of_interest, establishment",A
Shawn Grills Eatery,"8 Maryland Cres, Ikeja",6.577958,3.3658335,"restaurant, food, point_of_interest, establishment",A
Cilantro Ikeja,"26 Isaac John St, Lagos",6.580076,3.3593666,"restaurant, food, point_of_interest, establishment",A
Hungry Dolphin,"382 Ikorodu Rd, Lagos",6.576431,3.371427,"restaurant, food, point_of_interest, establishment",A
Suya Spot,"1 Sunmola Street, Lagos",6.568957,3.3719666,"restaurant, food, point_of_interest, establishment",A
Food Matters,"26 Emmanuel High St, Lagos",6.582992,3.3844814,"restaurant, food, point_of_interest, establishment",A
TAF'S KITCHEN AND GROCERIES,"Irawo bus stop, 22, Ibadan street, 15 Ikorodu Rd, Ojota, Lagos",6.58299,3.3750722,"restaurant, food, point_of_interest, establishment",A
Bukka Hut,"127 Ogudu Rd, Lagos",6.576607,3.3903344,"restaurant, food, point_of_interest, establishment",A
"The Place Restaurant, Ogudu","112b Ogudu Rd, Lagos",6.576101,3.389797,"restaurant, food, point_of_interest, establishment",A
food villa,"ajah, Lagos",6.5825,3.3871937,"restaurant, food, point_of_interest, establishment",A
Julnel Seafoods,"NO 1 Lateef Oluwande street, Gemade Estate, Egbeda, Lagos",6.59283,3.2932276,"restaurant, food, point_of_interest, establishment",A
Pulse Fruity and desserts (pulsesmoothiesnparfait),"38 Olugbede street unity estate Egbeda Alimosho Lagos Olugbede street orelope bustop Egbeda Ilepo Alhaji Egbeda Alimosho local government, Lagos",6.586873,3.2901249,"restaurant, food, point_of_interest, establishment",A
Chefbees Kitchen,"14 Razaq Ademuyiwa close, Off Karimu Laka St, Lagos",6.588521,3.2945104,"restaurant, food, point_of_interest, establishment",A
Love Of God Food,"5 Marquis St, Lagos",6.591549,3.3065174,"restaurant, food, point_of_interest, establishment",A
MMS Metro Kitchen,"FORT ROSS HOTEL, Fort Ross Hotel 23/25 Shasha Road, Lagos, by isiwo b/stop, opp, Sasha",6.589574,3.3063576,"restaurant, food, point_of_interest, establishment",A
Kitchen Plaza Eatery,"39 Orelope St, Lagos",6.591091,3.2941888,"restaurant, food, point_of_interest, establishment",A
Samsa Foods,"14 Orelope St, Lagos",6.592655,3.2897741,"restaurant, food, point_of_interest, establishment",A
DeLight Barbecue,"6/8 Anuoluwapo Street, Ikeja",6.573966,3.2908053,"restaurant, food, point_of_interest, establishment",A
Fit Feast Nig ltd,"6f2a1 Juliet Close Minimah Estate, Lagos",6.588166,3.3375246,"restaurant, food, point_of_interest, establishment",A
Walex Hot,"Obi Village, Local Airport Car Park, No. 74 Block H, opposite Arik Suite, Lagos",6.588459,3.3348421,"restaurant, food, point_of_interest, establishment",A
Iya Dammy Restaurant,"H8QM+6VV, Oba Village, Last Shop On First Lane, Ikeja",6.588114,3.33467,"restaurant, food, point_of_interest, establishment",A
355 Restaurant & Lounge Ikeja,"22 Simbiat Abiola Way, Ikeja",6.592238,3.3388514,"restaurant, food, point_of_interest, establishment",A
Pamela Restaurant,"Off Medical Road, 20 Olaide Tomori St, Ikeja",6.593197,3.3378805,"restaurant, food, point_of_interest, establishment",A
Eat Well Restaurant Mamalbo,"Powa Market, Ikeja",6.586875,3.344208,"restaurant, food, point_of_interest, establishment",A
FOOD LOUNGE,"23 Ajisafe St, Ikeja",6.585399,3.3553523,"restaurant, food, point_of_interest, establishment",A
Yellow Chilli Restaurant & Bar,"35 Joel Ogunnaike St, Ikeja",6.585268,3.352248,"restaurant, food, point_of_interest, establishment",A
Domino's Pizza Ogunnaike,"14C Joel Ogunnaike St, Ikeja",6.586759,3.3551464,"restaurant, food, point_of_interest, establishment",A
Iya amala food canteen,"Police College Ikeja(PCI), Lagos",6.589866,3.3477076,"restaurant, food, point_of_interest, establishment",A
Chinese restaurant Ramen,"22 Ladoke Akintola Rd, Ikeja",6.582642,3.3544237,"restaurant, food, point_of_interest, establishment",A
"The Place Restaurant, Aviation Mall, Ikeja","by General Hospital, Aviation Building, Kodesoh St, Oba Akran Road, Lagos",6.592725,3.3422571,"restaurant, food, point_of_interest, establishment",A
The Grid Lagos,"5 Thomas Ajufo Street, off Opebi Road, Ikeja",6.587109,3.3638582,"restaurant, food, point_of_interest, establishment",A
ZEN Garden 一品楼,"G.R.A, No. 60 Isaac John St, Ikeja",6.585388,3.3568368,"restaurant, food, point_of_interest, establishment",A
Spur Nigeria,"Landmark Building, 56B Isaac John St, Ikeja",6.584608,3.3579404,"restaurant, food, point_of_interest, establishment",A
Indomie Cafe Ikeja,"Goodiss Superstores, 23 Mobolaji Bank Anthony Way, Ikeja",6.587079,3.3578276,"restaurant, food, point_of_interest, establishment",A
Shu Garden Chinese Restaurant,"46 Isaac John St, Ikeja",6.583241,3.3580253,"restaurant, food, point_of_interest, establishment",A
Alata Foods,"5 Salvation Rd, Ikeja",6.589983,3.3619277,"restaurant, food, point_of_interest, establishment",A
Obelawo,"20 Ogudu Rd, Lagos",6.587491,3.3813452,"restaurant, food, point_of_interest, establishment",A
Finest Caterers & Restaurant,"35 Oluwakemi St, Lagos",6.587327,3.3957298,"restaurant, food, point_of_interest, establishment",A
Correct Food,"27 Ogudu Rd, adjacent Stanbic bank, Lagos",6.586447,3.3840407,"restaurant, food, point_of_interest, establishment",A
Iya Ndidi Food Canteen,"Off Rashidi Oyekan Street, Ketu, 28 Adenola St, Lagos",6.59312,3.3871963,"restaurant, food, point_of_interest, establishment",A
MODUPE FOOD CANTEEN,"21 Ajibola Crescent, Lagos",6.586857,3.3991156,"restaurant, food, point_of_interest, establishment",A
Adeshola kitchen,"11 Adesoye St, Lagos",6.570038,3.37206,"restaurant, food, point_of_interest, establishment",A
Foodtown restaurant,"27 Anuoluwapo St, Lagos",6.58421,3.3952579,"restaurant, food, point_of_interest, establishment",A
Mamarazzi Experience,"7 Adedotun Dina Cres, Lagos",6.574263,3.3712074,"restaurant, food, point_of_interest, establishment",A
Psalm restaurant,"18 Oluwakemi St, Lagos",6.587706,3.3975837,"restaurant, food, point_of_interest, establishment",A
Le Rendezvous Restaurant,"Olatunji House, 299 Ikorodu Rd, Lagos",6.570723,3.3723427,"restaurant, food, point_of_interest, establishment",A
Yakoyo Food Canteen,"2 Rashidi, Rasheed Oyekan St, Lagos",6.592074,3.3869637,"restaurant, food, point_of_interest, establishment",A
Beyond Tastee Restaurant,"133 Ogudu Rd, Lagos",6.576189,3.3905303,"restaurant, food, point_of_interest, establishment",A
FOOD BLOC,"18 Ajose St, Lagos",6.572909,3.3713112,"restaurant, food, point_of_interest, establishment",A
Mummy Ayisat Restaurant,"12 Ajibola Crescent, Lagos",6.586072,3.3998663,"restaurant, food, point_of_interest, establishment",A
01Shawarma Maryland,"1 Salami St, Lagos",6.571058,3.3717142,"restaurant, food, point_of_interest, establishment",A
De Geez Grills & Shawarma,"44a Akowonjo Rd, Lagos",6.599483,3.294716,"restaurant, food, point_of_interest, establishment",A
FOOD HUNTERS KITCHEN,"65 Idimu Road, Egbeda Alimosho Local Government Area, Lagos",6.600765,3.2921392,"restaurant, food, point_of_interest, establishment",A
Meddy's Buka,"1, off Akowonjo Road, opposite Egbeda Pharmacy, Lagos",6.599373,3.2920301,"restaurant, food, point_of_interest, establishment",A
Awoof Berekete,"Akowonjo Rd, Lagos",6.60226,3.3074648,"restaurant, food, point_of_interest, establishment",A
Restaurant,"8 Alhaji Rasaq Street, Lagos",6.597718,3.2912382,"restaurant, food, point_of_interest, establishment",A
Anty shade Restaurant,"9 Jezza Street, Lagos",6.599733,3.289836,"restaurant, food, point_of_interest, establishment",A
Chizzychops & grillz,"santos estate Akowonjo, 5 Obadare Cl, Lagos",6.601208,3.3115685,"restaurant, food, point_of_interest, establishment",A
Odal Foods,"20B Adenrele St, Lagos",6.596302,3.2941317,"restaurant, food, point_of_interest, establishment",A
Feedwell Food Canteen,"28 Idimu Rd, Lagos",6.597553,3.2893959,"restaurant, food, point_of_interest, establishment",A
Egbeda Kitchen & Bar,Lagos,6.598854,3.291498,"restaurant, food, point_of_interest, establishment",A
Oluwatoyin Hamdalat Restaurant,"5 IDOWU CLOSE OFF GBADAMOSI CRST, Ilado Cl, Lagos",6.59813,3.3050173,"restaurant, food, point_of_interest, establishment",A
Jay Jay Food,"8 Alabata St, Lagos",6.601174,3.2933265,"restaurant, food, point_of_interest, establishment",A
"The Place Restaurant, Akowonjo","155, 156 Akowonjo Rd, Lagos",6.602584,3.3072031,"restaurant, food, point_of_interest, establishment",A
De Kitch Restaurant,"Banire Bus Stop, 59 Idimu - Egbeda Road, Lagos",6.601898,3.2922956,"restaurant, food, point_of_interest, establishment",A
Twilight Chinese Cuisine,"166 Akowonjo Rd, Lagos",6.602242,3.3085843,"restaurant, food, point_of_interest, establishment",A
Kilimanjaro Restaurant,"115 Idimu Rd, Lagos",6.593561,3.288144,"restaurant, food, point_of_interest, establishment",A
Havillah's Kitchen,"H7XV+JF9, inside Leosub Lounge, Lagos",6.599057,3.2937632,"restaurant, food, point_of_interest, establishment",A
Chef Royal,"No 201,general, Idimu Rd, Lagos",6.595743,3.288393,"restaurant, food, point_of_interest, establishment",A
Mama Yetunde Restaurant,"1 Origa Street, Lagos",6.599963,3.2923437,"restaurant, food, point_of_interest, establishment",A
Chicken Republic,"147, 149 Akowonjo Rd, Lagos",6.60189,3.30503,"restaurant, food, point_of_interest, establishment",A
Friends Fast Food,"H7XW+P24, Akowonjo Rd, Lagos",6.599261,3.2950668,"restaurant, food, point_of_interest, establishment",A
Mama Sunday Food Canteen,"23, Egbeda, Ponle, 25 Ponle St, Lagos",6.596322,3.3001203,"restaurant, food, point_of_interest, establishment",A
Gladyudeclassy,"45 Akowonjo Rd, Lagos",6.599737,3.2955165,"restaurant, food, point_of_interest, establishment",A
Agora restaurant,"14 Egunjobi St, Lagos",6.583076,3.3061548,"restaurant, food, point_of_interest, establishment",A
King Buffalo Grill,"70 Shasha Rd, Lagos",6.600864,3.3086384,"restaurant, food, point_of_interest, establishment",A
Precious Kitchen,"21 Oyinlola St, Lagos",6.601613,3.3061802,"restaurant, food, point_of_interest, establishment",A
Naija Breakfast Place,"Sobo Bustop, 152 Akowonjo Rd, Akowonjo, opposite Firstbank, Lagos",6.602558,3.3067917,"restaurant, food, point_of_interest, establishment",A
Moryem Bar & Restaurant,"2 Modupe St, Ikeja",6.601116,3.3372628,"restaurant, food, point_of_interest, establishment",A
Downtown Grill Nigeria,"28, Balogun Street, Off Akinremi Anifowoshe Ikeja, Lagos",6.599292,3.3372934,"restaurant, food, point_of_interest, establishment",A
“44bukaz” Forty Four Bukaz and Beverages,"14 Oyetubo St, off Obafemi Awolowo Way, Lagos",6.600697,3.3413362,"restaurant, food, point_of_interest, establishment",A
Fabah Foods Restaurants,"14, Fadeyi Street, Off Obafemi Awolowo Wy, Ikeja",6.59866,3.3439488,"restaurant, food, point_of_interest, establishment",A
VSP Restaurant and Lounge,"84 Obafemi Awolowo Wy, Ikeja",6.599654,3.3435331,"restaurant, food, point_of_interest, establishment",A
Ms Food,"6, Olawaiye Street, off Anifowoshe, Akinremi St, Lagos",6.598351,3.3383573,"restaurant, food, point_of_interest, establishment",A
All Class Restaurant,"5 Oliyide St, off Toyin Street, Ikeja",6.595117,3.3454443,"restaurant, food, point_of_interest, establishment",A
Meals2go,"26 Akintoye Shogunle St, Ikeja",6.599746,3.3449781,"restaurant, food, point_of_interest, establishment",A
Remmy kitchen,"5 Oyetubo St, Ikeja",6.60005,3.3427104,"restaurant, food, point_of_interest, establishment",A
Jokab Taste,"Olowa Junction, 71 Obafemi Awolowo Wy, Lagos",6.599547,3.3435541,"restaurant, food, point_of_interest, establishment",A
Ultimate Restaurant,"H8VV+J42, Lagos",6.593983,3.3426985,"restaurant, food, point_of_interest, establishment",A
Tulips and Orchids,"No 11 Adeboye Solanke Avenue off, Allen Ave, Ikeja",6.599197,3.3434509,"restaurant, food, point_of_interest, establishment",A
CHOPMIDE,"17 Oladosu St, Ikeja",6.595675,3.3449131,"restaurant, food, point_of_interest, establishment",A
Mafei’s kitchen and restaurant,"57 Obafemi Awolowo Wy, Ikeja",6.598369,3.3424635,"restaurant, food, point_of_interest, establishment",A
Food Republic Restaurant,"15 Ogunshefunmi Street, Anifowoshe, Oba Akran, Ikeja, Lagos",6.599743,3.3378553,"restaurant, food, point_of_interest, establishment",A
Dl-Light Spot & Bar/Restaurant,"10 John Olugbo St, Ikeja",6.599529,3.3461986,"restaurant, food, point_of_interest, establishment",A
Freshdeli Foods,Ikeja,6.599895,3.3396259,"restaurant, food, point_of_interest, establishment",A
Mummy Wa Food Canteen,Ikeja,6.598999,3.3385514,"restaurant, food, point_of_interest, establishment",A
Mealsy Foods,"Ikeja, Lagos",6.595867,3.3551751,"restaurant, food, point_of_interest, establishment",A
Sea food lunch,"lekki ibeju lekki, Lagos",6.599165,3.3489292,"restaurant, food, point_of_interest, establishment",A
South East Asia music restaurant,"64 Toyin St, Ikeja",6.595638,3.3544888,"restaurant, food, point_of_interest, establishment",A
Commint Buka,"15/17 Majekodunmi St, Ikeja",6.597722,3.3518684,"restaurant, food, point_of_interest, establishment",A
The Family Kitchen Ltd,"1 Toyin St, Ikeja",6.596397,3.3461222,"restaurant, food, point_of_interest, establishment",A
PRIME SHAWARMA,"Lagos, 23 Allen Ave, Ikeja",6.598432,3.353361,"restaurant, food, point_of_interest, establishment",A
Bukkadotcom restaurant,"16 Olayinka St, link",6.593816,3.3618937,"restaurant, food, point_of_interest, establishment",A
Abula Tawa,"21 Opebi Rd, Lagos",6.594323,3.3571742,"restaurant, food, point_of_interest, establishment",A
Right Time Canteen,"5 Irewole St, Ikeja",6.593828,3.3585796,"restaurant, food, point_of_interest, establishment",A
Megs Place Restaurant,"No 1 Olufunmilola Okikiolu St, Ikeja",6.596596,3.3476128,"restaurant, food, point_of_interest, establishment",A
Hibiscus Restaurant,"besides Kobis, Along Kudirat Abiola Way, Lagos",6.599171,3.3657674,"restaurant, food, point_of_interest, establishment",A
Food House,"H9XJ+XCP, Aladelola Street, Lagos",6.599954,3.38104,"restaurant, food, point_of_interest, establishment",A
Fejiro Kitchen,"8b Ikosi Rd, off Kudirat Abiola Way, Ikeja",6.600456,3.3657953,"restaurant, food, point_of_interest, establishment",A
Cravings & More,"80 Ikosi Road, Lagos",6.599258,3.3805643,"restaurant, food, point_of_interest, establishment",A
Choice Luxe Bistro,"30A Felicia Koleoso Str Off Agbaoku Str, Off Opebi Rd, Ikeja",6.5975,3.3575094,"restaurant, food, point_of_interest, establishment",A
Sooyah Bistro Ikeja,"Osata Supermarket, 7 Opebi Rd, avenue, Ikeja",6.595202,3.3565053,"restaurant, food, point_of_interest, establishment",A
Jolly Cafeteria,"30,ogunsowobo street, Lagos",6.596031,3.3881247,"restaurant, food, point_of_interest, establishment",A
Success Restaurant,"2, Ogunyemi street, Off Adisa Akintoye Street, Lagos",6.594099,3.3855038,"restaurant, food, point_of_interest, establishment",A
Zinny delicious meal,"52/63 Demurin St, Lagos",6.597434,3.3922205,"restaurant, food, point_of_interest, establishment",A
Rachy Chops Foods,"Motorways center, Lagos",6.599893,3.3769353,"restaurant, food, point_of_interest, establishment",A
Faayo's Food,"5 Ila- Oragun St, Lagos",6.59467,3.3924852,"restaurant, food, point_of_interest, establishment",A
Chicken Republic,"2 Jagal Cl, Ikeja",6.597873,3.3714724,"restaurant, food, point_of_interest, establishment",A
QUICK MEAL RESTAURANT,"26 Adebomi Edun St, Lagos",6.609286,3.3005744,"restaurant, food, point_of_interest, establishment",A
Kings Restaurant,"Redemption Camp, 3 Bada street Akowonjo Alimosho Lagos State, Lagos",6.605516,3.3089728,"restaurant, food, point_of_interest, establishment",A
House One Foods,"BN Street House 3 Mosan Okunola LCDA Ipajs, Lagos",6.611009,3.2881382,"restaurant, food, point_of_interest, establishment",A
Tasty Restaurant,"J76V+2QV, Road, Lagos",6.610097,3.2944425,"restaurant, food, point_of_interest, establishment",A
Janik Restaurant and Bar,"J72R+99V, 4th Ave, Lagos",6.60099,3.290927,"restaurant, food, point_of_interest, establishment",A
Chicken Tradition,"2 Akowonjo Shasha Road, Akowonjo Roundabout, Ikeja, Lagos, Ikeja",6.607125,3.3098295,"restaurant, food, point_of_interest, establishment",A
Lady B Kitchen,"J835+248, Akowonjo Rd, Ikeja",6.602523,3.3078151,"restaurant, food, point_of_interest, establishment",A
SOLO HOUSE,"17 Sule St, MAINLAND, Lagos",6.60942,3.3273361,"restaurant, food, point_of_interest, establishment",A
Desty's bites,"Alausa busstop, Lagos",6.60382,3.3193811,"restaurant, food, point_of_interest, establishment",A
Meddy's Africana buka,"cement bus stop, 33 Ikuomola St, Lagos",6.608695,3.3221121,"restaurant, food, point_of_interest, establishment",A
Regal Cuisine food,"38 Oni street Alimosho, Lagos",6.605292,3.2994753,"restaurant, food, point_of_interest, establishment",A
God of Guidance,"Adebisi Awoshoga St, Lagos",6.608844,3.3186052,"restaurant, food, point_of_interest, establishment",A
Iya Lola's Lounge,"J832+9MQ, Jimoh Akinremi St, Lagos",6.603452,3.3017378,"restaurant, food, point_of_interest, establishment",A
De Kitchen,Lagos,6.60319,3.3018739,"restaurant, food, point_of_interest, establishment",A
Oluwaseun Food Canteen,"120, New Ipaja Road, Lagos",6.611753,3.3049998,"restaurant, food, point_of_interest, establishment",A
De Tastee Fried Chicken,"144 Shobowale Street, Akowonjo Rd, Lagos",6.602599,3.3058786,"restaurant, food, point_of_interest, establishment",A
Iya Ilorin Food Canteen,"I 25 Sule St, Lagos",6.609296,3.3265362,"restaurant, food, point_of_interest, establishment",A
Dundu Nation Akowonjo,"181 Akowonjo Rd, Lagos",6.602219,3.3076154,"restaurant, food, point_of_interest, establishment",A
Millenium Restaurant Food,"J865+7Q9, Okeho St, Lagos",6.610601,3.3096055,"restaurant, food, point_of_interest, establishment",A
Mama Orobo Food Resturant,"J854+M3J, IGE St, Lagos",6.60921,3.3051513,"restaurant, food, point_of_interest, establishment",A
Sweet Sensation,"Dopemu, Akowonjo round-about, Akowonjo Rd, Lagos",6.605265,3.3097589,"restaurant, food, point_of_interest, establishment",A
Lady's Kitchen,"8 Atiba Cl, Ikeja",6.60396,3.3241669,"restaurant, food, point_of_interest, establishment",A
Glorious Restaurant,"93, Alimosho road, alaguntan bus stop, opposite nepa office, Lagos",6.611581,3.3009631,"restaurant, food, point_of_interest, establishment",A
Par Jay's flavour,"J865+5FF, Lagos",6.610452,3.3086856,"restaurant, food, point_of_interest, establishment",A
Iya Calabar Kitchen,"18 Ajakaiye St, Ikeja",6.607036,3.3264645,"restaurant, food, point_of_interest, establishment",A
Think up kitchen,"83 Shasha Rd, Ikeja",6.600819,3.3091677,"restaurant, food, point_of_interest, establishment",A
Nnebufine Restaurants,Lagos,6.601175,3.3098065,"restaurant, food, point_of_interest, establishment",A
Ariya Food Canteen,Ikeja,6.600695,3.3377763,"restaurant, food, point_of_interest, establishment",A
Mama Cass Restaurant,"6 Ogunsiji Cl, Ikeja",6.605316,3.353788,"restaurant, food, point_of_interest, establishment",A
Mealstickk Foods | Shawarma | Noodles,"13 Kudirat Abiola Way, Ikeja",6.608632,3.3557183,"restaurant, food, point_of_interest, establishment",A
Road House Restaurant,"30a Afolabi Aina St, Ikeja",6.607456,3.3500093,"restaurant, food, point_of_interest, establishment",A
Mama's Pot,"44 Oritshe St, Ikeja",6.604162,3.3470751,"restaurant, food, point_of_interest, establishment",A
GoodFood,"23 Akin Osiyemi Street, Off Allen Ave, Ikeja",6.603533,3.3538324,"restaurant, food, point_of_interest, establishment",A
Vegans Kitchen,"61 Allen Ave, opposite first Bank, Ikeja",6.60243,3.3513583,"restaurant, food, point_of_interest, establishment",A
Iya joy affordable restaurant,"190 Allen Ave, Ikeja",6.605921,3.349923,"restaurant, food, point_of_interest, establishment",A
Mama Mayowa Restaurant,"117 Obafemi Awolowo Wy, Ikeja",6.60681,3.3485004,"restaurant, food, point_of_interest, establishment",A
Restaurant 'D' Precious,"No 78 Allen Ave, Ikeja",6.603732,3.3512884,"restaurant, food, point_of_interest, establishment",A
Corporate Buka Restaurant,"1st Floor, 33 Toyin St, Ikeja",6.595954,3.352327,"restaurant, food, point_of_interest, establishment",A
Original Calabar Food,"46 Allen Ave, Ikeja",6.600424,3.3526967,"restaurant, food, point_of_interest, establishment",A
Iya segun restaurant,"3-25 Agboola Aina St, Ikeja",6.599912,3.3493195,"restaurant, food, point_of_interest, establishment",A
Hundreds Chinese Restaurant,"43 Toyin St, Ikeja",6.595836,3.3538853,"restaurant, food, point_of_interest, establishment",A
Lickers Restaurant Ikeja,"5, Olayinka Bamgbose Street, by Unity Junction, Off Toyin St, Ikeja",6.59607,3.3456265,"restaurant, food, point_of_interest, establishment",A
Tummy’s delight place,"Majekodunmi St, Ikeja",6.597928,3.3521772,"restaurant, food, point_of_interest, establishment",A
Night Rush,"24 Ogunmodede St, Lagos",6.6051,3.3532109,"restaurant, food, point_of_interest, establishment",A
Afefeyeye Restaurant and Bar,"41 Ogundana St, Lagos",6.603419,3.35623,"restaurant, food, point_of_interest, establishment",A
J5 Restaurant & Bar,"11 Odewale Street, Off Kudirat Abiola Way, Ikeja",6.609851,3.3558076,"restaurant, food, point_of_interest, establishment",A
Food,"J927+6JV, Lagos NG, Ibijoke St, Ikeja",6.600598,3.3640501,"restaurant, food, point_of_interest, establishment",A
Gremo Food Boutique,"Plot 9, 11 C M D Rd, Ikeja",6.607321,3.3732075,"restaurant, food, point_of_interest, establishment",A
Amber Lagos Restaurant and Lounge/ White Stone Event Center,"3 Billings Way, Ikeja",6.609299,3.3602456,"restaurant, food, point_of_interest, establishment",A
Iya Jamiu Food Canteen,"102 Aladelola Street, Lagos",6.608332,3.3786454,"restaurant, food, point_of_interest, establishment",A
Eat Right Restaurant,"Owode-Onirin, Shop 5/6 Bola Kazeem Street, Ikorodu Rd, Lagos",6.61038,3.3759078,"restaurant, food, point_of_interest, establishment",A
Chioma Restaurant,"26 Jimoh Balogun St, Lagos",6.605402,3.3755916,"restaurant, food, point_of_interest, establishment",A
Kobis Foods Oregun,"Lagos NG, 18/20 Kudirat Abiola Way, Ikeja",6.602525,3.3630908,"restaurant, food, point_of_interest, establishment",A
Spice Rack -Catering services/Restaurants -Lagos,"41A Aladelola Street, Lagos",6.60308,3.3805645,"restaurant, food, point_of_interest, establishment",A
Chicken Republic - Magodo,"C M D Rd, beside First Bank, Lagos",6.609018,3.3718304,"restaurant, food, point_of_interest, establishment",A
Ogo Oluwa Food Canteen,"Off Arowolo Street, Along Aniyanrin Road, Mile 12, 1 Adebayo St, Lagos",6.598176,3.3879056,"restaurant, food, point_of_interest, establishment",A
ADEFUNKE Oluwatosin Restaurant,"32 JAKANE WAY, OWU IKOSI, LAGOS, Ikosi Street, Lagos",6.600516,3.3831003,"restaurant, food, point_of_interest, establishment",A
Comfort Restaurant,"29 Jimoh Balogun St, Lagos",6.605535,3.3768263,"restaurant, food, point_of_interest, establishment",A
Dada Food,"J77V+HWH, Shotunde St, Lagos",6.613957,3.294818,"restaurant, food, point_of_interest, establishment",A
Mahafelos Foods And Catering Services,"Pleasure Bus Stop, 7 Alhaji Adediran St, Lagos",6.620496,3.2980725,"restaurant, food, point_of_interest, establishment",A
MAUHEZ KITCHEN,"57 Alimosho Rd, Lagos",6.610886,3.3012976,"restaurant, food, point_of_interest, establishment",A
AS-E-DEY-HOT FOOD RESTAURANT,"Chief J. Adebayo St, Lagos",6.619181,3.2985867,"restaurant, food, point_of_interest, establishment",A
Great Tasty Food,Agbado,6.617012,3.2977551,"restaurant, food, point_of_interest, establishment",A
ijeoma Restaurant,"4 Modupe-Ola St, Lagos",6.615907,3.2989088,"restaurant, food, point_of_interest, establishment",A
Deposh foods,"58 Akowonjo Rd, Lagos",6.600061,3.2962095,"restaurant, food, point_of_interest, establishment",A
Olason Executive Kitchen,"Ipaja Rd, Lagos",6.618378,3.2993048,"restaurant, food, point_of_interest, establishment",A
Meragold,"40 Idimu Rd, Okunola Rd, Lagos",6.597674,3.2895107,"restaurant, food, point_of_interest, establishment",A
Twins Mother Food Canteen,"17 Oyinlola St, Lagos",6.60159,3.3077826,"restaurant, food, point_of_interest, establishment",A
Meshai Noodles Joint,"J88C+929, Adetona St, Lagos",6.615922,3.3201081,"restaurant, food, point_of_interest, establishment",A
Iya OYO Food,"18 Alfa Nla Rd, Lagos",6.620011,3.3204399,"restaurant, food, point_of_interest, establishment",A
Taste Right Grills,"44 Sebiotimo St, Lagos",6.612989,3.3262807,"restaurant, food, point_of_interest, establishment",A
Lifestyle Restirant,"J848+MR9, Lagos",6.606689,3.3170879,"restaurant, food, point_of_interest, establishment",A
"One Love, Dopemu","85 Surulere Rd, Lagos",6.611559,3.3115652,"restaurant, food, point_of_interest, establishment",A
Iya Taju Food Canteen,"J88G+356, Babayomi Ln, Lagos",6.615159,3.3253988,"restaurant, food, point_of_interest, establishment",A
JUST INDOMIE,"J86H+35C, Sebiotimo St, Lagos",6.610186,3.3278228,"restaurant, food, point_of_interest, establishment",A
Tanta Taste,"J866+JH4, Dopemu Rd, Lagos",6.611514,3.3114435,"restaurant, food, point_of_interest, establishment",A
Ars fast food oniwaya road,"56 complex Oniwaya Rd, Agege",6.61766,3.3202901,"restaurant, food, point_of_interest, establishment",A
1005FOODHUB,"601 Agege Motor Rd, Lagos",6.602936,3.3323948,"restaurant, food, point_of_interest, establishment",A
Ola Shehu Amala Restaurant,"J8CR+2C5, opposite Agege Stadium Complex, Lagos",6.620086,3.3410075,"restaurant, food, point_of_interest, establishment",A
FOODCITY IKEJA,"Lagos NG, 22 Oba Akran Ave, Ikeja",6.59941,3.3399523,"restaurant, food, point_of_interest, establishment",A
Food Major,"11 Ladipo Oluwole St, Ikeja",6.614703,3.342834,"restaurant, food, point_of_interest, establishment",A
Dapo's Grill,"2 Akilo Rd, opposite First Aluminum, Lagos",6.618083,3.336617,"restaurant, food, point_of_interest, establishment",A
ADOGAN RESTAURANT,"25 Ladipo Oluwole St, off Adeniyi Jones, Ikeja",6.614492,3.3449723,"restaurant, food, point_of_interest, establishment",A
Temides kitchen,Lagos,6.60966,3.343674,"restaurant, food, point_of_interest, establishment",A
Indomie Cafe Jara Mall,"22 Simbiat Abiola Way, Lagos",6.591928,3.339004,"restaurant, food, point_of_interest, establishment",A
Happy hour food and shawarma,"66 Adeniyi Jones, Ikeja",6.614542,3.346232,"restaurant, food, point_of_interest, establishment",A
Blessing Food Canteen,"13 Fadeyi St, Ikeja",6.598662,3.344277,"restaurant, food, point_of_interest, establishment",A
Joyce Restaurant,"3 Matthew St, Lagos",6.617846,3.3317069,"restaurant, food, point_of_interest, establishment",A
Sunrice Chinese Restaurant,"32 Aromire Ave, Ikeja",6.610241,3.3460923,"restaurant, food, point_of_interest, establishment",A
"Extra ""O"" Restaurant","20 Akinremi St, Ikeja",6.5983,3.3374974,"restaurant, food, point_of_interest, establishment",A
MAMA D FOOD CANTEEN,"No 13, bashiru oweh street ikeja opposite Lagos city polytechnic, Ikeja lagos",6.594493,3.3370152,"restaurant, food, point_of_interest, establishment",A
West - End Restaurant,"3 Seriki Aro Ave, Ikeja",6.598466,3.3412343,"restaurant, food, point_of_interest, establishment",A
FoodNow (Balog Food),"43 Adeniyi Jones, Ikeja",6.609412,3.3435237,"restaurant, food, point_of_interest, establishment",A
Ngozi Fyne Legs Foodstop Restaurant,"1 Seidu Ajibowu St, Ikeja",6.597725,3.3446371,"restaurant, food, point_of_interest, establishment",A
Amor food,"17 oladosu street off toyin ikeja, Lagos",6.595813,3.3449274,"restaurant, food, point_of_interest, establishment",A
Nasareth Restaurant,"Off Awolowo Road, 6 Shanu St, Ikeja",6.598833,3.3419958,"restaurant, food, point_of_interest, establishment",A
Iya Ebun Restaurant,"J963+Q2M Surveyor General, Obafemi Awolowo Wy, Lagos",6.611951,3.352548,"restaurant, food, point_of_interest, establishment",A
Casper & Gambini's,"Ikeja City Mall, Obafemi Awolowo Wy, Ikeja",6.61394,3.3570182,"restaurant, food, point_of_interest, establishment",A
norma,"6 kafi street Alausa Ikeja, 6 Kafi St, Lagos",6.61344,3.3568962,"restaurant, food, point_of_interest, establishment",A
Uptown restaurant,"17 NERDC Rd, Ojodu",6.620052,3.3566631,"restaurant, food, point_of_interest, establishment",A
Pallet Restaurant and Bar,"25 adeyemi odukomaiya street, Ikosi isheri lcda, Lagos",6.614378,3.3728159,"restaurant, food, point_of_interest, establishment",A
Ticklers Fast Food,"FUNPLEX RESORT/Ticklers, besides Centre for Management Development(CMD CMD road, Shangisha, Ketu Lagos, Ketu, Lagos",6.6139,3.3693192,"restaurant, food, point_of_interest, establishment",A
Sensible Delicacies,"Phase 2, 8 Dipo Awolesi St, Lagos",6.617372,3.3730138,"restaurant, food, point_of_interest, establishment",A
"Okele Restaurant, Magodo Branch","28-32 Adekunle Banjo Ave, Lagos",6.614179,3.3717601,"restaurant, food, point_of_interest, establishment",A
Toksfood,"10 adeyemi odukomaya street by femi ogun junction shangisha, Lagos",6.613585,3.3735333,"restaurant, food, point_of_interest, establishment",A
De Tastee Fried Chicken,"21 Opebi Rd, Ikeja",6.592344,3.3591456,"restaurant, food, point_of_interest, establishment",A
01MANDARIN CHINESE TAKEAWAY MAGODO,"47 Adekunle Banjo Ave, Lagos",6.613656,3.3723972,"restaurant, food, point_of_interest, establishment",A
Gbayike food court,"4 Olaiya Street Ikeja, Oregon",6.611111,3.357332,"restaurant, food, point_of_interest, establishment",A
Banyan Garden,"5 Opebi Rd, Ikeja",6.59522,3.3562123,"restaurant, food, point_of_interest, establishment",A
Food Box,"Pentagon Plaza 23 Opebi, Road1, Ikeja",6.593578,3.3580824,"restaurant, food, point_of_interest, establishment",A
Kronos Cafe,"11b Moradeun Alabi Cres, Lagos",6.6174,3.3703443,"restaurant, food, point_of_interest, establishment",A
Hadijah Food Cateen And Catering Services,"J97M+WPR, cele bus stop, Lagos",6.614863,3.3842526,"restaurant, food, point_of_interest, establishment",A
Bukalicious Restaurant,"8 Cmd Road, Ikeja",6.612359,3.3711482,"restaurant, food, point_of_interest, establishment",A
Mama G Restaurant,"avenue,51 road,opp navy block,custom junction, gowon estate, Lagos",6.613356,3.3823196,"restaurant, food, point_of_interest, establishment",A
ABK RESTAURANT,"20c Dada St, Ikeja",6.610879,3.3946501,"restaurant, food, point_of_interest, establishment",A
Eat Well Restaurant,"5 numi oluwo street mile12, Mile12",6.615509,3.3999853,"restaurant, food, point_of_interest, establishment",A
Sebotimo Food Canteen Agege,"29 Ashipa St, Lagos",6.628215,3.3137844,"restaurant, food, point_of_interest, establishment",A
Aroma Cuisine Restaurant,"68, Akinola Road, Aboru Iyana, Lagos",6.627405,3.2892008,"restaurant, food, point_of_interest, establishment",A
Amala Reloaded Restaurant,"56 Amoo street beside mat house opp olohunkemi mosque okekoto agege Agege, Lagos",6.627793,3.3161138,"restaurant, food, point_of_interest, establishment",A
Family Restaurant,"J7FW+2X6, Off Abeokuta Express Way, Alimosho, Bakare Jafojo St, Lagos",6.622529,3.2973744,"restaurant, food, point_of_interest, establishment",A
G - Restaurant,"6 Bola Ayeni St, Lagos",6.625495,3.3107244,"restaurant, food, point_of_interest, establishment",A
Mamakay Food Canteen,Lagos,6.625078,3.3122941,"restaurant, food, point_of_interest, establishment",A
Mummy P's Calabar Kitchen,"Off Akpotikuyó, Idi-Ope, iyana ipaja bus stop, Iyana Ipaja, Lagos",6.619973,3.3046369,"restaurant, food, point_of_interest, establishment",A
Fingerlicking Restaurants,"Mobil Filling Station Abekoko Bus Stop, beside NYSC Orientation Camp, Lagos",6.625252,3.3053572,"restaurant, food, point_of_interest, establishment",A
DG Restaurant & Bar,"1 Alafia St, Lagos",6.622041,3.3033408,"restaurant, food, point_of_interest, establishment",A
Finger Of God Food Restaurant,"J8C2+2XR, Irepodun Street, Ikeja",6.620103,3.3023971,"restaurant, food, point_of_interest, establishment",A
Valueline Restaurant,"20 Markaz Rd, Lagos",6.621892,3.3161105,"restaurant, food, point_of_interest, establishment",A
ERON'S RESTAURANT AND BAR,"6 alaguntan street, Ipaja Rd, Lagos",6.625048,3.3084235,"restaurant, food, point_of_interest, establishment",A
Madef Kitchen,"J8FF+3JM, AP B/Stop, Agege, Agege Motor Rd, Lagos",6.622711,3.3240405,"restaurant, food, point_of_interest, establishment",A
Ebun - Oluwa Food Canteen Ijaye Lagos,"J8FH+P3P, Off Moshalashi Alh, Ijaiye Rd, Lagos",6.624337,3.3277036,"restaurant, food, point_of_interest, establishment",A
Home Taste Food And Drink Restaurant,"Opposite Total Filling Station, 99A Old Abeokuta Rd, Ikeja",6.626872,3.3228769,"restaurant, food, point_of_interest, establishment",A
Sonia Restaurant & Bar,"No 10 Agunbiade St, Lagos",6.626566,3.320647,"restaurant, food, point_of_interest, establishment",A
Lady Mk Restaurant,"J8CH+FHQ, Road, Lagos",6.621206,3.3289795,"restaurant, food, point_of_interest, establishment",A
Divine Food Concepts,"1 Adedosu St, Lagos",6.62242,3.3353102,"restaurant, food, point_of_interest, establishment",A
Iyehoo food & fun,"Ogundana junction, Allen Ave, Ikeja",6.601111,3.3521997,"restaurant, food, point_of_interest, establishment",A
Mega Chicken,"First Gate, Ikeja",6.626143,3.3535281,"restaurant, food, point_of_interest, establishment",A
UNCLE FEED ME MORE RESTAURANT,"Opposite fester Nigeria limiter , plot 7 , First Gate, Agidingbi Ikeja, Lagos",6.623138,3.356525,"restaurant, food, point_of_interest, establishment",A
724 Restaurant And Bar,"NERDC Rd, Lagos",6.622391,3.3568453,"restaurant, food, point_of_interest, establishment",A
Dolphin Restaurant,"85 Allen Ave, Ikeja",6.603741,3.350591,"restaurant, food, point_of_interest, establishment",A
Airport Hotel Dinner Restaurant a.k.a Busy Mouth,"No 148 Obafemi Awolowo Wy, Lagos",6.605157,3.3472898,"restaurant, food, point_of_interest, establishment",A
Kulture Yard,"2b Abba Johnston Crescent, Adeniyi Jones, Ikeja",6.617649,3.3465431,"restaurant, food, point_of_interest, establishment",A
Foodville Eat and Takeaway Limited,"530A Aina Akingbala St, Ikeja",6.629578,3.3710091,"restaurant, food, point_of_interest, establishment",A
Danfo Bistros & Dives,"Ikeja City Mall, Ojodu",6.614715,3.3554951,"restaurant, food, point_of_interest, establishment",A
A B C Shop,"5 Ikosi Street, Lagos",6.600427,3.3829931,"restaurant, food, point_of_interest, establishment",A
Quick Chef,"Libra 10, 9 Association Ave, Lagos",6.615735,3.3725933,"restaurant, food, point_of_interest, establishment",A
Fresh Chow,"32 ikosi road, 8 Ikosi Street, Ajayi St, Lagos",6.600244,3.3897483,"restaurant, food, point_of_interest, establishment",A
Ofada & Abula Special,"4A Alh. Basheer Shittu Ave, Lagos",6.618432,3.3670114,"restaurant, food, point_of_interest, establishment",A
Delicious Food Canteen,"J9HG+F44, Old Olowora Rd, Lagos",6.628649,3.3753358,"restaurant, food, point_of_interest, establishment",A
Jumax Bistro,"2 Irepodun St, Lagos",6.6133,3.3765649,"restaurant, food, point_of_interest, establishment",A
Chicken Republic - Omole GRA,"Isaac Omole St, Lagos",6.627964,3.378685,"restaurant, food, point_of_interest, establishment",A
Nourish By Adunni Restaurant,"7, 9 Kudirat Abiola Way, Ikeja",6.601572,3.36335,"restaurant, food, point_of_interest, establishment",A
fedlicious,"Femi Odutayo St, Kosofe",6.623442,3.3923865,"restaurant, food, point_of_interest, establishment",A
Caste Kitchen,"36 Abayomi owulade street, Magodo St, Lagos",6.613888,3.3827921,"restaurant, food, point_of_interest, establishment",A
Ifeoluwa food canteen,"Orishigun St, Lagos",6.602465,3.3917415,"restaurant, food, point_of_interest, establishment",A
Norma,"49 Adekunle Banjo Ave, Lagos",6.613975,3.3721917,"restaurant, food, point_of_interest, establishment",A
Rukash Restaurant and Grill,"34 Bashiru Shittu Ave, Lagos",6.622658,3.3805289,"restaurant, food, point_of_interest, establishment",A
Thank GOD Restaurant,"Mile 12, 6 Oniyanrin St, Lagos",6.609107,3.3970116,"restaurant, food, point_of_interest, establishment",A
Tspicies Restaurant,"28-32 Adekunle Banjo Ave, Lagos",6.614581,3.3715752,"restaurant, food, point_of_interest, establishment",A
Tolulope Deborah Restaurant,"MILE 12, 4 Phillip Onashile St, Lagos",6.60342,3.3959758,"restaurant, food, point_of_interest, establishment",A
BAO food canteen,"20 Balogun St, beside Ago house, Lagos",6.633269,3.3092742,"restaurant, food, point_of_interest, establishment",A
Muhammed Food Canteen,"8 Orile Rd, Oshobu St, Lagos",6.630086,3.3176602,"restaurant, food, point_of_interest, establishment",A
6:45 restaurant,"12 Oduwale St, Lagos",6.631577,3.3117619,"restaurant, food, point_of_interest, establishment",A
MamaDoGood Restaurants,"1 Alhahja Sifau Street, Dopemu Rd, Ikeja",6.617687,3.3130739,"restaurant, food, point_of_interest, establishment",A
Portable Restaurant,"Off Ogundare Street, 65 Orile Rd, Lagos",6.631089,3.3147652,"restaurant, food, point_of_interest, establishment",A
Iya Alimo Restaurant,"Ice - Epo B/Stop, Iyana Ipaja, 405 Abeokuta Expy, Lagos",6.632132,3.3005709,"restaurant, food, point_of_interest, establishment",A
Confident food canteen,"19 Orile Rd, Lagos",6.631111,3.3184651,"restaurant, food, point_of_interest, establishment",A
Allahu Lateef Food Canteen,"24 Old Otta Rd, Lagos",6.634983,3.3014901,"restaurant, food, point_of_interest, establishment",A
God's Time Restaurant,"80 Old Otta Rd, Lagos",6.634061,3.3058692,"restaurant, food, point_of_interest, establishment",A
God First Food Canteen,"49 Oko-Oba Rd, Lagos",6.636578,3.3127945,"restaurant, food, point_of_interest, establishment",A
Mb Small chops,"Kushoro Street, Lagos",6.623021,3.3101377,"restaurant, food, point_of_interest, establishment",A
Mario’s Grills,"96 Old Otta Rd, Lagos",6.635078,3.301345,"restaurant, food, point_of_interest, establishment",A
Golden Mother Food Canteen,"32 Oko-Oba Rd, Lagos",6.635099,3.312081,"restaurant, food, point_of_interest, establishment",A
Izundu Restaurant,"25 PIPELINE OKE-ODO, ILE-EPO B/STOP lagos, Lagos",6.637918,3.2936233,"restaurant, food, point_of_interest, establishment",A
D. Glam Kitchen,"J8G8+2QW, Sofunde St, Lagos",6.625093,3.3169936,"restaurant, food, point_of_interest, establishment",A
Vee palace,"28 Oko-Oba Rd, Lagos",6.634885,3.3119253,"restaurant, food, point_of_interest, establishment",A
Olaoluwa Kitchen,"65 Iju Rd, Lagos",6.631771,3.3237191,"restaurant, food, point_of_interest, establishment",A
Momzsoul Food,"No. 3, Funsho Adigun Close, Iju Ishaga Rd, Lagos",6.630517,3.3242552,"restaurant, food, point_of_interest, establishment",A
Rapid Meals,"J8JH+CCX, Lagos",6.630696,3.328428,"restaurant, food, point_of_interest, establishment",A
Favourite Food Canteen,"10 Ibari St, Lagos",6.632001,3.3243587,"restaurant, food, point_of_interest, establishment",A
Tunmisay enterprises,"J8HF+P2R, Lagos",6.629368,3.3225008,"restaurant, food, point_of_interest, establishment",A
OVILIZ KITCHEN,"54, Alimosho road, Old Ipaja Rd, Lagos",6.612995,3.2995038,"restaurant, food, point_of_interest, establishment",A
Kafayat Bolanle Restaurant,"90 Powerline Rd, Lagos",6.633559,3.307867,"restaurant, food, point_of_interest, establishment",A
Iya Friday Food Canteen,"23 Iju Rd, Lagos",6.628652,3.3247613,"restaurant, food, point_of_interest, establishment",A
Native Pot Restaurant,"19 Olufemi Ogunsola St, Lagos",6.633506,3.3372401,"restaurant, food, point_of_interest, establishment",A
Mummy Kay Foods,"31 Lagos St, Lagos",6.623434,3.3340209,"restaurant, food, point_of_interest, establishment",A
Yetmeal food canteen,"23 Yaya Abatan Rd, Agege",6.636026,3.3407188,"restaurant, food, point_of_interest, establishment",A
Mr Somebody Food Bele Center,"J8PV+JXV, Isheri Rd, Lagos",6.636599,3.3449744,"restaurant, food, point_of_interest, establishment",A
Sweet Sensation Restaurant,"Ogba Bus Stop, 11(24) Ijaiye Rd, Lagos",6.630185,3.3382135,"restaurant, food, point_of_interest, establishment",A
Family & Friends Restaurant,"8 Shonola St, Lagos",6.636445,3.344449,"restaurant, food, point_of_interest, establishment",A
Eseosafoodies,"6 ogunusi road omolephase 1 lagos, Ikeja",6.635977,3.3543569,"restaurant, food, point_of_interest, establishment",A
Saudi Food Palace Limited,"18 Lateef Jakande Rd, Lagos",6.63428,3.3538048,"restaurant, food, point_of_interest, establishment",A
COAH Lagos,"Plot 19 Lateef Jakande Road Ikeja, Lagos",6.634452,3.3535532,"restaurant, food, point_of_interest, establishment",A
Aralawo food canteen supply,"15 Shoyemi Street, Maidon Orile ketu lagos, Lagos",6.637595,3.3531549,"restaurant, food, point_of_interest, establishment",A
Mealfield catering service,"4 Baale Street, Ojodu",6.635125,3.3581752,"restaurant, food, point_of_interest, establishment",A
Ahmiespicy kitchen n grills,"9 Adeyemo Akapo St, Ikeja",6.637143,3.3562575,"restaurant, food, point_of_interest, establishment",A
Factus Foods,"2 Babatunde Ladega St, Ojodu",6.634914,3.3546059,"restaurant, food, point_of_interest, establishment",A
Dazzlefresh Nigeria,"Micheal, Michael Otedola Jubilee Estate, 57b Micheal Olawale Cole St, Lagos",6.630165,3.365942,"restaurant, food, point_of_interest, establishment",A
Ten 05 Restaurant,"108 Ogunnusi Rd, Ikeja",6.638956,3.3628114,"restaurant, food, point_of_interest, establishment",A
Sizzling Foodstop,"J8JW+WG3, Odusami St, Lagos",6.632239,3.3462017,"restaurant, food, point_of_interest, establishment",A
Best Friend Pitch & Restaurant,"12 Agbedina Ave, Isheri-Olowo-Ira/Shangisha/Magodo Phase I & II",6.635353,3.3786509,"restaurant, food, point_of_interest, establishment",A
check mate restaurant,"J9P6+342, Lagos",6.63513,3.3602677,"restaurant, food, point_of_interest, establishment",A
Flazzy Meal,"6 Debo Aina Cross, Lagos",6.635741,3.3598507,"restaurant, food, point_of_interest, establishment",A
Lagos state secretariat staff canteen,"7 Unity Road, Lagos",6.616062,3.3599751,"restaurant, food, point_of_interest, establishment",A
Chili's Food Condiments Nig Ltd.,"7 Rasheed Alatishe St, Lagos",6.637533,3.3823945,"restaurant, food, point_of_interest, establishment",A
Sycamore by Onebasket,"30a Bashiru Shittu Ave, Lagos",6.620785,3.3697055,"restaurant, food, point_of_interest, establishment",A
De Tastee Fried Chicken,"Capital Oil Filling Station, Omole Phase 11, Berger Ojodu, Lagos",6.634662,3.3676248,"restaurant, food, point_of_interest, establishment",A
Avalanche Restaurant Bar & Lounge,"Bamako St, Ikeja",6.637489,3.354701,"restaurant, food, point_of_interest, establishment",A
Mafris Restaurants and bar,"10 Alhaja Ashabi cole street Ikeja, Lagos",6.621135,3.3549724,"restaurant, food, point_of_interest, establishment",A
1812,"Shop L83 Ikeja City Mall Alausa Ikeja, Lagos",6.61443,3.3579046,"restaurant, food, point_of_interest, establishment",A
Red skillet,"21 Emmanuel Keshi St, Lagos",6.618673,3.3786339,"restaurant, food, point_of_interest, establishment",A
Geebee delicious meals,"Phase 1, 7 Alhaji Akeem Odumosu Crescent, olowora, Magodo Ojodu, Lagos",6.637987,3.3853022,"restaurant, food, point_of_interest, establishment",A
Tasty Delight Kitchen,"37 Ogunsona Cres, Lagos",6.629293,3.3831374,"restaurant, food, point_of_interest, establishment",A
linch cuisine,"Magodo phase 1, Lagos",6.637073,3.383882,"restaurant, food, point_of_interest, establishment",A
Marcky's Tasty Corner Indomie Spot,"1 Powerline St, off Adeteju Street, Lagos",6.635124,3.3796095,"restaurant, food, point_of_interest, establishment",A
Kenlolly Cuisine,"17, Abiodun olushola street Ikosi - isheri, Magodo estate, Lagos",6.622118,3.3834984,"restaurant, food, point_of_interest, establishment",A
Valentine Chicken Lagos,"Ikosi LGA, Magodo GRA phase II Shangisha, Ikeja",6.614012,3.3740594,"restaurant, food, point_of_interest, establishment",A
Amala Tiwa,"1 Adetuberu St, Lagos",6.628599,3.3795338,"restaurant, food, point_of_interest, establishment",A
Toastgate,"Isheri street Ikeja, Lagos",6.636198,3.3742217,"restaurant, food, point_of_interest, establishment",A
Spotta suites,"J9PP+59G, Magodo, Lagos",6.635254,3.385988,"restaurant, food, point_of_interest, establishment",A
Chef venus sekodun bukateria,"1 Association Ave, Lagos",6.615286,3.3720263,"restaurant, food, point_of_interest, establishment",A
Nkechi Olobe,"Local Government, 61, Adekunle Banjo Avenue, off CMD Road, Ikosi Street, Lagos",6.611216,3.3735434,"restaurant, food, point_of_interest, establishment",A
Gladyswok,"15 Sebastian St, Lagos",6.613305,3.3727373,"restaurant, food, point_of_interest, establishment",A
Amazing Grace restaurant,"Ayodele Fanoiki St, Magodo St, Kosofe",6.632983,3.3877525,"restaurant, food, point_of_interest, establishment",A
Afolashade Restaurant,"32 Association Ave, Lagos",6.617522,3.3753086,"restaurant, food, point_of_interest, establishment",A
Destiny Restaurant,"16 Samuel Olabode Street, Lagos",6.638092,3.3779899,"restaurant, food, point_of_interest, establishment",A
Ultimate Restaurant,"Mile 12, 11 Ibikunle Street, Lagos",6.607725,3.3991686,"restaurant, food, point_of_interest, establishment",A
Ticklers Restaurant & Bakery,"The Grant Suites Hotel (former CMD guest house, Ikeja",6.614789,3.369949,"restaurant, food, point_of_interest, establishment",A
"Kalabash Native Restaurant, Bar & Grill","31, Adetoro Adelaja Street, Magodo, Lagos",6.618843,3.3859286,"restaurant, food, point_of_interest, establishment",A
Hot-spot Restaurant,"1b Association Avenue, Sangisa, Lagos",6.615376,3.3720677,"restaurant, food, point_of_interest, establishment",A
Jaiyeola foods,"41 Oladoje St, opposite nurtw Office, Agege",6.642204,3.314961,"restaurant, food, point_of_interest, establishment",A
Tebee native food,"Plot 6 Alexander Street, old oko oba, Oko Oba",6.642294,3.3107601,"restaurant, food, point_of_interest, establishment",A
Glammy's Restaurant and Bar,"132, Carpentar B/stop, Ekoro Road, Abule-Egba, Lagos, Abule-Egba, Lagos",6.645049,3.2911586,"restaurant, food, point_of_interest, establishment",A
Chuks Restaurant,"6F Oko-Oba Rd, Lagos",6.637902,3.3127286,"restaurant, food, point_of_interest, establishment",A
UVO FOOD,"5 Taqwa Cres, Lagos",6.64172,3.3247561,"restaurant, food, point_of_interest, establishment",A
Boluwatife Food Canteen,"7 Iju Rd, Lagos",6.643127,3.3238159,"restaurant, food, point_of_interest, establishment",A
JollyBellyPlace,"1 Adekoya St, Lagos",6.642394,3.3285232,"restaurant, food, point_of_interest, establishment",A
Do Good Restaurant,"J8VF+48W, Iju Rd, Lagos",6.642864,3.323312,"restaurant, food, point_of_interest, establishment",A
Jekoyo Restaurants,"68 Iju Rd, Lagos",6.644302,3.323604,"restaurant, food, point_of_interest, establishment",A
Madef Kitchen,"Adjacent AP Petrol Station, 1 Old Ipaja Rd, Lagos",6.62682,3.3175286,"restaurant, food, point_of_interest, establishment",A
Mama Bolu Restaurant,"21 Kasumu St, Lagos",6.625696,3.3211861,"restaurant, food, point_of_interest, establishment",A
God Grace Restaurant,"J89C+X3R, Alfa Nla Rd, Lagos",6.619982,3.3201254,"restaurant, food, point_of_interest, establishment",A
Chicken Republic,"Adegbola, 46 Oyemekun St, Lagos",6.636091,3.3294712,"restaurant, food, point_of_interest, establishment",A
The Bazaar Indian Restaurant,"By Abioye St, Lagos",6.641061,3.3337373,"restaurant, food, point_of_interest, establishment",A
FOOD PREFECT VENTURES,"1 itaji street off haruna street off college road ifako ijaye, Lagos",6.643627,3.335869,"restaurant, food, point_of_interest, establishment",A
Gamavah Kitchen,"1A Adeshina Cl, Coker Rd, off College Road, Ikeja",6.638852,3.3283265,"restaurant, food, point_of_interest, establishment",A
Iya Kan Food Canteen,"off College road, 30b Alh.Haruna St, Lagos",6.642819,3.3354919,"restaurant, food, point_of_interest, establishment",A
F &J spicy grills services,"7,olatokun street,iju ishaga ogba, Lagos",6.637038,3.3237699,"restaurant, food, point_of_interest, establishment",A
Ofada Dabule,"Ofada, Orile, 14 Omoroga St, Lagos",6.637848,3.3108798,"restaurant, food, point_of_interest, establishment",A
Iya Ibeji Food Canteen,"35 College Rd, Ojodu",6.639986,3.3320253,"restaurant, food, point_of_interest, establishment",A
Mercy's Place Restaurant,"2 Moyo Agoro St, Lagos",6.633159,3.3328931,"restaurant, food, point_of_interest, establishment",A
Good Manner Restaurant,"J8CM+278, Kajola St, Lagos",6.620052,3.3331892,"restaurant, food, point_of_interest, establishment",A
Friends Restaurant,Lagos,6.645732,3.3444676,"restaurant, food, point_of_interest, establishment",A
Food Junction,"J8RV+4WJ, Muyibi St, Ikeja",6.640338,3.344769,"restaurant, food, point_of_interest, establishment",A
Homemade Meals In Lagos (The Snail Specialz),"22 Olatunde Okebola close, College Rd, Lagos",6.640664,3.3462237,"restaurant, food, point_of_interest, establishment",A
Realsery Restaurant,"15 College Rd, Lagos",6.63734,3.3335949,"restaurant, food, point_of_interest, establishment",A
Debbina Food And Pasteries,"J9V2+G5J, Lagos",6.643885,3.3503416,"restaurant, food, point_of_interest, establishment",A
Calabar Food (Masyer's Kitchen,"1 Ashabi Cole St, Ikeja",6.620272,3.3531182,"restaurant, food, point_of_interest, establishment",A
"The Place Restaurant, Ogba","31 Ogunnusi Street opposite airtel office Ikeja, Lagos",6.635594,3.3483714,"restaurant, food, point_of_interest, establishment",A
Cravings Halt,"Grammar school bustop, 30 Budland St, off Ogunnusi Road, Lagos",6.642538,3.356899,"restaurant, food, point_of_interest, establishment",A
"Okele Restaurant, OJODU","Grammar School, 76, Ogunusi Road Grammar School Bus Stop Ojodu Berger Lagos Ojodu, Lagos",6.639744,3.3579063,"restaurant, food, point_of_interest, establishment",A
Chicken republic,"99 Isheri Rd, Lagos",6.638731,3.3604037,"restaurant, food, point_of_interest, establishment",A
Uncle Vinnie's Cafe,"J8GP+XC3 Rose Park, Lagos",6.62739,3.3360464,"restaurant, food, point_of_interest, establishment",A
Hajia Restaurant,"19 Olaleke Taiwo St, Ojodu",6.643454,3.3601153,"restaurant, food, point_of_interest, establishment",A
Equal Right Restaurant,"21 Oremeta Street, Ikeja",6.64181,3.3672841,"restaurant, food, point_of_interest, establishment",A
Village Dishes Restaurant,"Ojodu Berger, 48 Aina St, Ikeja",6.644478,3.3662725,"restaurant, food, point_of_interest, establishment",A
Ama - Dan Restaurant,"35 Ishola Bello St, Ikeja",6.640938,3.3540889,"restaurant, food, point_of_interest, establishment",A
Africana Restaurant,"17 Odozi St, Ikeja",6.646422,3.366346,"restaurant, food, point_of_interest, establishment",A
OFADA RICE SPECIAL,"16 Ogunnusi Road, Isheri Rd, Ikeja",6.640632,3.3672423,"restaurant, food, point_of_interest, establishment",A
Flash Food,Ojodu Berger,6.6404,3.3728145,"restaurant, food, point_of_interest, establishment",A
YERIYERI KITCHEN,"5 Mojisola Olusoga Cl, Ojodu, Ojodu Berger",6.643602,3.3739654,"restaurant, food, point_of_interest, establishment",A
King Restaurant,"LSPDC Estate ojodu berger, Lagos",6.647067,3.3741839,"restaurant, food, point_of_interest, establishment",A
Demi’s Delight,"Omofade Cres, Lagos",6.631895,3.356891,"restaurant, food, point_of_interest, establishment",A
Amala around the corner (choppables),"3 Akinsanya St, Ojodu",6.640159,3.3642928,"restaurant, food, point_of_interest, establishment",A
Ekemini Fast Food Plus,"Adonai Shopping Mall, 5 Channels TV Ave, Lagos",6.647877,3.3899015,"restaurant, food, point_of_interest, establishment",A
Jandzfoodies,"6 basiru street Ogunnusi Road beside Gtbank Ojodu berger, lagos Ojodu berger, Lagos",6.640226,3.3657521,"restaurant, food, point_of_interest, establishment",A
Iya amala,"Plot 13,Iya Amala, Channels TV Ave, opposite One Stop Wash, Lagos",6.642042,3.3912585,"restaurant, food, point_of_interest, establishment",A
KELVINO SPORT RESTURANT,"No 17,alhaji ajayii street ojodu Berger lagos, Berger",6.648007,3.372835,"restaurant, food, point_of_interest, establishment",A
3Dots kitchen,"6FR5J9WR+M8J, 5 ifo Ogun, Alagbado",6.647156,3.3908137,"restaurant, food, point_of_interest, establishment",A
Food,"Adonai shopping mall, 5 Channels TV Ave",6.640448,3.3992514,"restaurant, food, point_of_interest, establishment",A
ChawBox Bistro & Grills,"12 Alhaji Akeem Odumosu Cres, Lagos",6.63801,3.3855381,"restaurant, food, point_of_interest, establishment",A
Hero’s Kitchen and Groceries,"2 Adebowale Balogun Cres, Lagos",6.638679,3.3933914,"restaurant, food, point_of_interest, establishment",A
Asap Chops,"32 Adetoro Adelaja St, Lagos",6.620332,3.3851236,"restaurant, food, point_of_interest, establishment",A
City Grill,"26b Emina Crescent, 6 Ogun River Rd, magodo",6.637767,3.3794504,"restaurant, food, point_of_interest, establishment",A
Domdomspicies,"21 Moses Ogungbeye St, Lagos",6.62949,3.3738632,"restaurant, food, point_of_interest, establishment",A
Sweet Sensation,"2 Isheri Rd, Ojodu Berger",6.640023,3.3757394,"restaurant, food, point_of_interest, establishment",A
Choperholicsfoods,"25 Channels Tv Road Isheri, Berger , Lagos Berger, Lagos",6.640454,3.3948193,"restaurant, food, point_of_interest, establishment",A
5fingers chops & cocktails,"Block 47, Magodo, Plot 4 Chief Samuel Ajayi St, shangisha",6.622175,3.3840149,"restaurant, food, point_of_interest, establishment",A
Tiwa’n’ tiwa Amala place,"13 Old Olowora Rd, Lagos",6.637339,3.377802,"restaurant, food, point_of_interest, establishment",A
Sweet taste food,"58 charity road, Oko-Oba Rd, Lagos",6.652473,3.3106407,"restaurant, food, point_of_interest, establishment",A
Gourmet Junction Online Restaurant,"Progress College Rd, Lagos",6.650754,3.310175,"restaurant, food, point_of_interest, establishment",A
"The Food place, abule egba","Progress seafood,Abule egba bus stop Agbado oke odo, Lagos",6.649468,3.3040076,"restaurant, food, point_of_interest, establishment",A
grillsjunction,"68 Santos Ave, Lagos Mainland",6.654731,3.3071996,"restaurant, food, point_of_interest, establishment",A
Ibile Foods,"18 Lagos-Abeokuta Expy, beside Mobil Filling Station, Lagos",6.650517,3.3031023,"restaurant, food, point_of_interest, establishment",A
God's Time Restaurant,"M825+9R8, Charity Rd, Lagos",6.650924,3.3095675,"restaurant, food, point_of_interest, establishment",A
PassMeal Restaurant,"M822+R3J Yusuf estate, Lagos NG, express way, Abeokuta",6.652089,3.300145,"restaurant, food, point_of_interest, establishment",A
Ghana Food - Kenke/Donkunu,"Arowolo St, Lagos",6.651734,3.3021719,"restaurant, food, point_of_interest, establishment",A
Iya Ayo Food Canteen,"1, Charity Road, C&S Complex, Oko-Oba",6.648508,3.3077524,"restaurant, food, point_of_interest, establishment",A
vintage africana lagos restaurant,"6 William Elliot north str, dele adedugbe estate, oko oba, Lagos",6.657007,3.313542,"restaurant, food, point_of_interest, establishment",A
Glogun Ebi Food Carteen,"4 Ekoro Rd, Lagos",6.649407,3.3033815,"restaurant, food, point_of_interest, establishment",A
Chicken Republic,"M73X+J4P Oando Fillilng Station, Lagos",6.654106,3.2978439,"restaurant, food, point_of_interest, establishment",A
Helino kitchen and more,"4, Orile Agege road, off old Abeokuta motor road,Agege, Lagos",6.629642,3.3115118,"restaurant, food, point_of_interest, establishment",A
Muftau Femi Restaurant,"6 ADEOLA ADEFOLABI STR, Oko-Oba Rd, Lagos",6.653699,3.319078,"restaurant, food, point_of_interest, establishment",A
Tasty dishes restaurant and catering services,"3,Shobowale Street,awori abule egba, Ikeja",6.656853,3.3054851,"restaurant, food, point_of_interest, establishment",A
Ore Ofe Food Canteen,"152 Iju Rd, Lagos",6.651504,3.323392,"restaurant, food, point_of_interest, establishment",A
Amber's Delight Restaurant,"128 Iju Rd, Lagos",6.651666,3.3232904,"restaurant, food, point_of_interest, establishment",A
Damps Restaurant,"M84F+86M, Lagos",6.65584,3.3230678,"restaurant, food, point_of_interest, establishment",A
Success Restaurant,Ojokoro,6.655005,3.3187202,"restaurant, food, point_of_interest, establishment",A
Twin pearl tasty hub,"2 Ilobu St, Lagos",6.641405,3.3127387,"restaurant, food, point_of_interest, establishment",A
Ifesment chin chin,"M83H+W68, Daddy savage street, fagba bus stop iju road Ifako ijaiye local government area, Ikeja",6.654787,3.3280672,"restaurant, food, point_of_interest, establishment",A
@De crown tasty food and cake,"3 Onuorah Cl, Fagba St, off Daddy Savage Road, Lagos",6.656661,3.325344,"restaurant, food, point_of_interest, establishment",A
"Sebotimo Food Canteen Obawole, Ogba","65, Kajola Road Ifako Ijaiye, Lagos",6.656596,3.3343541,"restaurant, food, point_of_interest, establishment",A
Greencity Restaurant And Lounge,"70 apode street, off yakoyo saabo road, Lagos",6.654519,3.3546375,"restaurant, food, point_of_interest, establishment",A
Ruco's Kitchen,"Madonna Estate Ojodu, Ojodu Berger",6.650791,3.3513171,"restaurant, food, point_of_interest, establishment",A
Mama Opke Restaurant,"Power Line Rd, Lagos",6.653449,3.3489124,"restaurant, food, point_of_interest, establishment",A
FOOD HQ Ogba,"13 Ogunnusi Rd, opposite fidelity bank, Lagos",6.635359,3.3466886,"restaurant, food, point_of_interest, establishment",A
God Favour Restaurant,"6 Ola St, off Mobile bus-stop, Ojodu",6.650466,3.3439362,"restaurant, food, point_of_interest, establishment",A
OC ALLKINDS OF FOOD STUFFS,58 kajola road obawole ifako ijaye,6.64792,3.349681,"restaurant, food, point_of_interest, establishment",A
Essential Chef,"Nationwide, 1, Lagos",6.648196,3.3620132,"restaurant, food, point_of_interest, establishment",A
God Giving Restaurant,Ojodu,6.652467,3.3586908,"restaurant, food, point_of_interest, establishment",A
D-Aliez kitchen,"1759 Oluwole Ogba Community Est, Lagos",6.629345,3.3421105,"restaurant, food, point_of_interest, establishment",A
Lagos Chicken House,"1 Isheri Rd, Ikeja",6.635667,3.3539709,"restaurant, food, point_of_interest, establishment",A
Sebotimo Food Canteen,"M84Q+CG8, Oladire Street, Lagos",6.656047,3.3387201,"restaurant, food, point_of_interest, establishment",A
De Tastee Fried Chicken,"44A Ijaiye Rd, Lagos",6.631641,3.339707,"restaurant, food, point_of_interest, establishment",A
Peace Calabar Restaurant,"44 Ajayi Rd, Lagos",6.642135,3.3431514,"restaurant, food, point_of_interest, establishment",A
5-Min Treats,"23 Ebo St, Agege",6.650768,3.3677732,"restaurant, food, point_of_interest, establishment",A
ON IT,"4, 6 Adeyemo Akapo St, Omole Phase 1, Ikeja",6.636341,3.3574923,"restaurant, food, point_of_interest, establishment",A
Food on Point,"j&j, 10c Kings Ave, Lagos",6.651694,3.3690874,"restaurant, food, point_of_interest, establishment",A
Maden Place Opposite Omole Phase 1 Isheri Road,"Ogunnusi Rd, Ikeja",6.637607,3.3558495,"restaurant, food, point_of_interest, establishment",A
ADA PLACE & GRILLS,"J9X9+XHM, Kosoko Street, Ojodu",6.649963,3.3689262,"restaurant, food, point_of_interest, establishment",A
Chicken Republic,"Balogun Ashave St, Ojodu",6.632891,3.3551799,"restaurant, food, point_of_interest, establishment",A
Kim’skitchen,"NiDipo Abe Ojodu Berger, Lagos",6.653588,3.3649589,"restaurant, food, point_of_interest, establishment",A
Tfc (Omole),"892A Admiral Oduwaiye St, Lagos",6.633037,3.3666282,"restaurant, food, point_of_interest, establishment",A
Emmani Treats,"Opic/ Isheri-North Community, Channels TV Ave, Lagos",6.648348,3.3908011,"restaurant, food, point_of_interest, establishment",A
De Laws Kitchen,"1,River Valley Estate Ifo Berger",6.642567,3.3734368,"restaurant, food, point_of_interest, establishment",A
OPENKITCHEN DELICATESSEN,"phase 1, 2, Ayodele fanoiki Street magodo, Ikosi Street, Lagos",6.632937,3.3835186,"restaurant, food, point_of_interest, establishment",A
Ewe-Nla Restaurant,"Km 10 Lagos - Ibadan Expy, opposite Punch office, Arepo",6.649689,3.3891971,"restaurant, food, point_of_interest, establishment",A
Foodbykenny,"Suite 9, koshoshuku plaze, River valley estate, Berger",6.642675,3.3705641,"restaurant, food, point_of_interest, establishment",A
Pearl Restaurant,Eko Pearl Towers Eko Atlantic,6.408612,3.4103441,"restaurant, food, point_of_interest, establishment",E
black pepper steak house,"Atlantic City, Eko Pearl Towers, Lagos",6.409395,3.4104345,"restaurant, food, point_of_interest, establishment",E
Boca Restaurant and Pool Bar,"CC96+R7R, Lagos",6.419563,3.4106875,"restaurant, food, point_of_interest, establishment",E
Slice Lagos,"19 Ologun Agbaje St, Lagos",6.4264,3.4160812,"restaurant, food, point_of_interest, establishment",E
Z Kitchen,"19 Saka Tinubu St, Lagos",6.42714,3.4192513,"restaurant, food, point_of_interest, establishment",E
360Restaurant by Vertigo,"23 Idejo St, off Adeola Odeku Street, Lagos",6.426626,3.4144906,"restaurant, food, point_of_interest, establishment",E
Feel At Home Restaurant,"Opposite Zenith bank, 36 Saka Tinubu St, Lagos",6.426819,3.4206805,"restaurant, food, point_of_interest, establishment",E
Ki Bar and Kitchen,"31a Oju Olobun Cl, Lagos",6.424355,3.4154174,"restaurant, food, point_of_interest, establishment",E
Vanilla Moon,"2 Saka Jojo St, Lagos",6.427243,3.4123402,"restaurant, food, point_of_interest, establishment",E
Victory Restaurant,"31B Bishop Oluwole St, Lagos",6.423861,3.4185108,"restaurant, food, point_of_interest, establishment",E
Seabass Seafood Restaurant,"17 Oju Olobun Cl, Iru, Lagos",6.426213,3.4145273,"restaurant, food, point_of_interest, establishment",E
Tha'z D Kitchen Restaurant,"Plot 1227 Bishop Oluwole St, OluwE.hole St, Lagos",6.423541,3.4189374,"restaurant, food, point_of_interest, establishment",E
Mazimi Restaurant,"82 Adetokunbo Ademola Street, Victoria Island",6.425656,3.4285453,"restaurant, food, point_of_interest, establishment",E
La Spiga Restaurant,"80 Adetokunbo Ademola Street, Lagos",6.425883,3.4286521,"restaurant, food, point_of_interest, establishment",E
Amazonas Restaurant VI,"62B Adetokunbo Ademola Street, Lagos",6.426197,3.4288561,"restaurant, food, point_of_interest, establishment",E
Red,"1415 Ahmadu Bello Wy, Lagos",6.42265,3.4268865,"restaurant, food, point_of_interest, establishment",E
Kaly Restaurant & Bar Lounge,"Building, 7th Floor, 1 Akin Adesola Street off Ahmadu Bello way Number One, Lagos",6.42282,3.4237291,"restaurant, food, point_of_interest, establishment",E
Lagoon Breeze,"1415 Ahmadu Bello Wy, Lagos",6.42265,3.4268878,"restaurant, food, point_of_interest, establishment",E
Bellini Restaurant And Bar,"312 Akin Ogunlewe Rd, Lagos",6.426119,3.43815,"restaurant, food, point_of_interest, establishment",E
DANFO On The Beach,"SOL at BOXMALL, 10b Trinity Avenue, Water Corporation Dr, Lagos",6.424056,3.4512233,"restaurant, food, point_of_interest, establishment",E
Hard Rock Cafe,"Landmark Village, Water Corporation Road, Oniru, VI, Lagos",6.423053,3.4444831,"restaurant, food, point_of_interest, establishment",E
355 Restaurant and Lounge - Landmark,"landmark, 1 Water Corporation Dr, Lagos",6.423552,3.4443865,"restaurant, food, point_of_interest, establishment",E
Grey Matter Social Space,"21C Akin Ogunlewe Rd, off Ligali Ayorinde Street, Lagos",6.425811,3.4405667,"restaurant, food, point_of_interest, establishment",E
Toast Coffee and Bites,"Eko Hotel, Lagos",6.42646,3.4300672,"restaurant, food, point_of_interest, establishment",E
Black Eyed Peas,"25 Akiogun Rd, Road, off New Market, Lagos",6.426075,3.4570523,"restaurant, food, point_of_interest, establishment",E
Ovie’s Spice by Xplode,"Rain oil filling station, Akiogun Rd, Lagos",6.425906,3.457732,"restaurant, food, point_of_interest, establishment",E
Slim’s STEAKHOUSE,"25 Akiogun Street, Off New Market Road, Oniru, Lagos State, Lagos",6.426114,3.4569613,"restaurant, food, point_of_interest, establishment",E
Samurai by Cilantro,"CFF3+QCJ Sol by box mall, Lagos",6.424454,3.4535297,"restaurant, food, point_of_interest, establishment",E
The Room Cafe,"190b Prince Ade Odedina St, Lagos",6.42705,3.4375686,"restaurant, food, point_of_interest, establishment",E
Chinese Restaurant Lekki Leisure,"CFFF+929, Lekki Leisure, Adekunle Animashaun Drive, Marwa, Lekki, Lagos",6.42341,3.4726133,"restaurant, food, point_of_interest, establishment",E
The Marinara Lagos,"Okunde Bluewater Scheme, Plot 2a, Lekki",6.424711,3.4598669,"restaurant, food, point_of_interest, establishment",E
Miami Bar & Restaurant,"CFFF+2M9, Navy Beach Maruwa, Behind PetroCam Filling Station, Lekki",6.422533,3.4742465,"restaurant, food, point_of_interest, establishment",E
ROTANA RESTAURANT & BAR,"Nave Beach Maruwa off Pinacle Fuel Station Lekki, Lagos",6.422573,3.4745324,"restaurant, food, point_of_interest, establishment",E
SABOR LAGOS,"134 Ahmadu Bello Wy, beside Silverbird Cinema, Lagos",6.428781,3.4085995,"restaurant, food, point_of_interest, establishment",E
Mantra Lounge and Restaurant,"2, 4 Adeola Odeku St, Lagos",6.429439,3.4096891,"restaurant, food, point_of_interest, establishment",E
Sunshine Bites,"1323, Plot 143 Ahmadu Bello Wy, Lagos",6.428589,3.4085864,"restaurant, food, point_of_interest, establishment",E
Sherlaton Restaurant,"1230E Ahmadu Bello Wy, Lagos",6.429432,3.4095208,"restaurant, food, point_of_interest, establishment",E
Boli & Grills,"141 Ahmadu Bello Wy, opposite Silverbird, Lagos",6.428393,3.409179,"restaurant, food, point_of_interest, establishment",E
"The Place Restaurant, Victoria island","4-1 Adeola Odeku St, Lagos",6.429716,3.4099267,"restaurant, food, point_of_interest, establishment",E
Pool Deck Restaurant at Federal Palace Hotel,"The Federal Palace Hotel, 6 – 8 Ahmadu Bello Wy, Lagos",6.429035,3.4092865,"restaurant, food, point_of_interest, establishment",E
The Cliff Restaurant & Bar,"136 Ahmadu Bello Wy, beside Silverbird Galleria, Lagos",6.429157,3.4084362,"restaurant, food, point_of_interest, establishment",E
SLoW,"2 Musa Yar' Adua St, Lagos",6.435018,3.4163278,"restaurant, food, point_of_interest, establishment",E
The Grill Shack,"11B Adeola Odeku St, Lagos",6.429924,3.4184143,"restaurant, food, point_of_interest, establishment",E
Dark Room By The Yellow Plate Lagos,"41a Ologun Agbaje St, Lagos",6.429397,3.4161783,"restaurant, food, point_of_interest, establishment",E
THE SPICE ROUTE,"36 Adeola Odeku St, Lagos",6.429423,3.4199272,"restaurant, food, point_of_interest, establishment",E
BOHO POOLSIDE,"46 Waziri Ibrahim Cres, Lagos",6.433932,3.4141726,"restaurant, food, point_of_interest, establishment",E
Food Shack,"32 Ologun Agbaje St, Lagos",6.429544,3.4167739,"restaurant, food, point_of_interest, establishment",E
The Grind Restaurant,"17 Adeola Odeku St, Lagos",6.430975,3.4140212,"restaurant, food, point_of_interest, establishment",E
Lagosia Restaurant,"10 Agoro Odiyan St, Lagos",6.428793,3.4187659,"restaurant, food, point_of_interest, establishment",E
Chicken Cooking Family Restaurant,"10 Kofo Abayomi St, Lagos",6.435493,3.4129649,"restaurant, food, point_of_interest, establishment",E
Oceans5,"20 Elsie Femi Pearse St, Lagos",6.435342,3.4115812,"restaurant, food, point_of_interest, establishment",E
Manuel's Fast Food Restaurant & Bar,"26 Ologun Agbaje St, Lagos",6.428535,3.4164898,"restaurant, food, point_of_interest, establishment",E
Paradise Forest,"3B Musa Yar' Adua St, Lagos",6.434437,3.4168763,"restaurant, food, point_of_interest, establishment",E
Gaby Lagos,"6a Agoro Odiyan St, Lagos",6.428161,3.4188722,"restaurant, food, point_of_interest, establishment",E
La Veranda Italian Cuisine,"17 Oju Olobun Cl, Lagos",6.426387,3.4154382,"restaurant, food, point_of_interest, establishment",E
Jevinik Restaurant,"14B Agoro Odiyan St, Lagos",6.429013,3.4191654,"restaurant, food, point_of_interest, establishment",E
Gabriel's Restaurant,"6 Elsie Femi Pearse St, Lagos",6.431662,3.4116884,"restaurant, food, point_of_interest, establishment",E
Basilico Italian Restaurant - Italian Formula,"15 Musa Yar' Adua St, Lagos",6.432377,3.4172373,"restaurant, food, point_of_interest, establishment",E
Chapter Lagos,"Level 4, 1623 Saka Jojo St, Lagos",6.427647,3.413936,"restaurant, food, point_of_interest, establishment",E
Prime Chinese Restaurants,"860A Bishop Aboyade Cole St, Lagos",6.434862,3.4313452,"restaurant, food, point_of_interest, establishment",E
Ocean Front Food,"55b Adebisi Omotola Close, off Ajose Adeogun St, Lagos",6.429115,3.4353006,"restaurant, food, point_of_interest, establishment",E
The Place Restaurant Ademola Adetokunbo,"15 Adetokunbo Ademola Street, Lagos",6.433363,3.43114,"restaurant, food, point_of_interest, establishment",E
Grublane Restaurant,"Local Government Area, 19A Sinari Daranijo St, LGA, Lagos",6.428134,3.4329717,"restaurant, food, point_of_interest, establishment",E
The SIG Lagos,"7/9 Molade Okoya Thomas St, Lagos",6.429371,3.4319659,"restaurant, food, point_of_interest, establishment",E
The GoodLife Restaurant by SRS,"14 A.J. Marinho Dr, Lagos",6.426515,3.4330709,"restaurant, food, point_of_interest, establishment",E
LIV RESTAURANT AND BAR LAGOS,"146A Ligali Ayorinde St, Lagos",6.429939,3.4408675,"restaurant, food, point_of_interest, establishment",E
Brazzerie,"Plot 9/10, Block 2, Oniru Chieftaincy Estate, Lagos",6.433611,3.443125,"restaurant, food, point_of_interest, establishment",E
Sora Restaurant,"15th floor, Trinity Towers, Chief Yesufu Abiodun Oniru Rd, Lagos",6.430651,3.4440265,"restaurant, food, point_of_interest, establishment",E
Alo Alo Restaurant,"Victoria Crown Plaza Hotel, 292b Ajose Adeogun St, Lagos",6.430671,3.4391175,"restaurant, food, point_of_interest, establishment",E
Hua Han Restaurant,"3 Lekki - Epe Expy, Lagos",6.435885,3.4449364,"restaurant, food, point_of_interest, establishment",E
Amazonia Restaurant Lagos,"5 Adeola Hopewell St, Lagos",6.4321,3.4291687,"restaurant, food, point_of_interest, establishment",E
Burger King Ajose,"274 Ajose Adeogun St, Lagos",6.431229,3.4333659,"restaurant, food, point_of_interest, establishment",E
"Koï, Restaurant &Lounge","Babatunde Jose St, Lagos",6.435642,3.4309541,"restaurant, food, point_of_interest, establishment",E
Eve After Dark,"16 Palace Rd, Lagos",6.430339,3.449604,"restaurant, food, point_of_interest, establishment",E
FOODCOURT,"CFM4+PH8, Akiogun Rd, Lagos",6.434281,3.4564527,"restaurant, food, point_of_interest, establishment",E
Mobile Meal chopright,"5 Ogunyemi Crescent, Off Lekki - Epe Expy, Lagos",6.427749,3.4506661,"restaurant, food, point_of_interest, establishment",E
Amelia’s Lagos,"14 Adeola Hopewell St, Lagos",6.433383,3.4295855,"restaurant, food, point_of_interest, establishment",E
Village Restaurant Kitchen VI,"Oniru Estate, Shop 1, lagoon shopping center, Land Bridge Ave, Lagos",6.435339,3.4496376,"restaurant, food, point_of_interest, establishment",E
RBG Restaurant,"1700 Violet Yough Cl, Lagos",6.430438,3.4296518,"restaurant, food, point_of_interest, establishment",E
Elysium Lagos,"Plot 6, Block, Lagos NG, 89 Omorinre Johnson Street, Lekki",6.436292,3.4599416,"restaurant, food, point_of_interest, establishment",E
Time oak delicious restaurant,"59 Omorinre Johnson Street, Lekki",6.436252,3.4626746,"restaurant, food, point_of_interest, establishment",E
Jyde's Cuisine,"8 Akiogun Rd, Lagos",6.428256,3.4569433,"restaurant, food, point_of_interest, establishment",E
SLAYPOT RESTAURANT.BAR.KAROAKE,"1 General ogumodia bouleverad, Lagos",6.435427,3.4630504,"restaurant, food, point_of_interest, establishment",E
Village Restaurant Kitchen,"Adebimpe Adewunmi Drive, Lekki Phase 1, Lagos",6.436219,3.4686212,"restaurant, food, point_of_interest, establishment",E
THE NIGHT CAFE,"113a Baderinwa Alabi Street, Marwa, Lekki, Lagos",6.435252,3.473209,"restaurant, food, point_of_interest, establishment",E
Xhale Restaurants & Lounge,"Lagos NG, The Providence St, Lekki",6.431954,3.4678222,"restaurant, food, point_of_interest, establishment",E
Meraki On Muse,"Plot 12, Block 58 Hunponu-Wusu Rd, Lekki",6.436535,3.4711558,"restaurant, food, point_of_interest, establishment",E
Obaebae cafe,"2 Adewunmi Adebimpe Dr, Lekki",6.432304,3.4685731,"restaurant, food, point_of_interest, establishment",E
La Pizza And Shawarma ( City Mall ),"CCV2+RRR, Tafawa Balewa Rd, Lagos",6.444604,3.402028,"restaurant, food, point_of_interest, establishment",E
The GoodLife Cafe by SRS,"12A Walter Carrington Cres, Lagos",6.440223,3.4101329,"restaurant, food, point_of_interest, establishment",E
Meebelle kitchen,"Eko akete close Off st Gregory road, Awolowo Rd, Lagos",6.445749,3.4108899,"restaurant, food, point_of_interest, establishment",E
LAGOSIA RESTAURANT,"10 Adetokunbo Ademola Street, Lagos",6.437432,3.4304685,"restaurant, food, point_of_interest, establishment",E
Six Restaurant,"373 Lekki - Epe Expy, Lagos",6.43817,3.4380899,"restaurant, food, point_of_interest, establishment",E
Salma's Authentic Lebanese Cuisine,"20/24 Ozumba Mbadiwe Ave, Lagos",6.439222,3.4373186,"restaurant, food, point_of_interest, establishment",E
La Taverna Lagos,"48 Balarabe Musa Cres, Lagos",6.437925,3.4370481,"restaurant, food, point_of_interest, establishment",E
"Okele Restaurant, 146C Ligali Ayorinde, Victoria Island Branch","146c Ligali Ayorinde St, Iru, off Ajose Adeogun Street, Victoria Island",6.428686,3.4408329,"restaurant, food, point_of_interest, establishment",E
Kings Grub Restaurant,"Plot 30 block, 20 Admiralty Wy, Lekki",6.444632,3.4554535,"restaurant, food, point_of_interest, establishment",E
Meal On The Go,"Opp Farm City, 12B Olaitan Sebanjo Street, off Admiralty Wy, Lagos",6.441819,3.4561698,"restaurant, food, point_of_interest, establishment",E
The Junction Restaurant,"23 Adebayo Doherty Rd, Lagos",6.443186,3.4642202,"restaurant, food, point_of_interest, establishment",E
SEE Lagos,"36b Wole Ariyo St, Lagos",6.44125,3.4585821,"restaurant, food, point_of_interest, establishment",E
Orile Restaurant & Bar,"2 Ichie Kris Onyekwuje St, Chris Madueke Dr, off Abeke Animashaun Street, off Bisola Durosinmi Etti Drive, Lagos",6.439568,3.4619164,"restaurant, food, point_of_interest, establishment",E
"The Place Restaurant, Lekki","Plot 38 Block, A10 Admiralty Wy, Lekki",6.438948,3.4559574,"restaurant, food, point_of_interest, establishment",E
The Gate Restaurant,"7 B Wole Ariyo St, Lagos",6.444709,3.4589539,"restaurant, food, point_of_interest, establishment",E
Zolene Restaurant,"26 Mekunwen rd, off Macpherson Ave, Lagos",6.444709,3.441844,"restaurant, food, point_of_interest, establishment",E
The Corniche Bistro,"2 Olaitan Senbanjo St, Lekki",6.44197,3.4574043,"restaurant, food, point_of_interest, establishment",E
Morocco restaurant,"CFP5+PRR Ommission Emporium, Lagos",6.43684,3.4595042,"restaurant, food, point_of_interest, establishment",E
Ite Ofe Limited,"10 Akiogun Rd, Oniru Rd, Lagos",6.427638,3.4569069,"restaurant, food, point_of_interest, establishment",E
Stories Lagos,"19 Da-Silva St, Lekki",6.440121,3.4604508,"restaurant, food, point_of_interest, establishment",E
Stanley Barbecue Restaurant,"Edges & Smith Plaza, Lekki Phase 1, Admiralty Wy, Lekki",6.445108,3.4579711,"restaurant, food, point_of_interest, establishment",E
Marcopolo Oriental Cuisine (Waterfront Restaurant),"st, Lekki waterfront @, 1 Wole Olateju Cres, Lekki",6.44379,3.4541821,"restaurant, food, point_of_interest, establishment",E
The Pentagram,"27 Fola Osibo Rd, Eti Osa",6.442726,3.4674444,"restaurant, food, point_of_interest, establishment",E
End Of The Road Restaurant Lekki,"14 Adebayo Doherty Rd, Lagos",6.44372,3.4642922,"restaurant, food, point_of_interest, establishment",E
HSE Cafe,"Plot 2 Emma Abimbola Cole, Lagos",6.442829,3.4700406,"restaurant, food, point_of_interest, establishment",E
Take Food Restaurant Lagos Island,"5 Upper Campus, Lagos Island",6.452672,3.3937883,"restaurant, food, point_of_interest, establishment",E
LOVELY AND SPICES SMALL CHOPS,"The First Baptist Church, 23 Broad St, Lagos",6.448997,3.3952086,"restaurant, food, point_of_interest, establishment",E
Amoke Oge - Ogo Oluwa Canteen,"9 Broad St, Lagos",6.449397,3.3949297,"restaurant, food, point_of_interest, establishment",E
"Kurry""N""Chilli","144 Bamgbose Street, By Mobolaji Bank Anthony St, Lagos",6.452064,3.396494,"restaurant, food, point_of_interest, establishment",E
Double Deli Fast Food,"Bamgbose St, Lagos",6.451641,3.3985643,"restaurant, food, point_of_interest, establishment",E
Food House,"22 Lewis St, Lagos Island",6.45091,3.4005174,"restaurant, food, point_of_interest, establishment",E
Foodie “11” Pastry Limited,"1 Oshodi St, Lagos",6.452284,3.3979008,"restaurant, food, point_of_interest, establishment",E
Abike Restaurant,"F93W+39W, Tokunboh St, Lagos",6.452844,3.395962,"restaurant, food, point_of_interest, establishment",E
Iya Selimo Food Resturant,"F93W+J4Q, Lagos",6.454094,3.3953011,"restaurant, food, point_of_interest, establishment",E
Brooklyn Bistro,"C9XW+MJM, Lagos",6.449263,3.3965827,"restaurant, food, point_of_interest, establishment",E
Rock Chicken,"F93P+76J, Lagos",6.453203,3.385507,"restaurant, food, point_of_interest, establishment",E
Lagos Kitchen,"37 Marina Rd, Lagos",6.452167,3.3871242,"restaurant, food, point_of_interest, establishment",E
The Ema Restaurant,"2 Bamgbose St, Lagos",6.451188,3.3995954,"restaurant, food, point_of_interest, establishment",E
Feel At Home Restaurant,"22 Berkley St, Lagos",6.447199,3.4054632,"restaurant, food, point_of_interest, establishment",E
Work Shop Restaurant,"Shop No. 32, Police Barrack, Opposite Gregory Road, Obalende, Alfred Rewane Rd, Lagos",6.447847,3.4081269,"restaurant, food, point_of_interest, establishment",E
Logo 24/7,"18 Okesuna St, Lagos",6.450248,3.4042281,"restaurant, food, point_of_interest, establishment",E
Mama Rita Food Canteen,"Moloney St, Lagos",6.448383,3.4057758,"restaurant, food, point_of_interest, establishment",E
Meg's Restaurant,"FC33+F9Q, Simpson St, Lagos",6.453735,3.4034367,"restaurant, food, point_of_interest, establishment",E
Del Pizza Restaurant and Take Away,"No 65 Okesuna Street, Lafiaji Way, Lagos",6.452619,3.4057043,"restaurant, food, point_of_interest, establishment",E
Iya-Eba Restaurant & Bar,"14 Berkley St, Lagos",6.447127,3.4048974,"restaurant, food, point_of_interest, establishment",E
Ghana High Restaurant,"34 Macarthy Street, Lagos",6.446396,3.4055048,"restaurant, food, point_of_interest, establishment",E
Avant Garde By Soul Chow,"1 Polo Rd, Lagos",6.446669,3.4186933,"restaurant, food, point_of_interest, establishment",E
HomeofHomeoftastymeals,"Shop 116, CCP4+R8P Bonny cantonment, Lagos",6.437042,3.4058577,"restaurant, food, point_of_interest, establishment",E
Gourmet Vegan Kitchen by Samantha’s,"7/12 Rumens Rd, Lagos",6.447914,3.4302576,"restaurant, food, point_of_interest, establishment",E
Oh la la cafe,"3 Thompson Ave, Lagos",6.446214,3.432279,"restaurant, food, point_of_interest, establishment",E
Foodies Hot and Spicy 1 - Best food Restaurant,"23 Admiralty Wy, Lagos",6.445936,3.458471,"restaurant, food, point_of_interest, establishment",E
Abeigi Lounge & Restaurant,"3 Wole Olateju Cres, Lagos",6.447915,3.4579726,"restaurant, food, point_of_interest, establishment",E
Foodie Naija,"Foodie Naija, Wole Olateju Cres, Lagos",6.446625,3.4600267,"restaurant, food, point_of_interest, establishment",E
D'Food Express,"A13 Admiralty Wy, Lagos",6.447863,3.4677208,"restaurant, food, point_of_interest, establishment",E
Kingfisher Africa,"1 Wole Olateju Cres, LGA, off Admiralty Way, Lagos",6.443947,3.4543296,"restaurant, food, point_of_interest, establishment",E
"Cowries Creek Restaurant | Buffet | Lekki Phase 1, Lagos","17 Admiralty Rd, Lagos",6.451251,3.4698724,"restaurant, food, point_of_interest, establishment",E
Black Bell Restaurant Lekki,"69 Admiralty Wy, Lekki",6.447624,3.4730177,"restaurant, food, point_of_interest, establishment",E
Food Garage,"31b Admiralty Wy, Lagos",6.448166,3.4718639,"restaurant, food, point_of_interest, establishment",E
Foodies Hot and Spicy 2 - Best Restaurant in Lagos,"32a Admiralty Wy, Lagos",6.448008,3.4713806,"restaurant, food, point_of_interest, establishment",E
Anambra Kitchen Lekki,"7 Fola Osibo Rd, Lekki",6.442813,3.4654066,"restaurant, food, point_of_interest, establishment",E
SPICY BAY RESTAURANT LEKKI,"2 Admiralty Road, Off Admiralty Wy, behind Forte Oil Filling Station, Lagos",6.44902,3.4704036,"restaurant, food, point_of_interest, establishment",E
Alicia's Food Place,"7B Emma Abimbola Cole, Island",6.442903,3.4705697,"restaurant, food, point_of_interest, establishment",E
Taste Options,"No. 1, Akin Leigh Cres, Lagos",6.446415,3.4552198,"restaurant, food, point_of_interest, establishment",E
Ile Eros,"14 Kafayat Abdulrasaq Street, Lagos",6.440512,3.4666034,"restaurant, food, point_of_interest, establishment",E
Leo's Kitchen,"Ojodu Ikeja, Lagos",6.461218,3.3915092,"restaurant, food, point_of_interest, establishment",E
restaurant of proper food,"4th Floor UBA House, 57 Marina Rd, Lagos",6.4555,3.3831907,"restaurant, food, point_of_interest, establishment",E
Cafe Restaurant & Hotel,"6 Agoro St, Lagos",6.462128,3.385696,"restaurant, food, point_of_interest, establishment",B
Jolad Noodles Spot,"2b Oju Olokun St, Lagos",6.461902,3.3905947,"restaurant, food, point_of_interest, establishment",E
M &T kitchen and restaurant services,"131 Broad St, Lagos",6.455453,3.3840684,"restaurant, food, point_of_interest, establishment",E
Omojesu Foods,"Sapara St, Lagos",6.45664,3.362037,"restaurant, food, point_of_interest, establishment",B
The Galley Restaurant,"Harbour Road, Lagos",6.460118,3.3685004,"restaurant, food, point_of_interest, establishment",B
Testee Mama B Restaurant,"balogun market, 20 Balogun St, Lagos",6.455924,3.3837759,"restaurant, food, point_of_interest, establishment",E
Edible foodie restaurant,"40 John St, Lagos",6.460526,3.3847791,"restaurant, food, point_of_interest, establishment",E
Taste & See Restaurant,"Off Tinubu Square, Marina, TBS, 2 Alli St, Lagos",6.45383,3.3903875,"restaurant, food, point_of_interest, establishment",E
Salado Canteen,Lagos,6.453663,3.3848673,"restaurant, food, point_of_interest, establishment",E
Chicken Republic,"1b Liverpool Rd, Ikeja",6.448383,3.3673954,"restaurant, food, point_of_interest, establishment",B
Sweet Sensation,"27 Kakawa St, Lagos",6.452691,3.3909295,"restaurant, food, point_of_interest, establishment",E
Kontangota House,"F96Q+5HP, Broad St, Lagos",6.460467,3.3889457,"restaurant, food, point_of_interest, establishment",E
Paradise Restaurant,"215 Nnamdi Azikwe St, Lagos",6.453721,3.3897156,"restaurant, food, point_of_interest, establishment",E
Mr. Olu special indomie spot,"14 Evans St, Lagos",6.455433,3.3927154,"restaurant, food, point_of_interest, establishment",E
Merciful God Restaurants,"F96V+GRH, Thomas St, Lagos",6.461307,3.3946082,"restaurant, food, point_of_interest, establishment",E
MEALSBYCHEFMIDE,"139 Nnamdi Azikwe St, Lagos",6.460531,3.3873079,"restaurant, food, point_of_interest, establishment",E
Teetoes Delights,"2 Tokunboh St, Lagos",6.453229,3.3935082,"restaurant, food, point_of_interest, establishment",E
"Emars Fast Food, Chinese Restaurant and Bar","Opposite NEPA, 105 Lewis St, Lagos",6.449957,3.4056663,"restaurant, food, point_of_interest, establishment",E
FOODi Bistro,Lagos,6.457999,3.4202089,"restaurant, food, point_of_interest, establishment",E
PIZZA AND GRILLED TAKEAWAY,"15 Glover Rd, Lagos",6.455366,3.4288984,"restaurant, food, point_of_interest, establishment",E
Jay's Diner,"CCVH+V99, Falomo Square Mall, Off Falomo Roundabout, Lagos",6.444571,3.4281673,"restaurant, food, point_of_interest, establishment",E
foodtogo,"15A H F P Way, IKOY",6.458202,3.415018,"restaurant, food, point_of_interest, establishment",E
Unatkitchen,"10b Adekunle Lawal Rd, Lagos",6.452836,3.4261579,"restaurant, food, point_of_interest, establishment",E
Golden Gate Restaurant,"25B Golden Gate Complex, 1 Glover Rd, Lagos",6.454696,3.4306304,"restaurant, food, point_of_interest, establishment",E
Ô Gourmet,"WOLE OLATEJU CRESCENTA (waterside) State Lekki Phase 1 State, Lagos",6.449198,3.4557248,"restaurant, food, point_of_interest, establishment",E
Red Bar Lagos,"4b Wole Olateju Cres, Lagos",6.448137,3.4575835,"restaurant, food, point_of_interest, establishment",E
Zaika Indian & Chinese Food (Lekki),"Inside Banex Mall, First Floor Plot 1-10, Akiogun Road, Lekki - Epe Expy Èkó, Oniru, Lekki",6.43421,3.456992,"restaurant, food, point_of_interest, establishment",E
Iya Calabar Food Canteen,"206 Cl, Lagos",6.459787,3.4561369,"restaurant, food, point_of_interest, establishment",E
Freesiafoodies Restaurant,"Plot 4A, Block 12 Admiralty Rd, Lekki",6.458027,3.4708336,"restaurant, food, point_of_interest, establishment",E
Labule Restaurant,"3A Admiralty Rd, Lagos",6.457869,3.4712757,"restaurant, food, point_of_interest, establishment",E
California Guest House,"Olisa Ogun state local government, Lagos",6.463384,3.3684805,"restaurant, food, point_of_interest, establishment",B
Hotel Manding,"Ebute Ero, Ebute Ero Road, Lagos",6.461796,3.3853135,"restaurant, food, point_of_interest, establishment",B
Ishaga,"F97P+7H9, Idumota Avenue, Lagos",6.463168,3.386479,"restaurant, food, point_of_interest, establishment",B
Iya Yakubu (Yoruba native food),"F977+VCQ, Lagos",6.464724,3.3636064,"restaurant, food, point_of_interest, establishment",B
Ewaagoyinmide,"Lagos terminus iddo, Ikeja",6.469779,3.3825212,"restaurant, food, point_of_interest, establishment",B
Sherifat Bolanle Food Canteen,"Lagoon Plaza, Nnamdi Azikwe St, Lagos",6.457828,3.3886227,"restaurant, food, point_of_interest, establishment",E
Bamochops,"54 Adeniji Adele Rd, Lagos",6.45758,3.3947743,"restaurant, food, point_of_interest, establishment",E
Se Ko Dun Food,"FC32+M49, Ajagun Ln, Lagos",6.454215,3.4003527,"restaurant, food, point_of_interest, establishment",E
Double Four Restaurant & Eatery,"44 Awolowo Rd, Lagos",6.442317,3.4132561,"restaurant, food, point_of_interest, establishment",E
Kmac Grill & BBQ INC,"Block A2-3 Suite 42, Sura shopping Complex, 63 Simpson St, Lagos",6.455266,3.4049694,"restaurant, food, point_of_interest, establishment",E
Sweet Sensation Restaurant,"38 Awolowo Rd, Lagos",6.442358,3.4125855,"restaurant, food, point_of_interest, establishment",E
VeggieVictory,"29a Ikorodu Cres, Lagos",6.456643,3.4186112,"restaurant, food, point_of_interest, establishment",E
Lagos toast,"13 Ikeja Way, Lagos",6.460618,3.4171646,"restaurant, food, point_of_interest, establishment",E
jumbo turkey Restaurant and Bar,"77 Awolowo Rd, Lagos",6.442694,3.4195526,"restaurant, food, point_of_interest, establishment",E
Lezina Restaurant,"FC28+RR4, Road, Lagos",6.452045,3.4171758,"restaurant, food, point_of_interest, establishment",E
Thoyin Foods,"CCX3+FWG, Adeyemi Lawson St, Lagos",6.448682,3.4048203,"restaurant, food, point_of_interest, establishment",E
Eben Fodiee Restaurant,"34 Biaduo St, Lagos",6.445008,3.4128792,"restaurant, food, point_of_interest, establishment",E
Abstract Ikoyi,"96 Norman Williams St, Lagos",6.444262,3.4162475,"restaurant, food, point_of_interest, establishment",E
Oby's taste restaurant,"10 Gazkiya road, Olubuade street, Lagos",6.454512,3.3965712,"restaurant, food, point_of_interest, establishment",E
EuphoriaBySujimoto,"23 MacDonalds Road, Lagos",6.44936,3.4354788,"restaurant, food, point_of_interest, establishment",E
Level Lagos,"HEREL Play, 14 Ruxton Rd, Lagos",6.449441,3.4479628,"restaurant, food, point_of_interest, establishment",E
Peacocks Lagos,"10 Wole Olateju Cres, Lagos",6.445647,3.4541702,"restaurant, food, point_of_interest, establishment",E
Happy Fingers,"44 Admiralty Rd, Lagos",6.45111,3.4702873,"restaurant, food, point_of_interest, establishment",E
Roadstar Burgers Lekki,"69 Admiralty Wy, Lekki",6.447583,3.4720888,"restaurant, food, point_of_interest, establishment",E
Donald’s by De Angels - Lekki,"14 Adebayo Doherty Rd, Lagos",6.444179,3.4642982,"restaurant, food, point_of_interest, establishment",E
King Of Meal,"29 Nnamdi Azikwe St, Lagos",6.456305,3.3879588,"restaurant, food, point_of_interest, establishment",E
Straum Cuisine,"53 Marina Rd, Lagos",6.454556,3.3842959,"restaurant, food, point_of_interest, establishment",E
Bamboo Cafe & Restaurant,"21 Nnamdi Azikwe St, Lagos",6.455619,3.3883491,"restaurant, food, point_of_interest, establishment",E
Olayiwola Small Chops,"Off Omi - Didun Street, 65 Okepopo St, Lagos",6.455856,3.3967672,"restaurant, food, point_of_interest, establishment",E
Thechefrah,"Ikorodu, 25 Jagun Church, Off Araro, Adamo Bustop, Ikorodu",6.455949,3.4193674,"restaurant, food, point_of_interest, establishment",E
Healthy Yum Foodie,"6/4 Oba Elegushi Housing Estate Lekki Scheme II, Lekki",6.456317,3.423724,"restaurant, food, point_of_interest, establishment",E
McDonald Tasty Sensation,"12 Aromire Rd, Lagos",6.452032,3.4332856,"restaurant, food, point_of_interest, establishment",E
Wilson Restaurant ikoyi,"25B Glover Rd, Lagos",6.454626,3.430606,"restaurant, food, point_of_interest, establishment",E
Drugs and silver,"Banana island Wikipedia, Lagos",6.466667,3.45,"restaurant, food, point_of_interest, establishment",E
ALL GRILLS,"Plot 1, BLK 12 Admiralty Road Eti Osa, Lagos",6.451408,3.4699865,"restaurant, food, point_of_interest, establishment",E
Maana Foods,"Ave Lagos Island, 20 Kai Rd, Lagos",6.456801,3.4502457,"restaurant, food, point_of_interest, establishment",E
Chicken Republic,"Teslim Olashile St, Lagos",6.461848,3.4130811,"restaurant, food, point_of_interest, establishment",E
Te'Amo Foodz and Grillz,"1 Aminu street Ologolo road Lekki, Lagos",6.464345,3.4408719,"restaurant, food, point_of_interest, establishment",E
Hanging Basket Restaurant,"3 oval estate, Lekki",6.4613,3.4586703,"restaurant, food, point_of_interest, establishment",E
Delicioso Mobile Chefs,"Murtala Animashaun close, Off Adelabu St, Lagos",6.494633,3.3517336,"restaurant, food, point_of_interest, store, establishment",B
Favour Restaurant,"Off Kie Street, Iyana Ipaja, 4 Adeleye St, Lagos",6.617596,3.2953204,"restaurant, food, point_of_interest, store, establishment",A
Mercy's kitchen store,"39 Glover Rd, Eti Osa",6.452232,3.436885,"restaurant, health, food, point_of_interest, establishment",E
Sweet Fry's Services,"Bus Stop, Shop No. 24, Aisha Animashaun Shopping Complex, off Census Close, Lagos",6.490459,3.3510757,"restaurant, liquor_store, bar, food, point_of_interest, store, establishment",B
Frutos Wazobia Restaurant Lounge and Lodging,"besides First Consultant Hospital, by NNPC filling station, 16 Ikoyi Rd, Obalende Rd, Lagos",6.449352,3.4092208,"restaurant, lodging, bar, food, point_of_interest, establishment",E
Aqua Wok,"Femi Pearse, 20 Elsie Femi Pearse St, Lagos",6.435351,3.4115568,"restaurant, lodging, food, point_of_interest, establishment",E
La Mango Restaurant and Lounge Ikeja GRA,"3A Adekunle Fajuyi Way, Lagos",6.573655,3.3607677,"restaurant, lodging, night_club, bar, point_of_interest, food, establishment",A
The Emperor’s Place Restaurant & Lounge,"32b Ologun Agbaje St, Lagos",6.429237,3.4168191,"restaurant, lodging, point_of_interest, food, establishment",E
Food Headquarters Ikeja,"7 Olowu St, Ikeja",6.598971,3.3435678,"restaurant, meal_delivery, bar, bakery, store, food, point_of_interest, establishment",A
RheyRey’s Kitchen,"3 Ebenezer Cl, off Ademulegun Street, Lagos",6.51791,3.3242437,"restaurant, meal_delivery, food, point_of_interest, establishment",B
Daapril's Kitchen,"UNILAG Campus, 3A Taylor Dr, Ikeja",6.515303,3.371302,"restaurant, meal_delivery, food, point_of_interest, establishment",D
Just Delish Restaurant,"50 Diya St, Lagos",6.554955,3.3894443,"restaurant, meal_delivery, food, point_of_interest, establishment",D
Mount foodji,"No.6 Balogun street, Ajao Estate, Lagos",6.563817,3.3731299,"restaurant, meal_delivery, food, point_of_interest, establishment",D
Rukash Restaurant and Grill,"43b Oduduwa Cres, Lagos",6.573098,3.3531722,"restaurant, meal_delivery, food, point_of_interest, establishment",A
BC Garden (www.bcgarden.online),"24a Ikoyi Cres, Lagos",6.46376,3.434434,"restaurant, meal_delivery, food, point_of_interest, establishment",E
Magrellos Fast Food (Magodo),"15 Emmanuel Keshi St, Lagos",6.618729,3.3765624,"restaurant, meal_delivery, meal_takeaway, food, point_of_interest, establishment",A
Surftvillefoods,"Magodo Street, Olayinka Balogun Cres, Lagos",6.618518,3.3837072,"restaurant, meal_delivery, meal_takeaway, food, point_of_interest, establishment",A
Milano Pizza & Fast Food (Lennox Mall),"12B Olubunmi Owa St, Lagos",6.439287,3.4555619,"restaurant, meal_delivery, meal_takeaway, food, point_of_interest, establishment",E
777(3riple7even) Eating House,"4 Osolo Wy, Lagos",6.54988,3.3316674,"restaurant, meal_takeaway, bakery, point_of_interest, food, store, establishment",D
Ore - Oluwa Food Canteen,"23 Oshodi St, Lagos",6.455028,3.3982223,"restaurant, meal_takeaway, food, point_of_interest, establishment",E
Lounge 38,"67 Bode Thomas St, Lagos",6.490158,3.3552409,"restaurant, night_club, bar, food, point_of_interest, establishment",B
Bamboo Lounge - Collage (Ikeja GRA),"38 Oduduwa Way, Ikeja",6.572829,3.3552587,"restaurant, night_club, bar, food, point_of_interest, establishment",A
Wakame Asian Kitchen & Lounge,"Marriott Hotel Ikeja, 122 Joel Ogunnaike St, Lagos",6.584662,3.3492714,"restaurant, night_club, bar, food, point_of_interest, establishment",A
Onyx Restaurant & Bar,"157 Ogudu Rd, Lagos",6.574747,3.3930326,"restaurant, night_club, bar, food, point_of_interest, establishment",A
BhEERHUGZ Café Ikeja,"9 Obafemi Awolowo Wy, Ikeja",6.616429,3.3580702,"restaurant, night_club, bar, food, point_of_interest, establishment",A
Chicken sensation,"10 Ekoro Rd, beside Baystar Hotel, Lagos",6.649302,3.3029551,"restaurant, night_club, bar, food, point_of_interest, establishment",A
Sailors Lounge | Restaurant | Lounge | Bar in Lekki Lagos,"PLot 1 block 12, admiralty road, Lekki phase 1 Lekki, Lagos",6.451501,3.4698384,"restaurant, night_club, bar, food, point_of_interest, establishment",E
Bay Lounge,"Block 12A, 10 Admiralty Rd, Lagos",6.453949,3.4696754,"restaurant, night_club, bar, food, point_of_interest, establishment",E
Bite Restaurant & Lounge,"Fanis House, 21 Adeniyi Jones, Ikeja",6.607553,3.3409722,"restaurant, night_club, bar, point_of_interest, food, establishment",A
Shiro Lagos,"Block XVI 3 & 4 Victoria Island Oniru Estate, Lagos",6.423589,3.4442837,"restaurant, night_club, bar, point_of_interest, food, establishment",E
"JustAfang restaurant, & Yogiegee lounge","5 kanke close, Awolowo Rd, Eti Osa",6.441464,3.4172158,"restaurant, night_club, bar, point_of_interest, food, establishment",E
HOT 'N' FRESH FOODS,"176 Akerele road, mainland, Lagos",6.501308,3.3593891,"restaurant, point_of_interest, food, establishment",B
TODAY’S MEAL,"2 Suenu Rd, Lagos",6.501997,3.3622967,"restaurant, point_of_interest, food, establishment",B
Allgreenish seafood and grills,"4 Adebola St, off adeniran ogunsanya, Lagos",6.498062,3.3582208,"restaurant, point_of_interest, food, establishment",B
Littlewood Restaurant,"6 Oduduwa St, Lagos",6.501182,3.3439852,"restaurant, point_of_interest, food, establishment",B
Faridat Alake Restaurant,"27 Ogunmola Cl, Lagos",6.502087,3.3606949,"restaurant, point_of_interest, food, establishment",B
Honey Food and Catering services,"5 Yesufu Sanusi St, Lagos",6.497558,3.3585628,"restaurant, point_of_interest, food, establishment",B
Gidi Burger,"11 Chief Onitana St, Lagos",6.49451,3.3605465,"restaurant, point_of_interest, food, establishment",B
Cuisine Africana Restaurant,"54 Shomade Cres, Lagos",6.499074,3.3564082,"restaurant, point_of_interest, food, establishment",B
Food4Real Cafe,"Inside KT Fuel Station, Beside First Bank Plc, Omitoro, Ijede Rd, Lagos",6.489184,3.3592021,"restaurant, point_of_interest, food, establishment",B
Ofada Boy Soup Lounge,"90 Adeniran Ogunsanya St, Lagos",6.491813,3.3564976,"restaurant, point_of_interest, food, establishment",B
Indomie Cafe - Surulere,"Leisure Mall, Adeniran Ogunsanya Mall(shoprite, Adeniran Ogunsanya St, Lagos",6.490212,3.3574302,"restaurant, point_of_interest, food, establishment",B
Flenjo's Restaurant,"74 James Robertson Rd, Lagos",6.500678,3.3535511,"restaurant, point_of_interest, food, establishment",B
The Blue Fin Restaurant NG,"Adeniran Ogunsanya St, Lagos",6.490324,3.3567075,"restaurant, point_of_interest, food, establishment",B
Sts cocktails&chops,"27 Moshalashi St, Lagos",6.505362,3.3912913,"restaurant, point_of_interest, food, establishment",D
Tori's Food Palace,"Quarters 26, block E, Yabatech staff quarters, Lagos",6.512178,3.3841871,"restaurant, point_of_interest, food, establishment",D
Shawarma Plus +,"Onike Round About, Lagos",6.50996,3.3839822,"restaurant, point_of_interest, food, establishment",D
Aa Kitchen & Restaurant,Ikeja,6.506556,3.3909384,"restaurant, point_of_interest, food, establishment",D
The Scope by PIER Lagos,"14 Montgomery Rd, Lagos",6.508701,3.3739457,"restaurant, point_of_interest, food, establishment",D
Tofah Foods.,"1 Anthony Ajayi St, Lagos",6.512662,3.3830342,"restaurant, point_of_interest, food, establishment",D
Iya Moria,Lagos,6.511705,3.3926698,"restaurant, point_of_interest, food, establishment",D
Urban Bistro,"21 Olumo St, Lagos",6.510217,3.3862163,"restaurant, point_of_interest, food, establishment",D
Fries_n_Fresh,"6 Pedro St, Lagos",6.507436,3.390885,"restaurant, point_of_interest, food, establishment",D
Okonkwo by Papiee's,"18b Moore Rd, Lagos",6.513996,3.3780931,"restaurant, point_of_interest, food, establishment",D
Jasmine Home Foods Restaurant Abule Ijesa Lagos,"G99J+9JX, Lagos",6.518467,3.3816065,"restaurant, point_of_interest, food, establishment",D
Purple Bistro,"3 University Rd, opposite First City Monument Bank, Lagos",6.517106,3.3816676,"restaurant, point_of_interest, food, establishment",D
Abule Amala,"Yaba LCDA, 10a, Morris Street, Abule-Ijesha, Lagos",6.52117,3.3802934,"restaurant, point_of_interest, food, establishment",D
Gimme food,"Iwaya Rd, Lagos",6.508304,3.3870415,"restaurant, point_of_interest, food, establishment",D
Chicken Republic - Akoka,"73 St Finbarr's College Rd, Lagos",6.529115,3.3870667,"restaurant, point_of_interest, food, establishment",D
Iya Ayo Jollof Rice.,"403 Borno Way, Lagos",6.503024,3.3764162,"restaurant, point_of_interest, food, establishment",D
Fast Food,"7b University Rd, Lagos",6.517172,3.3818465,"restaurant, point_of_interest, food, establishment",D
Shawty Food,"14 Omitogun St, Lagos",6.508176,3.3895404,"restaurant, point_of_interest, food, establishment",D
God De Best Frozzen Food,"9 Araromi St, Lagos",6.512504,3.3845339,"restaurant, point_of_interest, food, establishment",D
Jydes Finger Food & Drinks,"Plot 136, Lagos",6.503718,3.383654,"restaurant, point_of_interest, food, establishment",D
Smoothie Express Mainland,"304 Herbert Macaulay Wy, Lagos",6.505197,3.3781599,"restaurant, point_of_interest, food, establishment",D
Total Package Restaurant (TP),"17 Morris St, Lagos",6.521702,3.3806756,"restaurant, point_of_interest, food, establishment",D
Iyan Aladuke,"308 Murtala Muhammed Way, Lagos",6.501746,3.3751122,"restaurant, point_of_interest, food, establishment",B
OPVINE,"Store 30 Biobaku shopping complex Ransom kuti Road,Akoka",6.514777,3.3864873,"restaurant, point_of_interest, food, establishment",D
Oakley Restaurant,"5 davies street, off University Rd, Lagos",6.51766,3.3826041,"restaurant, point_of_interest, food, establishment",D
Smoke’s Place,"17 Omitogun St, Lagos",6.507756,3.389295,"restaurant, point_of_interest, food, establishment",D
To 2 Food Canteen,"1 Odusami St, Lagos",6.534404,3.3579388,"restaurant, point_of_interest, food, establishment",D
As E Dey Hot Food Canteen,"24 Bode Thomas Rd, Lagos",6.536601,3.3665806,"restaurant, point_of_interest, food, establishment",D
Skibo_foodz,"Odi olowo local govt, 18 Akinola St, Lagos",6.528689,3.3662519,"restaurant, point_of_interest, food, establishment",D
We'wo Restaurant,"43 Shipeolu St, Lagos",6.538953,3.3684414,"restaurant, point_of_interest, food, establishment",D
Treasure Coast Restaurant,"22 Oweh St, Lagos",6.52375,3.3699223,"restaurant, point_of_interest, food, establishment",D
Good Heart Restaurant,"No. 9, Okanlawa Street, Off Olaleye Street, Gbagada Sawmail, Olaleye St, Lagos",6.534949,3.3727025,"restaurant, point_of_interest, food, establishment",D
Home Touch Restaurant & Bar,"228 Ikorodu Rd, Lagos",6.544432,3.3675949,"restaurant, point_of_interest, food, establishment",D
Opeoluwa Restaurant (Iya Sherry),"32 Shiro St, Lagos",6.524069,3.3695573,"restaurant, point_of_interest, food, establishment",D
Shamab Restaurant,"OLosha Bus Stop, 1 Ogunmokun St, Lagos",6.526707,3.3570182,"restaurant, point_of_interest, food, establishment",D
Finicky Restaurant,"6 Jibowu St, Lagos",6.518896,3.3688426,"restaurant, point_of_interest, food, establishment",D
Madam Kessy Restaurant and catering service,"13 Folarin St, Lagos",6.532817,3.3482042,"restaurant, point_of_interest, food, establishment",D
Mrs Arisona Restaurant,"2 Wey St, Lagos",6.529678,3.3532574,"restaurant, point_of_interest, food, establishment",D
Pat Restaurant,"Powa Plaza, Ayantuga St, Lagos",6.532814,3.3545002,"restaurant, point_of_interest, food, establishment",D
Edaolaropin food canteen,"H85M+34G, Agbelekale St, Lagos",6.557698,3.3328392,"restaurant, point_of_interest, food, establishment",A
Amoke Oge Food Canteen,"H83P+8RV, Lagos",6.553393,3.3370525,"restaurant, point_of_interest, food, establishment",A
De Taste Restaurant,"9 Akin-Lawanson St, Lagos",6.55147,3.3399128,"restaurant, point_of_interest, food, establishment",D
Module oluwa food canteen,"19 Adesanya St, Lagos",6.557181,3.3337997,"restaurant, point_of_interest, food, establishment",A
South-South Kitchen,"9 Olutosin Ajayi St, Lagos",6.549272,3.3269924,"restaurant, point_of_interest, food, establishment",B
Chi Chi special Cuisine (The Home),"22 Lateef Salami St, Ikeja",6.549923,3.3288281,"restaurant, point_of_interest, food, establishment",B
Spice And Grill,"1 Olabisi St, Lagos",6.551677,3.3599164,"restaurant, point_of_interest, food, establishment",D
Pondicheri,"2 Folayemi St, Lagos",6.551951,3.3602655,"restaurant, point_of_interest, food, establishment",D
Mealicious Foods and Bakes,"41 Diya St, Lagos",6.553751,3.3902074,"restaurant, point_of_interest, food, establishment",D
Arena market food court,"Arena shopping complex, Lagos",6.562723,3.3521532,"restaurant, point_of_interest, food, establishment",A
Tasty Munch Cuisine,"New Garage, 9 Shomuyiwa St, Lagos",6.547832,3.3932019,"restaurant, point_of_interest, food, establishment",D
Abros Cafe,"H997+MF9, Aina Eleko St, Lagos",6.569153,3.3637172,"restaurant, point_of_interest, food, establishment",A
"The Place Restaurant, Mobolaji Bank Anthony Way","2b Mobolaji Bank Anthony Way, Lagos",6.571704,3.366194,"restaurant, point_of_interest, food, establishment",A
City Diner restaurant/bar/lounge,"1 Salami St, Lagos",6.571488,3.3706801,"restaurant, point_of_interest, food, establishment",A
Chadon Restaurant,"12 Tiamiyu Olushile St, Lagos",6.569603,3.3732939,"restaurant, point_of_interest, food, establishment",A
"Tuntun Yums (Food, Restaurants, Caterers in Lagos)","Adora Cl, Lagos",6.572392,3.3739829,"restaurant, point_of_interest, food, establishment",A
Bibi's Grillhouse,"350-360 Ikorodu Rd, Lagos",6.567356,3.367378,"restaurant, point_of_interest, food, establishment",A
Real Foods & Snacks,"190 Ikorodu Rd, Lagos",6.574852,3.3697405,"restaurant, point_of_interest, food, establishment",A
Dees Foods,"14 Victor Oluwole St, Lagos",6.57063,3.2960054,"restaurant, point_of_interest, food, establishment",A
Eka Kitchen,"44 Fadu Ave, Lagos",6.548291,3.3017563,"restaurant, point_of_interest, food, establishment",B
Westcare Foods,"105-89 Idimu Rd, Lagos",6.558445,3.2992824,"restaurant, point_of_interest, food, establishment",A
Derinz Kitchen,"5 Imala St, Lagos",6.575102,3.2910582,"restaurant, point_of_interest, food, establishment",A
Ollydey Val Resturant,"Council Bus Stop, Idimu, 51 Christy Oladunni St, Ikeja",6.555559,3.3018019,"restaurant, point_of_interest, food, establishment",A
Iya Mary,"45 Astra St, Lagos",6.566593,3.3048628,"restaurant, point_of_interest, food, establishment",A
Abasiama Kitchen,"14 oguronbi st, Lagos",6.573087,3.29207,"restaurant, point_of_interest, food, establishment",A
WakaChow,"3 Philip Taiwo Coker St, Lagos",6.573707,3.3057994,"restaurant, point_of_interest, food, establishment",A
Streat Local Foods,"80 Ejigbo Rd, Lagos",6.549226,3.3083366,"restaurant, point_of_interest, food, establishment",B
Relish Shawarma,"Silva estate, 14 Ayodeji Ogunlana St, Lagos",6.561841,3.2908467,"restaurant, point_of_interest, food, establishment",A
Bonus Kitchen and Event Hall,"Mosalashi St, Lagos",6.551815,3.3039799,"restaurant, point_of_interest, food, establishment",A
Fng Foods,"Fadu Avenue ile iwe Isolo, Lagos",6.551827,3.3029218,"restaurant, point_of_interest, food, establishment",A
Auntyk kitchen Restaurant,"Moro junction, Ifelodun St, Lagos",6.566611,3.3013963,"restaurant, point_of_interest, food, establishment",A
Yakoyo Food Canteen,"12 Saka St, Lagos",6.553003,3.3079974,"restaurant, point_of_interest, food, establishment",A
Mama K Food Canteen,Lagos,6.546281,3.2905367,"restaurant, point_of_interest, food, establishment",B
Dajoka meals,"25, Edagbeja street, off Coker Rd, Lagos",6.549341,3.3072527,"restaurant, point_of_interest, food, establishment",B
Iya Lola Food Canteen,Lagos,6.560917,3.2949212,"restaurant, point_of_interest, food, establishment",A
Akwa Ibom Kitchen,"47 Olutosin Ajayi St, Lagos",6.548266,3.3226776,"restaurant, point_of_interest, food, establishment",B
Street Style Grill NG,"H85G+6H7, Bisi Oladipo St, Lagos",6.558043,3.3264432,"restaurant, point_of_interest, food, establishment",A
Melting Pot Cuisine,"G8XH+V34, Lagos",6.549626,3.3277003,"restaurant, point_of_interest, food, establishment",B
Karma Cafe,"12 Town Planning Way, Lagos",6.55706,3.3640929,"restaurant, point_of_interest, food, establishment",D
Mama's Meal Restaurant,"Oregun Ojodu, Off Olatunji Street, 23 Ogunleti St, Ikeja",6.585223,3.3824506,"restaurant, point_of_interest, food, establishment",A
The Orchid Bistro,"58a Isaac John St, Ikeja",6.585229,3.3569763,"restaurant, point_of_interest, food, establishment",A
Tastee Meal Kitchen,"Off Olatunji Street, 23 Ogunleti St, Ikeja",6.588584,3.3790207,"restaurant, point_of_interest, food, establishment",A
Chiomzy Restaurant,"6 Olakunle Ajibade St, Ogudu Rd, Lagos",6.586015,3.3848481,"restaurant, point_of_interest, food, establishment",A
Fit Food,Ikeja,6.585916,3.3852379,"restaurant, point_of_interest, food, establishment",A
Olaiya Food Canteen,"Alapere, 18 Demurin St, Lagos",6.597315,3.3895432,"restaurant, point_of_interest, food, establishment",A
Tasty Meals,"18B Fadiya Street, behind Tipper B/stop, Lagos",6.59614,3.3870764,"restaurant, point_of_interest, food, establishment",A
Vibes Lounge,"2-3 Ziatech Rd, Lagos",6.599278,3.3731953,"restaurant, point_of_interest, food, establishment",A
Food City Ketu,"37 Adisa Akintoye Street, Lagos",6.595358,3.3862915,"restaurant, point_of_interest, food, establishment",A
Tommiz Delight Restaurant and lounge,"5 Olu Akerele St, Ikeja",6.604336,3.3445803,"restaurant, point_of_interest, food, establishment",A
Fingerlicking Restaurant,"14 Adeniyi Jones, Ikeja",6.606759,3.3405578,"restaurant, point_of_interest, food, establishment",A
Ite Nnem (Native Kitchen),"7a Olorunnimbe St, Wemabod Est, off Adeniyi Jones, off Ajao Road, Ikeja",6.605816,3.3399035,"restaurant, point_of_interest, food, establishment",A
ChowKing,"31b Aromire Ave, Lagos",6.609117,3.3455905,"restaurant, point_of_interest, food, establishment",A
Chicken Republic Iyana Ipaja/Ayobo/Alimosho,"171 Abeokuta Expy, Lagos",6.616336,3.3030998,"restaurant, point_of_interest, food, establishment",A
Bubbles Home Made Food,"J892+HXX, Oluwole Olaniyan St, Lagos",6.619015,3.3024649,"restaurant, point_of_interest, food, establishment",A
Motunrayo Fast Food,"64 Oshundairo St, Lagos",6.619393,3.3053965,"restaurant, point_of_interest, food, establishment",A
Mama Mani Food Stuff,"4 Odutola St, Lagos",6.605693,3.2945483,"restaurant, point_of_interest, food, establishment",A
Food City,"9 Kolawole St, Lagos",6.619769,3.3085167,"restaurant, point_of_interest, food, establishment",A
God's Love Restaurant ️,"28 Olorun Adaba St, Lagos",6.606433,3.2966781,"restaurant, point_of_interest, food, establishment",A
Yinka Ayomide Food Bank,"5 Raji Oba St, opp. CANNAN LAND, Lagos",6.610351,3.295754,"restaurant, point_of_interest, food, establishment",A
Khadee spicy restaurant,"87 Yaba Ln, Lagos",6.618725,3.3001701,"restaurant, point_of_interest, food, establishment",A
Xtabel buka,"7 Adeboye Solanke Ave, Ikeja",6.603037,3.3523623,"restaurant, point_of_interest, food, establishment",A
"The Place Restaurant, Alausa","2 Kafi St, Lagos",6.614059,3.3565981,"restaurant, point_of_interest, food, establishment",A
Dee All Nation Kitchen &Bar,"16 Ola Ayeni St, Ikeja",6.594605,3.3407717,"restaurant, point_of_interest, food, establishment",A
Belly Mattaz Restaurant,"Off Lewis Street, Pen Cinema, 15 Sunmonu St, Lagos",6.627458,3.3243,"restaurant, point_of_interest, food, establishment",A
Oreoluwa Restaurant,"Pen Cinema, 85 Old Abeokuta Rd, Lagos",6.625193,3.3234904,"restaurant, point_of_interest, food, establishment",A
Oluchi Restaurant,"9 Amoo St, Lagos",6.625846,3.3211614,"restaurant, point_of_interest, food, establishment",A
Amanda Restaurant,"8, Balogun Road, by Omo-onile street, Iju Ishaga Rd, Lagos",6.627269,3.3245917,"restaurant, point_of_interest, food, establishment",A
God's Grace Restaurant,"Oba Ogunji Rd, Ikeja",6.627251,3.3229224,"restaurant, point_of_interest, food, establishment",A
Madam Bestway Restaurant,"J8FF+XMJ, Agunbiade St, Lagos",6.624967,3.324136,"restaurant, point_of_interest, food, establishment",A
Olasheu Foods,Lagos,6.622385,3.3291383,"restaurant, point_of_interest, food, establishment",A
Osmo Food Canteen,"12 Nepaline St, Lagos",6.620618,3.3324525,"restaurant, point_of_interest, food, establishment",A
Bb Food Canteen,"4 Amara Olu St, Ikeja",6.626546,3.3552632,"restaurant, point_of_interest, food, establishment",A
Amazonas Restaurant Ikeja,"50B Abba Johnson Cres, Ikeja",6.611561,3.3472651,"restaurant, point_of_interest, food, establishment",A
Two Short Restaurant & Bar,"J83W+445, Ikeja",6.602708,3.3454221,"restaurant, point_of_interest, food, establishment",A
Md Food Canteen,"17 Makinde St, Ikeja",6.610388,3.3559035,"restaurant, point_of_interest, food, establishment",A
Goat Hunters Restaurant,"3 Adeleke St, Ikeja",6.60112,3.351371,"restaurant, point_of_interest, food, establishment",A
Spices Restaurant,"9 Obafemi Awolowo Wy, Ikeja",6.614295,3.3578504,"restaurant, point_of_interest, food, establishment",A
Simi D'cuisinier,"2C Musili Street Old, Oko-Oba Rd, Lagos",6.634746,3.3127483,"restaurant, point_of_interest, food, establishment",A
Chockit Delicacy,"Millenium Housing Estate, Arigbanla St, Agege",6.626896,3.305088,"restaurant, point_of_interest, food, establishment",A
Meat’N’Grillz Lagos,"39 Wale Famutimi Way, Lagos",6.633615,3.2897377,"restaurant, point_of_interest, food, establishment",A
Ore- Ofe Isheda Aiku Food Carteen,"98 Ekoro Rd, Lagos",6.645503,3.2943919,"restaurant, point_of_interest, food, establishment",A
Chicken Republic - Abule Egba,"Old Abeokuta Rd, Lagos",6.64784,3.3076833,"restaurant, point_of_interest, food, establishment",A
Iya Tomiwa Restaurant,"J8PP+C82, Kayode St, Lagos",6.635984,3.3358112,"restaurant, point_of_interest, food, establishment",A
Cyril's foods (THE JOLLOF FACTORY),"26 College Rd, Lagos",6.639766,3.3323552,"restaurant, point_of_interest, food, establishment",A
ounje restaurant,"47 College Rd, Lagos",6.640605,3.3313568,"restaurant, point_of_interest, food, establishment",A
Excel Canteen,"8 Akinfenwa St, Ikeja",6.63273,3.3398913,"restaurant, point_of_interest, food, establishment",A
Danoch Foods,"12 Kayode St, Lagos",6.634257,3.3369754,"restaurant, point_of_interest, food, establishment",A
SEMAKO Restaurant,"24 Shonola St, Lagos",6.63742,3.3451116,"restaurant, point_of_interest, food, establishment",A
Chicken Republic,"Mobil Filling Station, Ijaiye Rd, Lagos",6.626966,3.3372693,"restaurant, point_of_interest, food, establishment",A
Precious Foods Restaurant,"26 Ijaiye Rd, Lagos",6.630494,3.3391431,"restaurant, point_of_interest, food, establishment",A
TASTY RESTURANT AND BAR,"16 Thomas Salako St, Ikeja",6.633029,3.3408773,"restaurant, point_of_interest, food, establishment",A
Big Brother's Cafe,Lagos,6.634872,3.3429467,"restaurant, point_of_interest, food, establishment",A
Twist Restaurant,"42 Budland St, Ikeja",6.640319,3.3574251,"restaurant, point_of_interest, food, establishment",A
ALWAYS NICE MEAL,"No 8,alhaji sekoni street ojodu Berger lagos, Berger",6.645432,3.3713123,"restaurant, point_of_interest, food, establishment",A
Mama Joy Restaurant,"22 Obafalabi St, Ojodu",6.641872,3.3667862,"restaurant, point_of_interest, food, establishment",A
QUEEN Restaurant,"13 Akinsanya St, Ojodu",6.640863,3.3639406,"restaurant, point_of_interest, food, establishment",A
Carmine23 Cuisine,"50 Nob-Oluwa St, Ikeja",6.632631,3.3454252,"restaurant, point_of_interest, food, establishment",A
De Classick Kitchen Restaurant & Bar,"15 Oyatogun St, Lagos",6.643276,3.3471589,"restaurant, point_of_interest, food, establishment",A
TASTEE Front,"16 Kosoko Street, Ojodu Berger, Lagos",6.641971,3.368958,"restaurant, point_of_interest, food, establishment",A
Annie's Shawarma Spot,"J9R8+R9H, Aina St, Lagos",6.642065,3.3659752,"restaurant, point_of_interest, food, establishment",A
Mano's Delight,"2 Moses Ogungbeye St, Lagos",6.629303,3.3757957,"restaurant, point_of_interest, food, establishment",A
MR Chickens,"Adejokun St, Lagos",6.638787,3.3771758,"restaurant, point_of_interest, food, establishment",A
Mama Restaurant,"3 Pipeline Rd, Lagos",6.65465,3.320393,"restaurant, point_of_interest, food, establishment",A
Henrrick Restaurant,"Shop No. 4, Dafam Complex, Oke Odo, Alimoshu, Ile - Epo, 11 Old Otta Rd, Lagos",6.635664,3.3006926,"restaurant, point_of_interest, food, establishment",A
Gloria Restaurant,"11 Iju Rd, Lagos",6.643241,3.3242263,"restaurant, point_of_interest, food, establishment",A
MAMA COLINS FOOD,"NO 1, ADEBOWALE STREET OJODU, LAGOS BERGER",6.648176,3.3620564,"restaurant, point_of_interest, food, establishment",A
Ma Dish Restaurant,"Ikeja Local Government Ojodu Berger Lagos NG, 37 Yakoyo Rd, Lagos",6.651677,3.3580842,"restaurant, point_of_interest, food, establishment",A
"CREAMYFIELD SUPERMARKET, RESTAURANT AND BAKERY","65 Yakoyo Rd, Ojodu",6.65341,3.3569103,"restaurant, point_of_interest, food, establishment",A
THE LIVING FROZEN FOOD,"No 9,alhaji Ajayii street off saboo bus stop ojodu Berger lagos, Berger",6.650458,3.3604135,"restaurant, point_of_interest, food, establishment",A
Sabroso Food,"2 Agbedina St, Lagos",6.653614,3.3560177,"restaurant, point_of_interest, food, establishment",A
Jibis kitchen,"1 Tijani Bello St, Ojodu Berger",6.640305,3.3607998,"restaurant, point_of_interest, food, establishment",A
SMILY'S KITCHEN,"M92R+Q6M Sparklight Estate, Ojodu Berger",6.651903,3.3905648,"restaurant, point_of_interest, food, establishment",A
Clean Bubble,"42 Babajide Awolesi Ave, Lagos",6.63691,3.3899613,"restaurant, point_of_interest, food, establishment",A
Maroccaine Restaurant and Bar,"317B Akin Ogunlewe street, off Ligali Ayorinde St, Lagos",6.426064,3.4394412,"restaurant, point_of_interest, food, establishment",E
Locale,"2 Saka Jojo St, Lagos",6.427305,3.4123409,"restaurant, point_of_interest, food, establishment",E
Kebab House,"299 Akin Olugbade St, Lagos",6.43118,3.4198886,"restaurant, point_of_interest, food, establishment",E
Indomie Cafe VI,"3 Idowu Martins St, Lagos",6.431427,3.4195089,"restaurant, point_of_interest, food, establishment",E
"Rococo Restaurant, Lounge & Club","1C Ozumba Mbadiwe Ave, Lagos",6.436692,3.4149598,"restaurant, point_of_interest, food, establishment",E
Umutu Restaurant,"27A Oju Olobun Cl, Lagos",6.424922,3.4151967,"restaurant, point_of_interest, food, establishment",E
Vici,"106A Anifowoshe St, Lagos",6.432691,3.4152327,"restaurant, point_of_interest, food, establishment",E
Dera Signature Restaurant,"13B Saka Tinubu St, Lagos",6.427225,3.4183666,"restaurant, point_of_interest, food, establishment",E
Yellow Chilli Victoria Island Lagos,"Bishop Oluwole Street, 27 Oju Olobun Cl, Lagos",6.424981,3.4152556,"restaurant, point_of_interest, food, establishment",E
Cafeteria Nigeria,"16 Akin Adesola St, Lagos",6.428301,3.4241438,"restaurant, point_of_interest, food, establishment",E
Genesis Restaurant,"54A Adeola Odeku St, beside MTN, Lagos",6.42894,3.4224494,"restaurant, point_of_interest, food, establishment",E
Nela Restaurant and Lounge,"634, Akin Adesola Victoria Island, Lagos",6.430588,3.4239858,"restaurant, point_of_interest, food, establishment",E
Gras Restaurant Lagos,"65 Adeola Odeku St, Lagos",6.429626,3.4215985,"restaurant, point_of_interest, food, establishment",E
GOSSIP KITCHEN AND BAR,"9A Oko Awo St, Lagos",6.428511,3.4284492,"restaurant, point_of_interest, food, establishment",E
Tasty Bukka,"1-9 Engineering Close, Lagos",6.433636,3.4262651,"restaurant, point_of_interest, food, establishment",E
Vintage Restaurant,"22, Victoria Island, Lagos",6.428069,3.4219452,"restaurant, point_of_interest, food, establishment",E
Lafric Restaurant,"27 Karimu Kotun St, Lagos",6.430169,3.425383,"restaurant, point_of_interest, food, establishment",E
Ocean Basket Victoria Island,"35 Akin Adesola St, Lagos",6.424857,3.4235608,"restaurant, point_of_interest, food, establishment",E
Kapadoccia Lagos,"22 Idowu Taylor St, Lagos",6.433089,3.4268009,"restaurant, point_of_interest, food, establishment",E
Thai Restaurant,"11, 9 Kasumu Ekemode St, Lagos",6.42593,3.4224017,"restaurant, point_of_interest, food, establishment",E
Coastal Restaurant,"CCFC+GWH, Bishop Oluwole St, Lagos",6.423803,3.4223646,"restaurant, point_of_interest, food, establishment",E
Natives Restaurant & lounge,"4 Adeyemo Alakija St, Lagos",6.431989,3.4249553,"restaurant, point_of_interest, food, establishment",E
Sketch Restaurant Lagos,"5 Adeola Hopewell St, Lagos",6.432072,3.4290376,"restaurant, point_of_interest, food, establishment",E
NOK by Alara,"12A Akin Olugbade St, Lagos",6.430617,3.4213506,"restaurant, point_of_interest, food, establishment",E
Yasmin Al Sham,"1384 Tiamiyu Savage St, Lagos",6.426969,3.427566,"restaurant, point_of_interest, food, establishment",E
Chief Delight Restaurant,"14 Bornu Cres, Lagos",6.440195,3.3664022,"restaurant, point_of_interest, food, establishment",E
Eleba Restaurant & lounge,"18 Ware House Rd, Lagos",6.439932,3.3695681,"restaurant, point_of_interest, food, establishment",E
Meat Solution Kibbab,"32 Ado Ave, Lagos",6.442338,3.3722382,"restaurant, point_of_interest, food, establishment",E
Ifeoma kitchen,"4 Ado Ave, off Zeek Avenue, Lagos",6.442786,3.3728545,"restaurant, point_of_interest, food, establishment",E
Shawarma Time,"36 Bornu Cres, Lagos",6.439422,3.3668155,"restaurant, point_of_interest, food, establishment",E
All in one Restaurant and Bar,"C9V9+MJC, Randle Cres, Lagos",6.444196,3.3690095,"restaurant, point_of_interest, food, establishment",E
Smile Cuisine,"Ground floor, Leo block, Eleganza Building, 1 Commercial Rd, Lagos",6.442486,3.3732205,"restaurant, point_of_interest, food, establishment",E
Arewa African Cuisine,"11 Randle Rd, Lagos",6.443202,3.3689199,"restaurant, point_of_interest, food, establishment",E
GEEKAS,"4 Calcutta Cres, Lagos",6.441171,3.3674009,"restaurant, point_of_interest, food, establishment",E
Mama Junior Canteen,"C9Q9+CXJ, Burma Rd, Lagos",6.438608,3.3698886,"restaurant, point_of_interest, food, establishment",E
Destiny Stomach Care,"5 Ado Ave, Lagos",6.442972,3.3715218,"restaurant, point_of_interest, food, establishment",E
De Tastee Fried Chicken,"50 Ware House Rd, Lagos",6.438479,3.3649672,"restaurant, point_of_interest, food, establishment",E
Cks International Limited(Tasty Cubes),"6 Sapele Road, Lagos",6.438685,3.3766552,"restaurant, point_of_interest, food, establishment",E
La megga restaurant,"61 Kofo Abayomi Ave, Lagos",6.442754,3.3702254,"restaurant, point_of_interest, food, establishment",E
LUKROT AFRICAN FOODS,"local government, 12 Wharf, Road, off Itapeju St, Lagos",6.445376,3.3726095,"restaurant, point_of_interest, food, establishment",E
宮廷酒店 Palace chinese Restaurant,"3-15 Ede St, Lagos",6.443828,3.3707059,"restaurant, point_of_interest, food, establishment",E
FAMILY GOURMET RESTAURANT,"8B, MADUIKE STREET, OFF Raymond Njoku St, Lagos",6.440638,3.4193063,"restaurant, point_of_interest, food, establishment",E
100 Hours,"100 Awolowo Rd, Lagos",6.441748,3.4171757,"restaurant, point_of_interest, food, establishment",E
Ofada Hut Ikoyi Lagos,"110 Awolowo Rd, Lagos",6.441856,3.4180398,"restaurant, point_of_interest, food, establishment",E
Onje,"50 Awolowo Rd, Lagos",6.44209,3.4136208,"restaurant, point_of_interest, food, establishment",E
Mr Chang,"126 Awolowo Rd, Lagos",6.442044,3.4191216,"restaurant, point_of_interest, food, establishment",E
Churrasco,"1C Ozumba Mbadiwe Ave, Lagos",6.43726,3.4147996,"restaurant, point_of_interest, food, establishment",E
Favour Restaurant,"No. 15 A, Awolowo Rd, Lagos",6.443109,3.4217,"restaurant, point_of_interest, food, establishment",E
Firewood Jollof,"10 Admiralty Wy, Lagos",6.440137,3.4555492,"restaurant, point_of_interest, food, establishment",E
Pearl Garden 明珠楼,"7 Tiamiyu Savage St, Lagos",6.426164,3.4281324,"restaurant, point_of_interest, food, establishment",E
Domino's Pizza Ajose,"1A Ajose Adeogun St, Lagos",6.430157,3.440842,"restaurant, point_of_interest, food, establishment",E
Eko Kitchen,"8c Layi Yusuf Cresent, Lagos",6.438525,3.4554846,"restaurant, point_of_interest, food, establishment",E
Oriental Garden Chinese Restaurant,"Lagos Oriental Hotel, Lagos",6.435958,3.4442363,"restaurant, point_of_interest, food, establishment",E
Estoria Restaurant,"3 Baajiki Cl, Lagos",6.438836,3.4588065,"restaurant, point_of_interest, food, establishment",E
ORANGUTAN RESTAURANT &LOUNGE,"Plot 26 Prince Adelowo Adedeji Street, off Admiralty Wy, Lekki",6.442632,3.4575596,"restaurant, point_of_interest, food, establishment",E
Food Court Menu,"Phase 1, Local Government, Dew International Complex, 2nd Floor, 58B Omorire Johnson Street, Lekki, 2nd Roundabout, Lagos",6.436602,3.4638346,"restaurant, point_of_interest, food, establishment",E
Trentinos Bar And Restaurant,"45b Adebayo Doherty Rd, Lagos",6.439564,3.4643278,"restaurant, point_of_interest, food, establishment",E
Yakoyo Abula Joint,"6 Otunba Adedoyin Ogungbe Cres, Lekki",6.435704,3.4566553,"restaurant, point_of_interest, food, establishment",E
WuTong Chinese Restaurant (梧桐苑中国餐厅),"Local Government, 9A Ayo Jagun St, Lagos",6.438124,3.4607135,"restaurant, point_of_interest, food, establishment",E
02 SPAGHETTI AND FOODs,"47 Bamgbose St, Lagos",6.453154,3.3922388,"restaurant, point_of_interest, food, establishment",E
"J&J One for All Restaurant, Bar, Carwash, Barbing and Hairdressing Saloon","18 A Point Rd, Lagos",6.450574,3.3634985,"restaurant, point_of_interest, food, establishment",B
All Spice Foods Buka,"37 Marina Rd, Lagos",6.452252,3.3872116,"restaurant, point_of_interest, food, establishment",E
Sarom Restaurant,"34 Bamgbose St, Lagos",6.453534,3.3911409,"restaurant, point_of_interest, food, establishment",E
Karma Restaurant,"17 Burma Rd, Lagos",6.437915,3.369569,"restaurant, point_of_interest, food, establishment",E
Food O’Clock,"Mandilas car park, 75/77 Broad St, beside tantalizer, Lagos",6.454673,3.3869842,"restaurant, point_of_interest, food, establishment",E
DEHSIRE BRIGHT,"31 Mobolaji Bank Anthony St, Lagos",6.452254,3.3966726,"restaurant, point_of_interest, food, establishment",E
Isha’s delight,"campus staduim, Igbosere Rd, Campus, opp. MRS fueling station, Lagos",6.450491,3.4001503,"restaurant, point_of_interest, food, establishment",E
Absolute Dees' Kitchen,"119 Igbosere Rd, Lagos",6.450839,3.3989975,"restaurant, point_of_interest, food, establishment",E
Chicken Republic,"Oando Filling Station, Marina Rd, Lagos",6.453135,3.3851761,"restaurant, point_of_interest, food, establishment",E
Sun Gas Food Canteen,"160 Bamgbose St, Lagos",6.451943,3.397121,"restaurant, point_of_interest, food, establishment",E
Salhaz Grills & Food,"Plot32 Inuwa Dutse Road Karkasara, Kano, Kano",6.4474,3.3903,"restaurant, point_of_interest, food, establishment",E
Manna's Restaurant,"Western House, 8/10 Broad St, Lagos",6.453337,3.3897019,"restaurant, point_of_interest, food, establishment",E
The Seetle,"9 Keffi street, off Awolowo Rd, Lagos",6.444408,3.4153879,"restaurant, point_of_interest, food, establishment",E
Amoke Oge Food Centre,"95-59 Moshalashi St, Lagos",6.448179,3.4135938,"restaurant, point_of_interest, food, establishment",E
Zoe's Bistro,"33 Glover Rd, Lagos",6.45383,3.4325694,"restaurant, point_of_interest, food, establishment",E
LH Privé dining Room,"39F Rumens Rd, Lagos",6.446404,3.4306464,"restaurant, point_of_interest, food, establishment",E
"Quays Lagos | Best And Affordable Restaurants in Lekki Phase 1, Lagos Nigeria","3 Tokunbo Omisore St, Lekki",6.448113,3.4562744,"restaurant, point_of_interest, food, establishment",E
Terraform Bar and Restaurant,"14 Wole Olateju Crescent Lekki, 14 Wole Olateju Cres, Lagos",6.446253,3.4537371,"restaurant, point_of_interest, food, establishment",E
The Angler Restaurant,"Wole Olateju Cres, off Admiralty Way, Eti Osa",6.447444,3.4537904,"restaurant, point_of_interest, food, establishment",E
Goodla restaurant 好辣饭馆,"15b Wole Olateju Cres, Lagos",6.448588,3.4573221,"restaurant, point_of_interest, food, establishment",E
ABC Food Store,"Admiralty Wy, Lagos",6.446639,3.4609941,"restaurant, point_of_interest, food, establishment",E
L'afric Restaurant and Bar,"1 Adeola Hopewell St, Lagos",6.457631,3.469685,"restaurant, point_of_interest, food, establishment",E
Sekem Kitchen,"16B Bashorun R.I. Okusanya Ave, Lekki",6.448568,3.4721764,"restaurant, point_of_interest, food, establishment",E
Primi Piatti Italian Restaurant,"1c Admiralty Way, Lagos",6.459937,3.4718409,"restaurant, point_of_interest, food, establishment",E
Brass & Copper,"No 1 Olubunmi Owa St, Lagos",6.445964,3.470888,"restaurant, point_of_interest, food, establishment",E
Tasty As Usual,"2 Wole Olateju Cres, Lagos",6.449028,3.4563581,"restaurant, point_of_interest, food, establishment",E
CIRCA NON PAREIL,"12e Admiralty Wy, Lekki",6.447468,3.4643525,"restaurant, point_of_interest, food, establishment",E
BarAngular,"1 Ogbunike St, Lagos",6.447859,3.4573161,"restaurant, point_of_interest, food, establishment",E
IME’S KITCHEN,"Block 52 Kosofe Rd, Lagos",6.455373,3.4120711,"restaurant, point_of_interest, food, establishment",E
Cycatering services,"IGANDO, 35, By orilowo ejigbo, 3 rasaki tijan street, Araromi St, Lagos",6.552569,3.2983944,"restaurant, point_of_interest, food, store, establishment",A
African Pasta Hub,"Lanre Awolokun St, Lagos",6.547299,3.3959812,"restaurant, store, food, point_of_interest, establishment",D